mtllib PLGA_microsphere_drug_release_model.mtl
v 0.00000 0.00000 2.50000
v 0.00000 0.00000 2.50000
v 0.00000 0.00000 2.50000
v 0.00000 0.00000 2.50000
v 0.00000 0.00000 2.50000
v 0.00000 0.00000 2.50000
v 0.00000 0.00000 2.50000
v 0.00000 0.00000 2.50000
v 0.00000 0.00000 2.50000
v 0.00000 0.00000 2.50000
v 0.00000 0.00000 2.50000
v 0.00000 0.00000 2.50000
v 0.00000 0.00000 2.50000
v 0.00000 0.00000 2.50000
v 0.00000 0.00000 2.50000
v 0.00000 0.00000 2.50000
v 0.77254 0.00000 2.37764
v 0.71374 0.29564 2.37764
v 0.54627 0.54627 2.37764
v 0.29564 0.71374 2.37764
v 0.00000 0.77254 2.37764
v -0.29564 0.71374 2.37764
v -0.54627 0.54627 2.37764
v -0.71374 0.29564 2.37764
v -0.77254 0.00000 2.37764
v -0.71374 -0.29564 2.37764
v -0.54627 -0.54627 2.37764
v -0.29564 -0.71374 2.37764
v -0.00000 -0.77254 2.37764
v 0.29564 -0.71374 2.37764
v 0.54627 -0.54627 2.37764
v 0.71374 -0.29564 2.37764
v 1.46946 0.00000 2.02254
v 1.35761 0.56234 2.02254
v 1.03907 1.03907 2.02254
v 0.56234 1.35761 2.02254
v 0.00000 1.46946 2.02254
v -0.56234 1.35761 2.02254
v -1.03907 1.03907 2.02254
v -1.35761 0.56234 2.02254
v -1.46946 0.00000 2.02254
v -1.35761 -0.56234 2.02254
v -1.03907 -1.03907 2.02254
v -0.56234 -1.35761 2.02254
v -0.00000 -1.46946 2.02254
v 0.56234 -1.35761 2.02254
v 1.03907 -1.03907 2.02254
v 1.35761 -0.56234 2.02254
v 2.02254 0.00000 1.46946
v 1.86859 0.77399 1.46946
v 1.43015 1.43015 1.46946
v 0.77399 1.86859 1.46946
v 0.00000 2.02254 1.46946
v -0.77399 1.86859 1.46946
v -1.43015 1.43015 1.46946
v -1.86859 0.77399 1.46946
v -2.02254 0.00000 1.46946
v -1.86859 -0.77399 1.46946
v -1.43015 -1.43015 1.46946
v -0.77399 -1.86859 1.46946
v -0.00000 -2.02254 1.46946
v 0.77399 -1.86859 1.46946
v 1.43015 -1.43015 1.46946
v 1.86859 -0.77399 1.46946
v 2.37764 0.00000 0.77254
v 2.19665 0.90988 0.77254
v 1.68125 1.68125 0.77254
v 0.90988 2.19665 0.77254
v 0.00000 2.37764 0.77254
v -0.90988 2.19665 0.77254
v -1.68125 1.68125 0.77254
v -2.19665 0.90988 0.77254
v -2.37764 0.00000 0.77254
v -2.19665 -0.90988 0.77254
v -1.68125 -1.68125 0.77254
v -0.90988 -2.19665 0.77254
v -0.00000 -2.37764 0.77254
v 0.90988 -2.19665 0.77254
v 1.68125 -1.68125 0.77254
v 2.19665 -0.90988 0.77254
v 2.50000 0.00000 0.00000
v 2.30970 0.95671 0.00000
v 1.76777 1.76777 0.00000
v 0.95671 2.30970 0.00000
v 0.00000 2.50000 0.00000
v -0.95671 2.30970 0.00000
v -1.76777 1.76777 0.00000
v -2.30970 0.95671 0.00000
v -2.50000 0.00000 0.00000
v -2.30970 -0.95671 0.00000
v -1.76777 -1.76777 0.00000
v -0.95671 -2.30970 0.00000
v -0.00000 -2.50000 0.00000
v 0.95671 -2.30970 0.00000
v 1.76777 -1.76777 0.00000
v 2.30970 -0.95671 0.00000
v 2.37764 0.00000 -0.77254
v 2.19665 0.90988 -0.77254
v 1.68125 1.68125 -0.77254
v 0.90988 2.19665 -0.77254
v 0.00000 2.37764 -0.77254
v -0.90988 2.19665 -0.77254
v -1.68125 1.68125 -0.77254
v -2.19665 0.90988 -0.77254
v -2.37764 0.00000 -0.77254
v -2.19665 -0.90988 -0.77254
v -1.68125 -1.68125 -0.77254
v -0.90988 -2.19665 -0.77254
v -0.00000 -2.37764 -0.77254
v 0.90988 -2.19665 -0.77254
v 1.68125 -1.68125 -0.77254
v 2.19665 -0.90988 -0.77254
v 2.02254 0.00000 -1.46946
v 1.86859 0.77399 -1.46946
v 1.43015 1.43015 -1.46946
v 0.77399 1.86859 -1.46946
v 0.00000 2.02254 -1.46946
v -0.77399 1.86859 -1.46946
v -1.43015 1.43015 -1.46946
v -1.86859 0.77399 -1.46946
v -2.02254 0.00000 -1.46946
v -1.86859 -0.77399 -1.46946
v -1.43015 -1.43015 -1.46946
v -0.77399 -1.86859 -1.46946
v -0.00000 -2.02254 -1.46946
v 0.77399 -1.86859 -1.46946
v 1.43015 -1.43015 -1.46946
v 1.86859 -0.77399 -1.46946
v 1.46946 0.00000 -2.02254
v 1.35761 0.56234 -2.02254
v 1.03907 1.03907 -2.02254
v 0.56234 1.35761 -2.02254
v 0.00000 1.46946 -2.02254
v -0.56234 1.35761 -2.02254
v -1.03907 1.03907 -2.02254
v -1.35761 0.56234 -2.02254
v -1.46946 0.00000 -2.02254
v -1.35761 -0.56234 -2.02254
v -1.03907 -1.03907 -2.02254
v -0.56234 -1.35761 -2.02254
v -0.00000 -1.46946 -2.02254
v 0.56234 -1.35761 -2.02254
v 1.03907 -1.03907 -2.02254
v 1.35761 -0.56234 -2.02254
v 0.77254 0.00000 -2.37764
v 0.71374 0.29564 -2.37764
v 0.54627 0.54627 -2.37764
v 0.29564 0.71374 -2.37764
v 0.00000 0.77254 -2.37764
v -0.29564 0.71374 -2.37764
v -0.54627 0.54627 -2.37764
v -0.71374 0.29564 -2.37764
v -0.77254 0.00000 -2.37764
v -0.71374 -0.29564 -2.37764
v -0.54627 -0.54627 -2.37764
v -0.29564 -0.71374 -2.37764
v -0.00000 -0.77254 -2.37764
v 0.29564 -0.71374 -2.37764
v 0.54627 -0.54627 -2.37764
v 0.71374 -0.29564 -2.37764
v 0.00000 0.00000 -2.50000
v 0.00000 0.00000 -2.50000
v 0.00000 0.00000 -2.50000
v 0.00000 0.00000 -2.50000
v 0.00000 0.00000 -2.50000
v -0.00000 0.00000 -2.50000
v -0.00000 0.00000 -2.50000
v -0.00000 0.00000 -2.50000
v -0.00000 0.00000 -2.50000
v -0.00000 -0.00000 -2.50000
v -0.00000 -0.00000 -2.50000
v -0.00000 -0.00000 -2.50000
v -0.00000 -0.00000 -2.50000
v 0.00000 -0.00000 -2.50000
v 0.00000 -0.00000 -2.50000
v 0.00000 -0.00000 -2.50000
v -0.09155 0.56690 0.71908
v -0.09155 0.56690 0.71908
v -0.09155 0.56690 0.71908
v -0.09155 0.56690 0.71908
v -0.09155 0.56690 0.71908
v -0.09155 0.56690 0.71908
v -0.09155 0.56690 0.71908
v -0.09155 0.56690 0.71908
v -0.09155 0.56690 0.71908
v -0.09155 0.56690 0.71908
v -0.09155 0.56690 0.71908
v -0.09155 0.56690 0.71908
v -0.09155 0.56690 0.71908
v -0.09155 0.56690 0.71908
v -0.09155 0.56690 0.71908
v -0.09155 0.56690 0.71908
v -0.05446 0.56690 0.71320
v -0.05729 0.58109 0.71320
v -0.06532 0.59312 0.71320
v -0.07735 0.60116 0.71320
v -0.09155 0.60398 0.71320
v -0.10574 0.60116 0.71320
v -0.11777 0.59312 0.71320
v -0.12580 0.58109 0.71320
v -0.12863 0.56690 0.71320
v -0.12580 0.55271 0.71320
v -0.11777 0.54068 0.71320
v -0.10574 0.53264 0.71320
v -0.09155 0.52982 0.71320
v -0.07735 0.53264 0.71320
v -0.06532 0.54068 0.71320
v -0.05729 0.55271 0.71320
v -0.02101 0.56690 0.69616
v -0.02638 0.59389 0.69616
v -0.04167 0.61678 0.69616
v -0.06455 0.63207 0.69616
v -0.09155 0.63744 0.69616
v -0.11854 0.63207 0.69616
v -0.14142 0.61678 0.69616
v -0.15671 0.59389 0.69616
v -0.16208 0.56690 0.69616
v -0.15671 0.53991 0.69616
v -0.14142 0.51703 0.69616
v -0.11854 0.50174 0.69616
v -0.09155 0.49637 0.69616
v -0.06455 0.50174 0.69616
v -0.04167 0.51703 0.69616
v -0.02638 0.53991 0.69616
v 0.00554 0.56690 0.66961
v -0.00185 0.60405 0.66961
v -0.02290 0.63555 0.66961
v -0.05439 0.65659 0.66961
v -0.09155 0.66398 0.66961
v -0.12870 0.65659 0.66961
v -0.16019 0.63555 0.66961
v -0.18124 0.60405 0.66961
v -0.18863 0.56690 0.66961
v -0.18124 0.52975 0.66961
v -0.16019 0.49825 0.66961
v -0.12870 0.47721 0.66961
v -0.09155 0.46982 0.66961
v -0.05439 0.47721 0.66961
v -0.02290 0.49825 0.66961
v -0.00185 0.52975 0.66961
v 0.02258 0.56690 0.63616
v 0.01389 0.61058 0.63616
v -0.01085 0.64760 0.63616
v -0.04787 0.67234 0.63616
v -0.09155 0.68103 0.63616
v -0.13522 0.67234 0.63616
v -0.17225 0.64760 0.63616
v -0.19698 0.61058 0.63616
v -0.20567 0.56690 0.63616
v -0.19698 0.52323 0.63616
v -0.17225 0.48620 0.63616
v -0.13522 0.46146 0.63616
v -0.09155 0.45277 0.63616
v -0.04787 0.46146 0.63616
v -0.01085 0.48620 0.63616
v 0.01389 0.52323 0.63616
v 0.02845 0.56690 0.59908
v 0.01932 0.61282 0.59908
v -0.00669 0.65175 0.59908
v -0.04562 0.67777 0.59908
v -0.09155 0.68690 0.59908
v -0.13747 0.67777 0.59908
v -0.17640 0.65175 0.59908
v -0.20241 0.61282 0.59908
v -0.21155 0.56690 0.59908
v -0.20241 0.52098 0.59908
v -0.17640 0.48205 0.59908
v -0.13747 0.45604 0.59908
v -0.09155 0.44690 0.59908
v -0.04562 0.45604 0.59908
v -0.00669 0.48205 0.59908
v 0.01932 0.52098 0.59908
v 0.02258 0.56690 0.56200
v 0.01389 0.61058 0.56200
v -0.01085 0.64760 0.56200
v -0.04787 0.67234 0.56200
v -0.09155 0.68103 0.56200
v -0.13522 0.67234 0.56200
v -0.17225 0.64760 0.56200
v -0.19698 0.61058 0.56200
v -0.20567 0.56690 0.56200
v -0.19698 0.52323 0.56200
v -0.17225 0.48620 0.56200
v -0.13522 0.46146 0.56200
v -0.09155 0.45277 0.56200
v -0.04787 0.46146 0.56200
v -0.01085 0.48620 0.56200
v 0.01389 0.52323 0.56200
v 0.00554 0.56690 0.52854
v -0.00185 0.60405 0.52854
v -0.02290 0.63555 0.52854
v -0.05439 0.65659 0.52854
v -0.09155 0.66398 0.52854
v -0.12870 0.65659 0.52854
v -0.16019 0.63555 0.52854
v -0.18124 0.60405 0.52854
v -0.18863 0.56690 0.52854
v -0.18124 0.52975 0.52854
v -0.16019 0.49825 0.52854
v -0.12870 0.47721 0.52854
v -0.09155 0.46982 0.52854
v -0.05439 0.47721 0.52854
v -0.02290 0.49825 0.52854
v -0.00185 0.52975 0.52854
v -0.02101 0.56690 0.50200
v -0.02638 0.59389 0.50200
v -0.04167 0.61678 0.50200
v -0.06455 0.63207 0.50200
v -0.09155 0.63744 0.50200
v -0.11854 0.63207 0.50200
v -0.14142 0.61678 0.50200
v -0.15671 0.59389 0.50200
v -0.16208 0.56690 0.50200
v -0.15671 0.53991 0.50200
v -0.14142 0.51703 0.50200
v -0.11854 0.50174 0.50200
v -0.09155 0.49637 0.50200
v -0.06455 0.50174 0.50200
v -0.04167 0.51703 0.50200
v -0.02638 0.53991 0.50200
v -0.05446 0.56690 0.48495
v -0.05729 0.58109 0.48495
v -0.06532 0.59312 0.48495
v -0.07735 0.60116 0.48495
v -0.09155 0.60398 0.48495
v -0.10574 0.60116 0.48495
v -0.11777 0.59312 0.48495
v -0.12580 0.58109 0.48495
v -0.12863 0.56690 0.48495
v -0.12580 0.55271 0.48495
v -0.11777 0.54068 0.48495
v -0.10574 0.53264 0.48495
v -0.09155 0.52982 0.48495
v -0.07735 0.53264 0.48495
v -0.06532 0.54068 0.48495
v -0.05729 0.55271 0.48495
v -0.09155 0.56690 0.47908
v -0.09155 0.56690 0.47908
v -0.09155 0.56690 0.47908
v -0.09155 0.56690 0.47908
v -0.09155 0.56690 0.47908
v -0.09155 0.56690 0.47908
v -0.09155 0.56690 0.47908
v -0.09155 0.56690 0.47908
v -0.09155 0.56690 0.47908
v -0.09155 0.56690 0.47908
v -0.09155 0.56690 0.47908
v -0.09155 0.56690 0.47908
v -0.09155 0.56690 0.47908
v -0.09155 0.56690 0.47908
v -0.09155 0.56690 0.47908
v -0.09155 0.56690 0.47908
v -0.81343 1.11725 0.80613
v -0.81343 1.11725 0.80613
v -0.81343 1.11725 0.80613
v -0.81343 1.11725 0.80613
v -0.81343 1.11725 0.80613
v -0.81343 1.11725 0.80613
v -0.81343 1.11725 0.80613
v -0.81343 1.11725 0.80613
v -0.81343 1.11725 0.80613
v -0.81343 1.11725 0.80613
v -0.81343 1.11725 0.80613
v -0.81343 1.11725 0.80613
v -0.81343 1.11725 0.80613
v -0.81343 1.11725 0.80613
v -0.81343 1.11725 0.80613
v -0.81343 1.11725 0.80613
v -0.77634 1.11725 0.80026
v -0.77917 1.13144 0.80026
v -0.78721 1.14347 0.80026
v -0.79924 1.15151 0.80026
v -0.81343 1.15434 0.80026
v -0.82762 1.15151 0.80026
v -0.83965 1.14347 0.80026
v -0.84769 1.13144 0.80026
v -0.85051 1.11725 0.80026
v -0.84769 1.10306 0.80026
v -0.83965 1.09103 0.80026
v -0.82762 1.08299 0.80026
v -0.81343 1.08017 0.80026
v -0.79924 1.08299 0.80026
v -0.78721 1.09103 0.80026
v -0.77917 1.10306 0.80026
v -0.74289 1.11725 0.78322
v -0.74826 1.14425 0.78322
v -0.76355 1.16713 0.78322
v -0.78643 1.18242 0.78322
v -0.81343 1.18779 0.78322
v -0.84042 1.18242 0.78322
v -0.86330 1.16713 0.78322
v -0.87859 1.14425 0.78322
v -0.88396 1.11725 0.78322
v -0.87859 1.09026 0.78322
v -0.86330 1.06738 0.78322
v -0.84042 1.05209 0.78322
v -0.81343 1.04672 0.78322
v -0.78643 1.05209 0.78322
v -0.76355 1.06738 0.78322
v -0.74826 1.09026 0.78322
v -0.71634 1.11725 0.75667
v -0.72373 1.15440 0.75667
v -0.74478 1.18590 0.75667
v -0.77628 1.20695 0.75667
v -0.81343 1.21434 0.75667
v -0.85058 1.20695 0.75667
v -0.88207 1.18590 0.75667
v -0.90312 1.15440 0.75667
v -0.91051 1.11725 0.75667
v -0.90312 1.08010 0.75667
v -0.88207 1.04861 0.75667
v -0.85058 1.02756 0.75667
v -0.81343 1.02017 0.75667
v -0.77628 1.02756 0.75667
v -0.74478 1.04861 0.75667
v -0.72373 1.08010 0.75667
v -0.69930 1.11725 0.72322
v -0.70799 1.16093 0.72322
v -0.73273 1.19795 0.72322
v -0.76975 1.22269 0.72322
v -0.81343 1.23138 0.72322
v -0.85710 1.22269 0.72322
v -0.89413 1.19795 0.72322
v -0.91887 1.16093 0.72322
v -0.92755 1.11725 0.72322
v -0.91887 1.07358 0.72322
v -0.89413 1.03655 0.72322
v -0.85710 1.01181 0.72322
v -0.81343 1.00313 0.72322
v -0.76975 1.01181 0.72322
v -0.73273 1.03655 0.72322
v -0.70799 1.07358 0.72322
v -0.69343 1.11725 0.68613
v -0.70256 1.16317 0.68613
v -0.72857 1.20211 0.68613
v -0.76750 1.22812 0.68613
v -0.81343 1.23725 0.68613
v -0.85935 1.22812 0.68613
v -0.89828 1.20211 0.68613
v -0.92429 1.16317 0.68613
v -0.93343 1.11725 0.68613
v -0.92429 1.07133 0.68613
v -0.89828 1.03240 0.68613
v -0.85935 1.00639 0.68613
v -0.81343 0.99725 0.68613
v -0.76750 1.00639 0.68613
v -0.72857 1.03240 0.68613
v -0.70256 1.07133 0.68613
v -0.69930 1.11725 0.64905
v -0.70799 1.16093 0.64905
v -0.73273 1.19795 0.64905
v -0.76975 1.22269 0.64905
v -0.81343 1.23138 0.64905
v -0.85710 1.22269 0.64905
v -0.89413 1.19795 0.64905
v -0.91887 1.16093 0.64905
v -0.92755 1.11725 0.64905
v -0.91887 1.07358 0.64905
v -0.89413 1.03655 0.64905
v -0.85710 1.01181 0.64905
v -0.81343 1.00313 0.64905
v -0.76975 1.01181 0.64905
v -0.73273 1.03655 0.64905
v -0.70799 1.07358 0.64905
v -0.71634 1.11725 0.61560
v -0.72373 1.15440 0.61560
v -0.74478 1.18590 0.61560
v -0.77628 1.20695 0.61560
v -0.81343 1.21434 0.61560
v -0.85058 1.20695 0.61560
v -0.88207 1.18590 0.61560
v -0.90312 1.15440 0.61560
v -0.91051 1.11725 0.61560
v -0.90312 1.08010 0.61560
v -0.88207 1.04861 0.61560
v -0.85058 1.02756 0.61560
v -0.81343 1.02017 0.61560
v -0.77628 1.02756 0.61560
v -0.74478 1.04861 0.61560
v -0.72373 1.08010 0.61560
v -0.74289 1.11725 0.58905
v -0.74826 1.14425 0.58905
v -0.76355 1.16713 0.58905
v -0.78643 1.18242 0.58905
v -0.81343 1.18779 0.58905
v -0.84042 1.18242 0.58905
v -0.86330 1.16713 0.58905
v -0.87859 1.14425 0.58905
v -0.88396 1.11725 0.58905
v -0.87859 1.09026 0.58905
v -0.86330 1.06738 0.58905
v -0.84042 1.05209 0.58905
v -0.81343 1.04672 0.58905
v -0.78643 1.05209 0.58905
v -0.76355 1.06738 0.58905
v -0.74826 1.09026 0.58905
v -0.77634 1.11725 0.57201
v -0.77917 1.13144 0.57201
v -0.78721 1.14347 0.57201
v -0.79924 1.15151 0.57201
v -0.81343 1.15434 0.57201
v -0.82762 1.15151 0.57201
v -0.83965 1.14347 0.57201
v -0.84769 1.13144 0.57201
v -0.85051 1.11725 0.57201
v -0.84769 1.10306 0.57201
v -0.83965 1.09103 0.57201
v -0.82762 1.08299 0.57201
v -0.81343 1.08017 0.57201
v -0.79924 1.08299 0.57201
v -0.78721 1.09103 0.57201
v -0.77917 1.10306 0.57201
v -0.81343 1.11725 0.56613
v -0.81343 1.11725 0.56613
v -0.81343 1.11725 0.56613
v -0.81343 1.11725 0.56613
v -0.81343 1.11725 0.56613
v -0.81343 1.11725 0.56613
v -0.81343 1.11725 0.56613
v -0.81343 1.11725 0.56613
v -0.81343 1.11725 0.56613
v -0.81343 1.11725 0.56613
v -0.81343 1.11725 0.56613
v -0.81343 1.11725 0.56613
v -0.81343 1.11725 0.56613
v -0.81343 1.11725 0.56613
v -0.81343 1.11725 0.56613
v -0.81343 1.11725 0.56613
v 0.36525 0.20948 0.70076
v 0.36525 0.20948 0.70076
v 0.36525 0.20948 0.70076
v 0.36525 0.20948 0.70076
v 0.36525 0.20948 0.70076
v 0.36525 0.20948 0.70076
v 0.36525 0.20948 0.70076
v 0.36525 0.20948 0.70076
v 0.36525 0.20948 0.70076
v 0.36525 0.20948 0.70076
v 0.36525 0.20948 0.70076
v 0.36525 0.20948 0.70076
v 0.36525 0.20948 0.70076
v 0.36525 0.20948 0.70076
v 0.36525 0.20948 0.70076
v 0.36525 0.20948 0.70076
v 0.40233 0.20948 0.69488
v 0.39950 0.22367 0.69488
v 0.39147 0.23571 0.69488
v 0.37944 0.24374 0.69488
v 0.36525 0.24657 0.69488
v 0.35105 0.24374 0.69488
v 0.33902 0.23571 0.69488
v 0.33099 0.22367 0.69488
v 0.32816 0.20948 0.69488
v 0.33099 0.19529 0.69488
v 0.33902 0.18326 0.69488
v 0.35105 0.17522 0.69488
v 0.36525 0.17240 0.69488
v 0.37944 0.17522 0.69488
v 0.39147 0.18326 0.69488
v 0.39950 0.19529 0.69488
v 0.43578 0.20948 0.67784
v 0.43041 0.23648 0.67784
v 0.41512 0.25936 0.67784
v 0.39224 0.27465 0.67784
v 0.36525 0.28002 0.67784
v 0.33825 0.27465 0.67784
v 0.31537 0.25936 0.67784
v 0.30008 0.23648 0.67784
v 0.29471 0.20948 0.67784
v 0.30008 0.18249 0.67784
v 0.31537 0.15961 0.67784
v 0.33825 0.14432 0.67784
v 0.36525 0.13895 0.67784
v 0.39224 0.14432 0.67784
v 0.41512 0.15961 0.67784
v 0.43041 0.18249 0.67784
v 0.46233 0.20948 0.65129
v 0.45494 0.24664 0.65129
v 0.43389 0.27813 0.65129
v 0.40240 0.29918 0.65129
v 0.36525 0.30657 0.65129
v 0.32809 0.29918 0.65129
v 0.29660 0.27813 0.65129
v 0.27555 0.24664 0.65129
v 0.26816 0.20948 0.65129
v 0.27555 0.17233 0.65129
v 0.29660 0.14084 0.65129
v 0.32809 0.11979 0.65129
v 0.36525 0.11240 0.65129
v 0.40240 0.11979 0.65129
v 0.43389 0.14084 0.65129
v 0.45494 0.17233 0.65129
v 0.47937 0.20948 0.61784
v 0.47068 0.25316 0.61784
v 0.44595 0.29018 0.61784
v 0.40892 0.31492 0.61784
v 0.36525 0.32361 0.61784
v 0.32157 0.31492 0.61784
v 0.28455 0.29018 0.61784
v 0.25981 0.25316 0.61784
v 0.25112 0.20948 0.61784
v 0.25981 0.16581 0.61784
v 0.28455 0.12878 0.61784
v 0.32157 0.10404 0.61784
v 0.36525 0.09536 0.61784
v 0.40892 0.10404 0.61784
v 0.44595 0.12878 0.61784
v 0.47068 0.16581 0.61784
v 0.48525 0.20948 0.58076
v 0.47611 0.25541 0.58076
v 0.45010 0.29434 0.58076
v 0.41117 0.32035 0.58076
v 0.36525 0.32948 0.58076
v 0.31932 0.32035 0.58076
v 0.28039 0.29434 0.58076
v 0.25438 0.25541 0.58076
v 0.24525 0.20948 0.58076
v 0.25438 0.16356 0.58076
v 0.28039 0.12463 0.58076
v 0.31932 0.09862 0.58076
v 0.36525 0.08948 0.58076
v 0.41117 0.09862 0.58076
v 0.45010 0.12463 0.58076
v 0.47611 0.16356 0.58076
v 0.47937 0.20948 0.54367
v 0.47068 0.25316 0.54367
v 0.44595 0.29018 0.54367
v 0.40892 0.31492 0.54367
v 0.36525 0.32361 0.54367
v 0.32157 0.31492 0.54367
v 0.28455 0.29018 0.54367
v 0.25981 0.25316 0.54367
v 0.25112 0.20948 0.54367
v 0.25981 0.16581 0.54367
v 0.28455 0.12878 0.54367
v 0.32157 0.10404 0.54367
v 0.36525 0.09536 0.54367
v 0.40892 0.10404 0.54367
v 0.44595 0.12878 0.54367
v 0.47068 0.16581 0.54367
v 0.46233 0.20948 0.51022
v 0.45494 0.24664 0.51022
v 0.43389 0.27813 0.51022
v 0.40240 0.29918 0.51022
v 0.36525 0.30657 0.51022
v 0.32809 0.29918 0.51022
v 0.29660 0.27813 0.51022
v 0.27555 0.24664 0.51022
v 0.26816 0.20948 0.51022
v 0.27555 0.17233 0.51022
v 0.29660 0.14084 0.51022
v 0.32809 0.11979 0.51022
v 0.36525 0.11240 0.51022
v 0.40240 0.11979 0.51022
v 0.43389 0.14084 0.51022
v 0.45494 0.17233 0.51022
v 0.43578 0.20948 0.48367
v 0.43041 0.23648 0.48367
v 0.41512 0.25936 0.48367
v 0.39224 0.27465 0.48367
v 0.36525 0.28002 0.48367
v 0.33825 0.27465 0.48367
v 0.31537 0.25936 0.48367
v 0.30008 0.23648 0.48367
v 0.29471 0.20948 0.48367
v 0.30008 0.18249 0.48367
v 0.31537 0.15961 0.48367
v 0.33825 0.14432 0.48367
v 0.36525 0.13895 0.48367
v 0.39224 0.14432 0.48367
v 0.41512 0.15961 0.48367
v 0.43041 0.18249 0.48367
v 0.40233 0.20948 0.46663
v 0.39950 0.22367 0.46663
v 0.39147 0.23571 0.46663
v 0.37944 0.24374 0.46663
v 0.36525 0.24657 0.46663
v 0.35105 0.24374 0.46663
v 0.33902 0.23571 0.46663
v 0.33099 0.22367 0.46663
v 0.32816 0.20948 0.46663
v 0.33099 0.19529 0.46663
v 0.33902 0.18326 0.46663
v 0.35105 0.17522 0.46663
v 0.36525 0.17240 0.46663
v 0.37944 0.17522 0.46663
v 0.39147 0.18326 0.46663
v 0.39950 0.19529 0.46663
v 0.36525 0.20948 0.46076
v 0.36525 0.20948 0.46076
v 0.36525 0.20948 0.46076
v 0.36525 0.20948 0.46076
v 0.36525 0.20948 0.46076
v 0.36525 0.20948 0.46076
v 0.36525 0.20948 0.46076
v 0.36525 0.20948 0.46076
v 0.36525 0.20948 0.46076
v 0.36525 0.20948 0.46076
v 0.36525 0.20948 0.46076
v 0.36525 0.20948 0.46076
v 0.36525 0.20948 0.46076
v 0.36525 0.20948 0.46076
v 0.36525 0.20948 0.46076
v 0.36525 0.20948 0.46076
v -1.27691 -0.21580 -1.09584
v -1.27691 -0.21580 -1.09584
v -1.27691 -0.21580 -1.09584
v -1.27691 -0.21580 -1.09584
v -1.27691 -0.21580 -1.09584
v -1.27691 -0.21580 -1.09584
v -1.27691 -0.21580 -1.09584
v -1.27691 -0.21580 -1.09584
v -1.27691 -0.21580 -1.09584
v -1.27691 -0.21580 -1.09584
v -1.27691 -0.21580 -1.09584
v -1.27691 -0.21580 -1.09584
v -1.27691 -0.21580 -1.09584
v -1.27691 -0.21580 -1.09584
v -1.27691 -0.21580 -1.09584
v -1.27691 -0.21580 -1.09584
v -1.23983 -0.21580 -1.10171
v -1.24265 -0.20161 -1.10171
v -1.25069 -0.18958 -1.10171
v -1.26272 -0.18154 -1.10171
v -1.27691 -0.17872 -1.10171
v -1.29110 -0.18154 -1.10171
v -1.30313 -0.18958 -1.10171
v -1.31117 -0.20161 -1.10171
v -1.31399 -0.21580 -1.10171
v -1.31117 -0.22999 -1.10171
v -1.30313 -0.24202 -1.10171
v -1.29110 -0.25006 -1.10171
v -1.27691 -0.25288 -1.10171
v -1.26272 -0.25006 -1.10171
v -1.25069 -0.24202 -1.10171
v -1.24265 -0.22999 -1.10171
v -1.20638 -0.21580 -1.11876
v -1.21174 -0.18881 -1.11876
v -1.22703 -0.16593 -1.11876
v -1.24992 -0.15064 -1.11876
v -1.27691 -0.14527 -1.11876
v -1.30390 -0.15064 -1.11876
v -1.32679 -0.16593 -1.11876
v -1.34208 -0.18881 -1.11876
v -1.34744 -0.21580 -1.11876
v -1.34208 -0.24280 -1.11876
v -1.32679 -0.26568 -1.11876
v -1.30390 -0.28097 -1.11876
v -1.27691 -0.28634 -1.11876
v -1.24992 -0.28097 -1.11876
v -1.22703 -0.26568 -1.11876
v -1.21174 -0.24280 -1.11876
v -1.17983 -0.21580 -1.14530
v -1.18722 -0.17865 -1.14530
v -1.20826 -0.14716 -1.14530
v -1.23976 -0.12611 -1.14530
v -1.27691 -0.11872 -1.14530
v -1.31406 -0.12611 -1.14530
v -1.34556 -0.14716 -1.14530
v -1.36660 -0.17865 -1.14530
v -1.37399 -0.21580 -1.14530
v -1.36660 -0.25295 -1.14530
v -1.34556 -0.28445 -1.14530
v -1.31406 -0.30549 -1.14530
v -1.27691 -0.31288 -1.14530
v -1.23976 -0.30549 -1.14530
v -1.20826 -0.28445 -1.14530
v -1.18722 -0.25295 -1.14530
v -1.16278 -0.21580 -1.17876
v -1.17147 -0.17213 -1.17876
v -1.19621 -0.13510 -1.17876
v -1.23324 -0.11036 -1.17876
v -1.27691 -0.10168 -1.17876
v -1.32058 -0.11036 -1.17876
v -1.35761 -0.13510 -1.17876
v -1.38235 -0.17213 -1.17876
v -1.39104 -0.21580 -1.17876
v -1.38235 -0.25948 -1.17876
v -1.35761 -0.29650 -1.17876
v -1.32058 -0.32124 -1.17876
v -1.27691 -0.32993 -1.17876
v -1.23324 -0.32124 -1.17876
v -1.19621 -0.29650 -1.17876
v -1.17147 -0.25948 -1.17876
v -1.15691 -0.21580 -1.21584
v -1.16604 -0.16988 -1.21584
v -1.19206 -0.13095 -1.21584
v -1.23099 -0.10494 -1.21584
v -1.27691 -0.09580 -1.21584
v -1.32283 -0.10494 -1.21584
v -1.36176 -0.13095 -1.21584
v -1.38778 -0.16988 -1.21584
v -1.39691 -0.21580 -1.21584
v -1.38778 -0.26172 -1.21584
v -1.36176 -0.30066 -1.21584
v -1.32283 -0.32667 -1.21584
v -1.27691 -0.33580 -1.21584
v -1.23099 -0.32667 -1.21584
v -1.19206 -0.30066 -1.21584
v -1.16604 -0.26172 -1.21584
v -1.16278 -0.21580 -1.25292
v -1.17147 -0.17213 -1.25292
v -1.19621 -0.13510 -1.25292
v -1.23324 -0.11036 -1.25292
v -1.27691 -0.10168 -1.25292
v -1.32058 -0.11036 -1.25292
v -1.35761 -0.13510 -1.25292
v -1.38235 -0.17213 -1.25292
v -1.39104 -0.21580 -1.25292
v -1.38235 -0.25948 -1.25292
v -1.35761 -0.29650 -1.25292
v -1.32058 -0.32124 -1.25292
v -1.27691 -0.32993 -1.25292
v -1.23324 -0.32124 -1.25292
v -1.19621 -0.29650 -1.25292
v -1.17147 -0.25948 -1.25292
v -1.17983 -0.21580 -1.28637
v -1.18722 -0.17865 -1.28637
v -1.20826 -0.14716 -1.28637
v -1.23976 -0.12611 -1.28637
v -1.27691 -0.11872 -1.28637
v -1.31406 -0.12611 -1.28637
v -1.34556 -0.14716 -1.28637
v -1.36660 -0.17865 -1.28637
v -1.37399 -0.21580 -1.28637
v -1.36660 -0.25295 -1.28637
v -1.34556 -0.28445 -1.28637
v -1.31406 -0.30549 -1.28637
v -1.27691 -0.31288 -1.28637
v -1.23976 -0.30549 -1.28637
v -1.20826 -0.28445 -1.28637
v -1.18722 -0.25295 -1.28637
v -1.20638 -0.21580 -1.31292
v -1.21174 -0.18881 -1.31292
v -1.22703 -0.16593 -1.31292
v -1.24992 -0.15064 -1.31292
v -1.27691 -0.14527 -1.31292
v -1.30390 -0.15064 -1.31292
v -1.32679 -0.16593 -1.31292
v -1.34208 -0.18881 -1.31292
v -1.34744 -0.21580 -1.31292
v -1.34208 -0.24280 -1.31292
v -1.32679 -0.26568 -1.31292
v -1.30390 -0.28097 -1.31292
v -1.27691 -0.28634 -1.31292
v -1.24992 -0.28097 -1.31292
v -1.22703 -0.26568 -1.31292
v -1.21174 -0.24280 -1.31292
v -1.23983 -0.21580 -1.32996
v -1.24265 -0.20161 -1.32996
v -1.25069 -0.18958 -1.32996
v -1.26272 -0.18154 -1.32996
v -1.27691 -0.17872 -1.32996
v -1.29110 -0.18154 -1.32996
v -1.30313 -0.18958 -1.32996
v -1.31117 -0.20161 -1.32996
v -1.31399 -0.21580 -1.32996
v -1.31117 -0.22999 -1.32996
v -1.30313 -0.24202 -1.32996
v -1.29110 -0.25006 -1.32996
v -1.27691 -0.25288 -1.32996
v -1.26272 -0.25006 -1.32996
v -1.25069 -0.24202 -1.32996
v -1.24265 -0.22999 -1.32996
v -1.27691 -0.21580 -1.33584
v -1.27691 -0.21580 -1.33584
v -1.27691 -0.21580 -1.33584
v -1.27691 -0.21580 -1.33584
v -1.27691 -0.21580 -1.33584
v -1.27691 -0.21580 -1.33584
v -1.27691 -0.21580 -1.33584
v -1.27691 -0.21580 -1.33584
v -1.27691 -0.21580 -1.33584
v -1.27691 -0.21580 -1.33584
v -1.27691 -0.21580 -1.33584
v -1.27691 -0.21580 -1.33584
v -1.27691 -0.21580 -1.33584
v -1.27691 -0.21580 -1.33584
v -1.27691 -0.21580 -1.33584
v -1.27691 -0.21580 -1.33584
v -1.53141 0.67300 -0.46680
v -1.53141 0.67300 -0.46680
v -1.53141 0.67300 -0.46680
v -1.53141 0.67300 -0.46680
v -1.53141 0.67300 -0.46680
v -1.53141 0.67300 -0.46680
v -1.53141 0.67300 -0.46680
v -1.53141 0.67300 -0.46680
v -1.53141 0.67300 -0.46680
v -1.53141 0.67300 -0.46680
v -1.53141 0.67300 -0.46680
v -1.53141 0.67300 -0.46680
v -1.53141 0.67300 -0.46680
v -1.53141 0.67300 -0.46680
v -1.53141 0.67300 -0.46680
v -1.53141 0.67300 -0.46680
v -1.49432 0.67300 -0.47267
v -1.49715 0.68719 -0.47267
v -1.50518 0.69922 -0.47267
v -1.51721 0.70726 -0.47267
v -1.53141 0.71009 -0.47267
v -1.54560 0.70726 -0.47267
v -1.55763 0.69922 -0.47267
v -1.56566 0.68719 -0.47267
v -1.56849 0.67300 -0.47267
v -1.56566 0.65881 -0.47267
v -1.55763 0.64678 -0.47267
v -1.54560 0.63874 -0.47267
v -1.53141 0.63592 -0.47267
v -1.51721 0.63874 -0.47267
v -1.50518 0.64678 -0.47267
v -1.49715 0.65881 -0.47267
v -1.46087 0.67300 -0.48972
v -1.46624 0.70000 -0.48972
v -1.48153 0.72288 -0.48972
v -1.50441 0.73817 -0.48972
v -1.53141 0.74354 -0.48972
v -1.55840 0.73817 -0.48972
v -1.58128 0.72288 -0.48972
v -1.59657 0.70000 -0.48972
v -1.60194 0.67300 -0.48972
v -1.59657 0.64601 -0.48972
v -1.58128 0.62313 -0.48972
v -1.55840 0.60784 -0.48972
v -1.53141 0.60247 -0.48972
v -1.50441 0.60784 -0.48972
v -1.48153 0.62313 -0.48972
v -1.46624 0.64601 -0.48972
v -1.43432 0.67300 -0.51627
v -1.44171 0.71016 -0.51627
v -1.46276 0.74165 -0.51627
v -1.49425 0.76270 -0.51627
v -1.53141 0.77009 -0.51627
v -1.56856 0.76270 -0.51627
v -1.60005 0.74165 -0.51627
v -1.62110 0.71016 -0.51627
v -1.62849 0.67300 -0.51627
v -1.62110 0.63585 -0.51627
v -1.60005 0.60436 -0.51627
v -1.56856 0.58331 -0.51627
v -1.53141 0.57592 -0.51627
v -1.49425 0.58331 -0.51627
v -1.46276 0.60436 -0.51627
v -1.44171 0.63585 -0.51627
v -1.41728 0.67300 -0.54972
v -1.42597 0.71668 -0.54972
v -1.45071 0.75370 -0.54972
v -1.48773 0.77844 -0.54972
v -1.53141 0.78713 -0.54972
v -1.57508 0.77844 -0.54972
v -1.61211 0.75370 -0.54972
v -1.63684 0.71668 -0.54972
v -1.64553 0.67300 -0.54972
v -1.63684 0.62933 -0.54972
v -1.61211 0.59230 -0.54972
v -1.57508 0.56756 -0.54972
v -1.53141 0.55888 -0.54972
v -1.48773 0.56756 -0.54972
v -1.45071 0.59230 -0.54972
v -1.42597 0.62933 -0.54972
v -1.41141 0.67300 -0.58680
v -1.42054 0.71893 -0.58680
v -1.44655 0.75786 -0.58680
v -1.48548 0.78387 -0.58680
v -1.53141 0.79300 -0.58680
v -1.57733 0.78387 -0.58680
v -1.61626 0.75786 -0.58680
v -1.64227 0.71893 -0.58680
v -1.65141 0.67300 -0.58680
v -1.64227 0.62708 -0.58680
v -1.61626 0.58815 -0.58680
v -1.57733 0.56214 -0.58680
v -1.53141 0.55300 -0.58680
v -1.48548 0.56214 -0.58680
v -1.44655 0.58815 -0.58680
v -1.42054 0.62708 -0.58680
v -1.41728 0.67300 -0.62388
v -1.42597 0.71668 -0.62388
v -1.45071 0.75370 -0.62388
v -1.48773 0.77844 -0.62388
v -1.53141 0.78713 -0.62388
v -1.57508 0.77844 -0.62388
v -1.61211 0.75370 -0.62388
v -1.63684 0.71668 -0.62388
v -1.64553 0.67300 -0.62388
v -1.63684 0.62933 -0.62388
v -1.61211 0.59230 -0.62388
v -1.57508 0.56756 -0.62388
v -1.53141 0.55888 -0.62388
v -1.48773 0.56756 -0.62388
v -1.45071 0.59230 -0.62388
v -1.42597 0.62933 -0.62388
v -1.43432 0.67300 -0.65734
v -1.44171 0.71016 -0.65734
v -1.46276 0.74165 -0.65734
v -1.49425 0.76270 -0.65734
v -1.53141 0.77009 -0.65734
v -1.56856 0.76270 -0.65734
v -1.60005 0.74165 -0.65734
v -1.62110 0.71016 -0.65734
v -1.62849 0.67300 -0.65734
v -1.62110 0.63585 -0.65734
v -1.60005 0.60436 -0.65734
v -1.56856 0.58331 -0.65734
v -1.53141 0.57592 -0.65734
v -1.49425 0.58331 -0.65734
v -1.46276 0.60436 -0.65734
v -1.44171 0.63585 -0.65734
v -1.46087 0.67300 -0.68388
v -1.46624 0.70000 -0.68388
v -1.48153 0.72288 -0.68388
v -1.50441 0.73817 -0.68388
v -1.53141 0.74354 -0.68388
v -1.55840 0.73817 -0.68388
v -1.58128 0.72288 -0.68388
v -1.59657 0.70000 -0.68388
v -1.60194 0.67300 -0.68388
v -1.59657 0.64601 -0.68388
v -1.58128 0.62313 -0.68388
v -1.55840 0.60784 -0.68388
v -1.53141 0.60247 -0.68388
v -1.50441 0.60784 -0.68388
v -1.48153 0.62313 -0.68388
v -1.46624 0.64601 -0.68388
v -1.49432 0.67300 -0.70093
v -1.49715 0.68719 -0.70093
v -1.50518 0.69922 -0.70093
v -1.51721 0.70726 -0.70093
v -1.53141 0.71009 -0.70093
v -1.54560 0.70726 -0.70093
v -1.55763 0.69922 -0.70093
v -1.56566 0.68719 -0.70093
v -1.56849 0.67300 -0.70093
v -1.56566 0.65881 -0.70093
v -1.55763 0.64678 -0.70093
v -1.54560 0.63874 -0.70093
v -1.53141 0.63592 -0.70093
v -1.51721 0.63874 -0.70093
v -1.50518 0.64678 -0.70093
v -1.49715 0.65881 -0.70093
v -1.53141 0.67300 -0.70680
v -1.53141 0.67300 -0.70680
v -1.53141 0.67300 -0.70680
v -1.53141 0.67300 -0.70680
v -1.53141 0.67300 -0.70680
v -1.53141 0.67300 -0.70680
v -1.53141 0.67300 -0.70680
v -1.53141 0.67300 -0.70680
v -1.53141 0.67300 -0.70680
v -1.53141 0.67300 -0.70680
v -1.53141 0.67300 -0.70680
v -1.53141 0.67300 -0.70680
v -1.53141 0.67300 -0.70680
v -1.53141 0.67300 -0.70680
v -1.53141 0.67300 -0.70680
v -1.53141 0.67300 -0.70680
v -0.67485 0.43723 -1.09131
v -0.67485 0.43723 -1.09131
v -0.67485 0.43723 -1.09131
v -0.67485 0.43723 -1.09131
v -0.67485 0.43723 -1.09131
v -0.67485 0.43723 -1.09131
v -0.67485 0.43723 -1.09131
v -0.67485 0.43723 -1.09131
v -0.67485 0.43723 -1.09131
v -0.67485 0.43723 -1.09131
v -0.67485 0.43723 -1.09131
v -0.67485 0.43723 -1.09131
v -0.67485 0.43723 -1.09131
v -0.67485 0.43723 -1.09131
v -0.67485 0.43723 -1.09131
v -0.67485 0.43723 -1.09131
v -0.63777 0.43723 -1.09719
v -0.64059 0.45142 -1.09719
v -0.64863 0.46345 -1.09719
v -0.66066 0.47149 -1.09719
v -0.67485 0.47431 -1.09719
v -0.68904 0.47149 -1.09719
v -0.70107 0.46345 -1.09719
v -0.70911 0.45142 -1.09719
v -0.71194 0.43723 -1.09719
v -0.70911 0.42304 -1.09719
v -0.70107 0.41101 -1.09719
v -0.68904 0.40297 -1.09719
v -0.67485 0.40014 -1.09719
v -0.66066 0.40297 -1.09719
v -0.64863 0.41101 -1.09719
v -0.64059 0.42304 -1.09719
v -0.60432 0.43723 -1.11423
v -0.60969 0.46422 -1.11423
v -0.62498 0.48710 -1.11423
v -0.64786 0.50239 -1.11423
v -0.67485 0.50776 -1.11423
v -0.70185 0.50239 -1.11423
v -0.72473 0.48710 -1.11423
v -0.74002 0.46422 -1.11423
v -0.74539 0.43723 -1.11423
v -0.74002 0.41023 -1.11423
v -0.72473 0.38735 -1.11423
v -0.70185 0.37206 -1.11423
v -0.67485 0.36669 -1.11423
v -0.64786 0.37206 -1.11423
v -0.62498 0.38735 -1.11423
v -0.60969 0.41023 -1.11423
v -0.57777 0.43723 -1.14078
v -0.58516 0.47438 -1.14078
v -0.60621 0.50587 -1.14078
v -0.63770 0.52692 -1.14078
v -0.67485 0.53431 -1.14078
v -0.71201 0.52692 -1.14078
v -0.74350 0.50587 -1.14078
v -0.76455 0.47438 -1.14078
v -0.77194 0.43723 -1.14078
v -0.76455 0.40008 -1.14078
v -0.74350 0.36858 -1.14078
v -0.71201 0.34753 -1.14078
v -0.67485 0.34014 -1.14078
v -0.63770 0.34753 -1.14078
v -0.60621 0.36858 -1.14078
v -0.58516 0.40008 -1.14078
v -0.56073 0.43723 -1.17423
v -0.56941 0.48090 -1.17423
v -0.59415 0.51793 -1.17423
v -0.63118 0.54267 -1.17423
v -0.67485 0.55135 -1.17423
v -0.71853 0.54267 -1.17423
v -0.75555 0.51793 -1.17423
v -0.78029 0.48090 -1.17423
v -0.78898 0.43723 -1.17423
v -0.78029 0.39355 -1.17423
v -0.75555 0.35653 -1.17423
v -0.71853 0.33179 -1.17423
v -0.67485 0.32310 -1.17423
v -0.63118 0.33179 -1.17423
v -0.59415 0.35653 -1.17423
v -0.56941 0.39355 -1.17423
v -0.55485 0.43723 -1.21131
v -0.56399 0.48315 -1.21131
v -0.59000 0.52208 -1.21131
v -0.62893 0.54809 -1.21131
v -0.67485 0.55723 -1.21131
v -0.72078 0.54809 -1.21131
v -0.75971 0.52208 -1.21131
v -0.78572 0.48315 -1.21131
v -0.79485 0.43723 -1.21131
v -0.78572 0.39131 -1.21131
v -0.75971 0.35237 -1.21131
v -0.72078 0.32636 -1.21131
v -0.67485 0.31723 -1.21131
v -0.62893 0.32636 -1.21131
v -0.59000 0.35237 -1.21131
v -0.56399 0.39131 -1.21131
v -0.56073 0.43723 -1.24840
v -0.56941 0.48090 -1.24840
v -0.59415 0.51793 -1.24840
v -0.63118 0.54267 -1.24840
v -0.67485 0.55135 -1.24840
v -0.71853 0.54267 -1.24840
v -0.75555 0.51793 -1.24840
v -0.78029 0.48090 -1.24840
v -0.78898 0.43723 -1.24840
v -0.78029 0.39355 -1.24840
v -0.75555 0.35653 -1.24840
v -0.71853 0.33179 -1.24840
v -0.67485 0.32310 -1.24840
v -0.63118 0.33179 -1.24840
v -0.59415 0.35653 -1.24840
v -0.56941 0.39355 -1.24840
v -0.57777 0.43723 -1.28185
v -0.58516 0.47438 -1.28185
v -0.60621 0.50587 -1.28185
v -0.63770 0.52692 -1.28185
v -0.67485 0.53431 -1.28185
v -0.71201 0.52692 -1.28185
v -0.74350 0.50587 -1.28185
v -0.76455 0.47438 -1.28185
v -0.77194 0.43723 -1.28185
v -0.76455 0.40008 -1.28185
v -0.74350 0.36858 -1.28185
v -0.71201 0.34753 -1.28185
v -0.67485 0.34014 -1.28185
v -0.63770 0.34753 -1.28185
v -0.60621 0.36858 -1.28185
v -0.58516 0.40008 -1.28185
v -0.60432 0.43723 -1.30840
v -0.60969 0.46422 -1.30840
v -0.62498 0.48710 -1.30840
v -0.64786 0.50239 -1.30840
v -0.67485 0.50776 -1.30840
v -0.70185 0.50239 -1.30840
v -0.72473 0.48710 -1.30840
v -0.74002 0.46422 -1.30840
v -0.74539 0.43723 -1.30840
v -0.74002 0.41023 -1.30840
v -0.72473 0.38735 -1.30840
v -0.70185 0.37206 -1.30840
v -0.67485 0.36669 -1.30840
v -0.64786 0.37206 -1.30840
v -0.62498 0.38735 -1.30840
v -0.60969 0.41023 -1.30840
v -0.63777 0.43723 -1.32544
v -0.64059 0.45142 -1.32544
v -0.64863 0.46345 -1.32544
v -0.66066 0.47149 -1.32544
v -0.67485 0.47431 -1.32544
v -0.68904 0.47149 -1.32544
v -0.70107 0.46345 -1.32544
v -0.70911 0.45142 -1.32544
v -0.71194 0.43723 -1.32544
v -0.70911 0.42304 -1.32544
v -0.70107 0.41101 -1.32544
v -0.68904 0.40297 -1.32544
v -0.67485 0.40014 -1.32544
v -0.66066 0.40297 -1.32544
v -0.64863 0.41101 -1.32544
v -0.64059 0.42304 -1.32544
v -0.67485 0.43723 -1.33131
v -0.67485 0.43723 -1.33131
v -0.67485 0.43723 -1.33131
v -0.67485 0.43723 -1.33131
v -0.67485 0.43723 -1.33131
v -0.67485 0.43723 -1.33131
v -0.67485 0.43723 -1.33131
v -0.67485 0.43723 -1.33131
v -0.67485 0.43723 -1.33131
v -0.67485 0.43723 -1.33131
v -0.67485 0.43723 -1.33131
v -0.67485 0.43723 -1.33131
v -0.67485 0.43723 -1.33131
v -0.67485 0.43723 -1.33131
v -0.67485 0.43723 -1.33131
v -0.67485 0.43723 -1.33131
v 1.13651 -0.35813 -0.17218
v 1.13651 -0.35813 -0.17218
v 1.13651 -0.35813 -0.17218
v 1.13651 -0.35813 -0.17218
v 1.13651 -0.35813 -0.17218
v 1.13651 -0.35813 -0.17218
v 1.13651 -0.35813 -0.17218
v 1.13651 -0.35813 -0.17218
v 1.13651 -0.35813 -0.17218
v 1.13651 -0.35813 -0.17218
v 1.13651 -0.35813 -0.17218
v 1.13651 -0.35813 -0.17218
v 1.13651 -0.35813 -0.17218
v 1.13651 -0.35813 -0.17218
v 1.13651 -0.35813 -0.17218
v 1.13651 -0.35813 -0.17218
v 1.17359 -0.35813 -0.17805
v 1.17077 -0.34394 -0.17805
v 1.16273 -0.33191 -0.17805
v 1.15070 -0.32387 -0.17805
v 1.13651 -0.32105 -0.17805
v 1.12232 -0.32387 -0.17805
v 1.11029 -0.33191 -0.17805
v 1.10225 -0.34394 -0.17805
v 1.09943 -0.35813 -0.17805
v 1.10225 -0.37232 -0.17805
v 1.11029 -0.38435 -0.17805
v 1.12232 -0.39239 -0.17805
v 1.13651 -0.39521 -0.17805
v 1.15070 -0.39239 -0.17805
v 1.16273 -0.38435 -0.17805
v 1.17077 -0.37232 -0.17805
v 1.20705 -0.35813 -0.19509
v 1.20168 -0.33114 -0.19509
v 1.18639 -0.30826 -0.19509
v 1.16350 -0.29297 -0.19509
v 1.13651 -0.28760 -0.19509
v 1.10952 -0.29297 -0.19509
v 1.08664 -0.30826 -0.19509
v 1.07135 -0.33114 -0.19509
v 1.06598 -0.35813 -0.19509
v 1.07135 -0.38512 -0.19509
v 1.08664 -0.40801 -0.19509
v 1.10952 -0.42330 -0.19509
v 1.13651 -0.42867 -0.19509
v 1.16350 -0.42330 -0.19509
v 1.18639 -0.40801 -0.19509
v 1.20168 -0.38512 -0.19509
v 1.23359 -0.35813 -0.22164
v 1.22620 -0.32098 -0.22164
v 1.20516 -0.28949 -0.22164
v 1.17366 -0.26844 -0.22164
v 1.13651 -0.26105 -0.22164
v 1.09936 -0.26844 -0.22164
v 1.06786 -0.28949 -0.22164
v 1.04682 -0.32098 -0.22164
v 1.03943 -0.35813 -0.22164
v 1.04682 -0.39528 -0.22164
v 1.06786 -0.42678 -0.22164
v 1.09936 -0.44782 -0.22164
v 1.13651 -0.45521 -0.22164
v 1.17366 -0.44782 -0.22164
v 1.20516 -0.42678 -0.22164
v 1.22620 -0.39528 -0.22164
v 1.25064 -0.35813 -0.25509
v 1.24195 -0.31446 -0.25509
v 1.21721 -0.27743 -0.25509
v 1.18019 -0.25269 -0.25509
v 1.13651 -0.24401 -0.25509
v 1.09284 -0.25269 -0.25509
v 1.05581 -0.27743 -0.25509
v 1.03107 -0.31446 -0.25509
v 1.02238 -0.35813 -0.25509
v 1.03107 -0.40181 -0.25509
v 1.05581 -0.43883 -0.25509
v 1.09284 -0.46357 -0.25509
v 1.13651 -0.47226 -0.25509
v 1.18019 -0.46357 -0.25509
v 1.21721 -0.43883 -0.25509
v 1.24195 -0.40181 -0.25509
v 1.25651 -0.35813 -0.29218
v 1.24738 -0.31221 -0.29218
v 1.22136 -0.27328 -0.29218
v 1.18243 -0.24727 -0.29218
v 1.13651 -0.23813 -0.29218
v 1.09059 -0.24727 -0.29218
v 1.05166 -0.27328 -0.29218
v 1.02565 -0.31221 -0.29218
v 1.01651 -0.35813 -0.29218
v 1.02565 -0.40405 -0.29218
v 1.05166 -0.44299 -0.29218
v 1.09059 -0.46900 -0.29218
v 1.13651 -0.47813 -0.29218
v 1.18243 -0.46900 -0.29218
v 1.22136 -0.44299 -0.29218
v 1.24738 -0.40405 -0.29218
v 1.25064 -0.35813 -0.32926
v 1.24195 -0.31446 -0.32926
v 1.21721 -0.27743 -0.32926
v 1.18019 -0.25269 -0.32926
v 1.13651 -0.24401 -0.32926
v 1.09284 -0.25269 -0.32926
v 1.05581 -0.27743 -0.32926
v 1.03107 -0.31446 -0.32926
v 1.02238 -0.35813 -0.32926
v 1.03107 -0.40181 -0.32926
v 1.05581 -0.43883 -0.32926
v 1.09284 -0.46357 -0.32926
v 1.13651 -0.47226 -0.32926
v 1.18019 -0.46357 -0.32926
v 1.21721 -0.43883 -0.32926
v 1.24195 -0.40181 -0.32926
v 1.23359 -0.35813 -0.36271
v 1.22620 -0.32098 -0.36271
v 1.20516 -0.28949 -0.36271
v 1.17366 -0.26844 -0.36271
v 1.13651 -0.26105 -0.36271
v 1.09936 -0.26844 -0.36271
v 1.06786 -0.28949 -0.36271
v 1.04682 -0.32098 -0.36271
v 1.03943 -0.35813 -0.36271
v 1.04682 -0.39528 -0.36271
v 1.06786 -0.42678 -0.36271
v 1.09936 -0.44782 -0.36271
v 1.13651 -0.45521 -0.36271
v 1.17366 -0.44782 -0.36271
v 1.20516 -0.42678 -0.36271
v 1.22620 -0.39528 -0.36271
v 1.20705 -0.35813 -0.38926
v 1.20168 -0.33114 -0.38926
v 1.18639 -0.30826 -0.38926
v 1.16350 -0.29297 -0.38926
v 1.13651 -0.28760 -0.38926
v 1.10952 -0.29297 -0.38926
v 1.08664 -0.30826 -0.38926
v 1.07135 -0.33114 -0.38926
v 1.06598 -0.35813 -0.38926
v 1.07135 -0.38512 -0.38926
v 1.08664 -0.40801 -0.38926
v 1.10952 -0.42330 -0.38926
v 1.13651 -0.42867 -0.38926
v 1.16350 -0.42330 -0.38926
v 1.18639 -0.40801 -0.38926
v 1.20168 -0.38512 -0.38926
v 1.17359 -0.35813 -0.40630
v 1.17077 -0.34394 -0.40630
v 1.16273 -0.33191 -0.40630
v 1.15070 -0.32387 -0.40630
v 1.13651 -0.32105 -0.40630
v 1.12232 -0.32387 -0.40630
v 1.11029 -0.33191 -0.40630
v 1.10225 -0.34394 -0.40630
v 1.09943 -0.35813 -0.40630
v 1.10225 -0.37232 -0.40630
v 1.11029 -0.38435 -0.40630
v 1.12232 -0.39239 -0.40630
v 1.13651 -0.39521 -0.40630
v 1.15070 -0.39239 -0.40630
v 1.16273 -0.38435 -0.40630
v 1.17077 -0.37232 -0.40630
v 1.13651 -0.35813 -0.41218
v 1.13651 -0.35813 -0.41218
v 1.13651 -0.35813 -0.41218
v 1.13651 -0.35813 -0.41218
v 1.13651 -0.35813 -0.41218
v 1.13651 -0.35813 -0.41218
v 1.13651 -0.35813 -0.41218
v 1.13651 -0.35813 -0.41218
v 1.13651 -0.35813 -0.41218
v 1.13651 -0.35813 -0.41218
v 1.13651 -0.35813 -0.41218
v 1.13651 -0.35813 -0.41218
v 1.13651 -0.35813 -0.41218
v 1.13651 -0.35813 -0.41218
v 1.13651 -0.35813 -0.41218
v 1.13651 -0.35813 -0.41218
v 0.34550 -0.08363 -0.29551
v 0.34550 -0.08363 -0.29551
v 0.34550 -0.08363 -0.29551
v 0.34550 -0.08363 -0.29551
v 0.34550 -0.08363 -0.29551
v 0.34550 -0.08363 -0.29551
v 0.34550 -0.08363 -0.29551
v 0.34550 -0.08363 -0.29551
v 0.34550 -0.08363 -0.29551
v 0.34550 -0.08363 -0.29551
v 0.34550 -0.08363 -0.29551
v 0.34550 -0.08363 -0.29551
v 0.34550 -0.08363 -0.29551
v 0.34550 -0.08363 -0.29551
v 0.34550 -0.08363 -0.29551
v 0.34550 -0.08363 -0.29551
v 0.38258 -0.08363 -0.30138
v 0.37975 -0.06944 -0.30138
v 0.37172 -0.05741 -0.30138
v 0.35969 -0.04937 -0.30138
v 0.34550 -0.04655 -0.30138
v 0.33130 -0.04937 -0.30138
v 0.31927 -0.05741 -0.30138
v 0.31124 -0.06944 -0.30138
v 0.30841 -0.08363 -0.30138
v 0.31124 -0.09783 -0.30138
v 0.31927 -0.10986 -0.30138
v 0.33130 -0.11789 -0.30138
v 0.34550 -0.12072 -0.30138
v 0.35969 -0.11789 -0.30138
v 0.37172 -0.10986 -0.30138
v 0.37975 -0.09783 -0.30138
v 0.41603 -0.08363 -0.31842
v 0.41066 -0.05664 -0.31842
v 0.39537 -0.03376 -0.31842
v 0.37249 -0.01847 -0.31842
v 0.34550 -0.01310 -0.31842
v 0.31850 -0.01847 -0.31842
v 0.29562 -0.03376 -0.31842
v 0.28033 -0.05664 -0.31842
v 0.27496 -0.08363 -0.31842
v 0.28033 -0.11063 -0.31842
v 0.29562 -0.13351 -0.31842
v 0.31850 -0.14880 -0.31842
v 0.34550 -0.15417 -0.31842
v 0.37249 -0.14880 -0.31842
v 0.39537 -0.13351 -0.31842
v 0.41066 -0.11063 -0.31842
v 0.44258 -0.08363 -0.34497
v 0.43519 -0.04648 -0.34497
v 0.41414 -0.01499 -0.34497
v 0.38265 0.00606 -0.34497
v 0.34550 0.01345 -0.34497
v 0.30834 0.00606 -0.34497
v 0.27685 -0.01499 -0.34497
v 0.25580 -0.04648 -0.34497
v 0.24841 -0.08363 -0.34497
v 0.25580 -0.12079 -0.34497
v 0.27685 -0.15228 -0.34497
v 0.30834 -0.17333 -0.34497
v 0.34550 -0.18072 -0.34497
v 0.38265 -0.17333 -0.34497
v 0.41414 -0.15228 -0.34497
v 0.43519 -0.12079 -0.34497
v 0.45962 -0.08363 -0.37842
v 0.45093 -0.03996 -0.37842
v 0.42620 -0.00293 -0.37842
v 0.38917 0.02181 -0.37842
v 0.34550 0.03049 -0.37842
v 0.30182 0.02181 -0.37842
v 0.26480 -0.00293 -0.37842
v 0.24006 -0.03996 -0.37842
v 0.23137 -0.08363 -0.37842
v 0.24006 -0.12731 -0.37842
v 0.26480 -0.16433 -0.37842
v 0.30182 -0.18907 -0.37842
v 0.34550 -0.19776 -0.37842
v 0.38917 -0.18907 -0.37842
v 0.42620 -0.16433 -0.37842
v 0.45093 -0.12731 -0.37842
v 0.46550 -0.08363 -0.41551
v 0.45636 -0.03771 -0.41551
v 0.43035 0.00122 -0.41551
v 0.39142 0.02723 -0.41551
v 0.34550 0.03637 -0.41551
v 0.29957 0.02723 -0.41551
v 0.26064 0.00122 -0.41551
v 0.23463 -0.03771 -0.41551
v 0.22550 -0.08363 -0.41551
v 0.23463 -0.12956 -0.41551
v 0.26064 -0.16849 -0.41551
v 0.29957 -0.19450 -0.41551
v 0.34550 -0.20363 -0.41551
v 0.39142 -0.19450 -0.41551
v 0.43035 -0.16849 -0.41551
v 0.45636 -0.12956 -0.41551
v 0.45962 -0.08363 -0.45259
v 0.45093 -0.03996 -0.45259
v 0.42620 -0.00293 -0.45259
v 0.38917 0.02181 -0.45259
v 0.34550 0.03049 -0.45259
v 0.30182 0.02181 -0.45259
v 0.26480 -0.00293 -0.45259
v 0.24006 -0.03996 -0.45259
v 0.23137 -0.08363 -0.45259
v 0.24006 -0.12731 -0.45259
v 0.26480 -0.16433 -0.45259
v 0.30182 -0.18907 -0.45259
v 0.34550 -0.19776 -0.45259
v 0.38917 -0.18907 -0.45259
v 0.42620 -0.16433 -0.45259
v 0.45093 -0.12731 -0.45259
v 0.44258 -0.08363 -0.48604
v 0.43519 -0.04648 -0.48604
v 0.41414 -0.01499 -0.48604
v 0.38265 0.00606 -0.48604
v 0.34550 0.01345 -0.48604
v 0.30834 0.00606 -0.48604
v 0.27685 -0.01499 -0.48604
v 0.25580 -0.04648 -0.48604
v 0.24841 -0.08363 -0.48604
v 0.25580 -0.12079 -0.48604
v 0.27685 -0.15228 -0.48604
v 0.30834 -0.17333 -0.48604
v 0.34550 -0.18072 -0.48604
v 0.38265 -0.17333 -0.48604
v 0.41414 -0.15228 -0.48604
v 0.43519 -0.12079 -0.48604
v 0.41603 -0.08363 -0.51259
v 0.41066 -0.05664 -0.51259
v 0.39537 -0.03376 -0.51259
v 0.37249 -0.01847 -0.51259
v 0.34550 -0.01310 -0.51259
v 0.31850 -0.01847 -0.51259
v 0.29562 -0.03376 -0.51259
v 0.28033 -0.05664 -0.51259
v 0.27496 -0.08363 -0.51259
v 0.28033 -0.11063 -0.51259
v 0.29562 -0.13351 -0.51259
v 0.31850 -0.14880 -0.51259
v 0.34550 -0.15417 -0.51259
v 0.37249 -0.14880 -0.51259
v 0.39537 -0.13351 -0.51259
v 0.41066 -0.11063 -0.51259
v 0.38258 -0.08363 -0.52963
v 0.37975 -0.06944 -0.52963
v 0.37172 -0.05741 -0.52963
v 0.35969 -0.04937 -0.52963
v 0.34550 -0.04655 -0.52963
v 0.33130 -0.04937 -0.52963
v 0.31927 -0.05741 -0.52963
v 0.31124 -0.06944 -0.52963
v 0.30841 -0.08363 -0.52963
v 0.31124 -0.09783 -0.52963
v 0.31927 -0.10986 -0.52963
v 0.33130 -0.11789 -0.52963
v 0.34550 -0.12072 -0.52963
v 0.35969 -0.11789 -0.52963
v 0.37172 -0.10986 -0.52963
v 0.37975 -0.09783 -0.52963
v 0.34550 -0.08363 -0.53551
v 0.34550 -0.08363 -0.53551
v 0.34550 -0.08363 -0.53551
v 0.34550 -0.08363 -0.53551
v 0.34550 -0.08363 -0.53551
v 0.34550 -0.08363 -0.53551
v 0.34550 -0.08363 -0.53551
v 0.34550 -0.08363 -0.53551
v 0.34550 -0.08363 -0.53551
v 0.34550 -0.08363 -0.53551
v 0.34550 -0.08363 -0.53551
v 0.34550 -0.08363 -0.53551
v 0.34550 -0.08363 -0.53551
v 0.34550 -0.08363 -0.53551
v 0.34550 -0.08363 -0.53551
v 0.34550 -0.08363 -0.53551
v 1.71469 0.58895 -0.39716
v 1.71469 0.58895 -0.39716
v 1.71469 0.58895 -0.39716
v 1.71469 0.58895 -0.39716
v 1.71469 0.58895 -0.39716
v 1.71469 0.58895 -0.39716
v 1.71469 0.58895 -0.39716
v 1.71469 0.58895 -0.39716
v 1.71469 0.58895 -0.39716
v 1.71469 0.58895 -0.39716
v 1.71469 0.58895 -0.39716
v 1.71469 0.58895 -0.39716
v 1.71469 0.58895 -0.39716
v 1.71469 0.58895 -0.39716
v 1.71469 0.58895 -0.39716
v 1.71469 0.58895 -0.39716
v 1.75178 0.58895 -0.40303
v 1.74895 0.60314 -0.40303
v 1.74091 0.61517 -0.40303
v 1.72888 0.62321 -0.40303
v 1.71469 0.62603 -0.40303
v 1.70050 0.62321 -0.40303
v 1.68847 0.61517 -0.40303
v 1.68043 0.60314 -0.40303
v 1.67761 0.58895 -0.40303
v 1.68043 0.57476 -0.40303
v 1.68847 0.56272 -0.40303
v 1.70050 0.55469 -0.40303
v 1.71469 0.55186 -0.40303
v 1.72888 0.55469 -0.40303
v 1.74091 0.56272 -0.40303
v 1.74895 0.57476 -0.40303
v 1.78523 0.58895 -0.42008
v 1.77986 0.61594 -0.42008
v 1.76457 0.63882 -0.42008
v 1.74169 0.65411 -0.42008
v 1.71469 0.65948 -0.42008
v 1.68770 0.65411 -0.42008
v 1.66482 0.63882 -0.42008
v 1.64953 0.61594 -0.42008
v 1.64416 0.58895 -0.42008
v 1.64953 0.56195 -0.42008
v 1.66482 0.53907 -0.42008
v 1.68770 0.52378 -0.42008
v 1.71469 0.51841 -0.42008
v 1.74169 0.52378 -0.42008
v 1.76457 0.53907 -0.42008
v 1.77986 0.56195 -0.42008
v 1.81178 0.58895 -0.44662
v 1.80439 0.62610 -0.44662
v 1.78334 0.65759 -0.44662
v 1.75185 0.67864 -0.44662
v 1.71469 0.68603 -0.44662
v 1.67754 0.67864 -0.44662
v 1.64605 0.65759 -0.44662
v 1.62500 0.62610 -0.44662
v 1.61761 0.58895 -0.44662
v 1.62500 0.55179 -0.44662
v 1.64605 0.52030 -0.44662
v 1.67754 0.49925 -0.44662
v 1.71469 0.49186 -0.44662
v 1.75185 0.49925 -0.44662
v 1.78334 0.52030 -0.44662
v 1.80439 0.55179 -0.44662
v 1.82882 0.58895 -0.48008
v 1.82013 0.63262 -0.48008
v 1.79539 0.66965 -0.48008
v 1.75837 0.69439 -0.48008
v 1.71469 0.70307 -0.48008
v 1.67102 0.69439 -0.48008
v 1.63399 0.66965 -0.48008
v 1.60925 0.63262 -0.48008
v 1.60057 0.58895 -0.48008
v 1.60925 0.54527 -0.48008
v 1.63399 0.50825 -0.48008
v 1.67102 0.48351 -0.48008
v 1.71469 0.47482 -0.48008
v 1.75837 0.48351 -0.48008
v 1.79539 0.50825 -0.48008
v 1.82013 0.54527 -0.48008
v 1.83469 0.58895 -0.51716
v 1.82556 0.63487 -0.51716
v 1.79955 0.67380 -0.51716
v 1.76062 0.69981 -0.51716
v 1.71469 0.70895 -0.51716
v 1.66877 0.69981 -0.51716
v 1.62984 0.67380 -0.51716
v 1.60383 0.63487 -0.51716
v 1.59469 0.58895 -0.51716
v 1.60383 0.54302 -0.51716
v 1.62984 0.50409 -0.51716
v 1.66877 0.47808 -0.51716
v 1.71469 0.46895 -0.51716
v 1.76062 0.47808 -0.51716
v 1.79955 0.50409 -0.51716
v 1.82556 0.54302 -0.51716
v 1.82882 0.58895 -0.55424
v 1.82013 0.63262 -0.55424
v 1.79539 0.66965 -0.55424
v 1.75837 0.69439 -0.55424
v 1.71469 0.70307 -0.55424
v 1.67102 0.69439 -0.55424
v 1.63399 0.66965 -0.55424
v 1.60925 0.63262 -0.55424
v 1.60057 0.58895 -0.55424
v 1.60925 0.54527 -0.55424
v 1.63399 0.50825 -0.55424
v 1.67102 0.48351 -0.55424
v 1.71469 0.47482 -0.55424
v 1.75837 0.48351 -0.55424
v 1.79539 0.50825 -0.55424
v 1.82013 0.54527 -0.55424
v 1.81178 0.58895 -0.58769
v 1.80439 0.62610 -0.58769
v 1.78334 0.65759 -0.58769
v 1.75185 0.67864 -0.58769
v 1.71469 0.68603 -0.58769
v 1.67754 0.67864 -0.58769
v 1.64605 0.65759 -0.58769
v 1.62500 0.62610 -0.58769
v 1.61761 0.58895 -0.58769
v 1.62500 0.55179 -0.58769
v 1.64605 0.52030 -0.58769
v 1.67754 0.49925 -0.58769
v 1.71469 0.49186 -0.58769
v 1.75185 0.49925 -0.58769
v 1.78334 0.52030 -0.58769
v 1.80439 0.55179 -0.58769
v 1.78523 0.58895 -0.61424
v 1.77986 0.61594 -0.61424
v 1.76457 0.63882 -0.61424
v 1.74169 0.65411 -0.61424
v 1.71469 0.65948 -0.61424
v 1.68770 0.65411 -0.61424
v 1.66482 0.63882 -0.61424
v 1.64953 0.61594 -0.61424
v 1.64416 0.58895 -0.61424
v 1.64953 0.56195 -0.61424
v 1.66482 0.53907 -0.61424
v 1.68770 0.52378 -0.61424
v 1.71469 0.51841 -0.61424
v 1.74169 0.52378 -0.61424
v 1.76457 0.53907 -0.61424
v 1.77986 0.56195 -0.61424
v 1.75178 0.58895 -0.63128
v 1.74895 0.60314 -0.63128
v 1.74091 0.61517 -0.63128
v 1.72888 0.62321 -0.63128
v 1.71469 0.62603 -0.63128
v 1.70050 0.62321 -0.63128
v 1.68847 0.61517 -0.63128
v 1.68043 0.60314 -0.63128
v 1.67761 0.58895 -0.63128
v 1.68043 0.57476 -0.63128
v 1.68847 0.56272 -0.63128
v 1.70050 0.55469 -0.63128
v 1.71469 0.55186 -0.63128
v 1.72888 0.55469 -0.63128
v 1.74091 0.56272 -0.63128
v 1.74895 0.57476 -0.63128
v 1.71469 0.58895 -0.63716
v 1.71469 0.58895 -0.63716
v 1.71469 0.58895 -0.63716
v 1.71469 0.58895 -0.63716
v 1.71469 0.58895 -0.63716
v 1.71469 0.58895 -0.63716
v 1.71469 0.58895 -0.63716
v 1.71469 0.58895 -0.63716
v 1.71469 0.58895 -0.63716
v 1.71469 0.58895 -0.63716
v 1.71469 0.58895 -0.63716
v 1.71469 0.58895 -0.63716
v 1.71469 0.58895 -0.63716
v 1.71469 0.58895 -0.63716
v 1.71469 0.58895 -0.63716
v 1.71469 0.58895 -0.63716
v -0.49274 0.68441 0.74558
v -0.49274 0.68441 0.74558
v -0.49274 0.68441 0.74558
v -0.49274 0.68441 0.74558
v -0.49274 0.68441 0.74558
v -0.49274 0.68441 0.74558
v -0.49274 0.68441 0.74558
v -0.49274 0.68441 0.74558
v -0.49274 0.68441 0.74558
v -0.49274 0.68441 0.74558
v -0.49274 0.68441 0.74558
v -0.49274 0.68441 0.74558
v -0.49274 0.68441 0.74558
v -0.49274 0.68441 0.74558
v -0.49274 0.68441 0.74558
v -0.49274 0.68441 0.74558
v -0.45566 0.68441 0.73971
v -0.45848 0.69860 0.73971
v -0.46652 0.71063 0.73971
v -0.47855 0.71867 0.73971
v -0.49274 0.72149 0.73971
v -0.50693 0.71867 0.73971
v -0.51896 0.71063 0.73971
v -0.52700 0.69860 0.73971
v -0.52982 0.68441 0.73971
v -0.52700 0.67022 0.73971
v -0.51896 0.65819 0.73971
v -0.50693 0.65015 0.73971
v -0.49274 0.64733 0.73971
v -0.47855 0.65015 0.73971
v -0.46652 0.65819 0.73971
v -0.45848 0.67022 0.73971
v -0.42220 0.68441 0.72266
v -0.42757 0.71140 0.72266
v -0.44286 0.73429 0.72266
v -0.46574 0.74958 0.72266
v -0.49274 0.75495 0.72266
v -0.51973 0.74958 0.72266
v -0.54261 0.73429 0.72266
v -0.55790 0.71140 0.72266
v -0.56327 0.68441 0.72266
v -0.55790 0.65742 0.72266
v -0.54261 0.63454 0.72266
v -0.51973 0.61925 0.72266
v -0.49274 0.61388 0.72266
v -0.46574 0.61925 0.72266
v -0.44286 0.63454 0.72266
v -0.42757 0.65742 0.72266
v -0.39566 0.68441 0.69612
v -0.40305 0.72156 0.69612
v -0.42409 0.75306 0.69612
v -0.45559 0.77410 0.69612
v -0.49274 0.78149 0.69612
v -0.52989 0.77410 0.69612
v -0.56138 0.75306 0.69612
v -0.58243 0.72156 0.69612
v -0.58982 0.68441 0.69612
v -0.58243 0.64726 0.69612
v -0.56138 0.61576 0.69612
v -0.52989 0.59472 0.69612
v -0.49274 0.58733 0.69612
v -0.45559 0.59472 0.69612
v -0.42409 0.61576 0.69612
v -0.40305 0.64726 0.69612
v -0.37861 0.68441 0.66266
v -0.38730 0.72809 0.66266
v -0.41204 0.76511 0.66266
v -0.44906 0.78985 0.66266
v -0.49274 0.79854 0.66266
v -0.53641 0.78985 0.66266
v -0.57344 0.76511 0.66266
v -0.59818 0.72809 0.66266
v -0.60686 0.68441 0.66266
v -0.59818 0.64074 0.66266
v -0.57344 0.60371 0.66266
v -0.53641 0.57897 0.66266
v -0.49274 0.57029 0.66266
v -0.44906 0.57897 0.66266
v -0.41204 0.60371 0.66266
v -0.38730 0.64074 0.66266
v -0.37274 0.68441 0.62558
v -0.38187 0.73033 0.62558
v -0.40788 0.76926 0.62558
v -0.44682 0.79528 0.62558
v -0.49274 0.80441 0.62558
v -0.53866 0.79528 0.62558
v -0.57759 0.76926 0.62558
v -0.60360 0.73033 0.62558
v -0.61274 0.68441 0.62558
v -0.60360 0.63849 0.62558
v -0.57759 0.59956 0.62558
v -0.53866 0.57355 0.62558
v -0.49274 0.56441 0.62558
v -0.44682 0.57355 0.62558
v -0.40788 0.59956 0.62558
v -0.38187 0.63849 0.62558
v -0.37861 0.68441 0.58850
v -0.38730 0.72809 0.58850
v -0.41204 0.76511 0.58850
v -0.44906 0.78985 0.58850
v -0.49274 0.79854 0.58850
v -0.53641 0.78985 0.58850
v -0.57344 0.76511 0.58850
v -0.59818 0.72809 0.58850
v -0.60686 0.68441 0.58850
v -0.59818 0.64074 0.58850
v -0.57344 0.60371 0.58850
v -0.53641 0.57897 0.58850
v -0.49274 0.57029 0.58850
v -0.44906 0.57897 0.58850
v -0.41204 0.60371 0.58850
v -0.38730 0.64074 0.58850
v -0.39566 0.68441 0.55505
v -0.40305 0.72156 0.55505
v -0.42409 0.75306 0.55505
v -0.45559 0.77410 0.55505
v -0.49274 0.78149 0.55505
v -0.52989 0.77410 0.55505
v -0.56138 0.75306 0.55505
v -0.58243 0.72156 0.55505
v -0.58982 0.68441 0.55505
v -0.58243 0.64726 0.55505
v -0.56138 0.61576 0.55505
v -0.52989 0.59472 0.55505
v -0.49274 0.58733 0.55505
v -0.45559 0.59472 0.55505
v -0.42409 0.61576 0.55505
v -0.40305 0.64726 0.55505
v -0.42220 0.68441 0.52850
v -0.42757 0.71140 0.52850
v -0.44286 0.73429 0.52850
v -0.46574 0.74958 0.52850
v -0.49274 0.75495 0.52850
v -0.51973 0.74958 0.52850
v -0.54261 0.73429 0.52850
v -0.55790 0.71140 0.52850
v -0.56327 0.68441 0.52850
v -0.55790 0.65742 0.52850
v -0.54261 0.63454 0.52850
v -0.51973 0.61925 0.52850
v -0.49274 0.61388 0.52850
v -0.46574 0.61925 0.52850
v -0.44286 0.63454 0.52850
v -0.42757 0.65742 0.52850
v -0.45566 0.68441 0.51146
v -0.45848 0.69860 0.51146
v -0.46652 0.71063 0.51146
v -0.47855 0.71867 0.51146
v -0.49274 0.72149 0.51146
v -0.50693 0.71867 0.51146
v -0.51896 0.71063 0.51146
v -0.52700 0.69860 0.51146
v -0.52982 0.68441 0.51146
v -0.52700 0.67022 0.51146
v -0.51896 0.65819 0.51146
v -0.50693 0.65015 0.51146
v -0.49274 0.64733 0.51146
v -0.47855 0.65015 0.51146
v -0.46652 0.65819 0.51146
v -0.45848 0.67022 0.51146
v -0.49274 0.68441 0.50558
v -0.49274 0.68441 0.50558
v -0.49274 0.68441 0.50558
v -0.49274 0.68441 0.50558
v -0.49274 0.68441 0.50558
v -0.49274 0.68441 0.50558
v -0.49274 0.68441 0.50558
v -0.49274 0.68441 0.50558
v -0.49274 0.68441 0.50558
v -0.49274 0.68441 0.50558
v -0.49274 0.68441 0.50558
v -0.49274 0.68441 0.50558
v -0.49274 0.68441 0.50558
v -0.49274 0.68441 0.50558
v -0.49274 0.68441 0.50558
v -0.49274 0.68441 0.50558
v -1.39020 -0.95410 -0.37204
v -1.39020 -0.95410 -0.37204
v -1.39020 -0.95410 -0.37204
v -1.39020 -0.95410 -0.37204
v -1.39020 -0.95410 -0.37204
v -1.39020 -0.95410 -0.37204
v -1.39020 -0.95410 -0.37204
v -1.39020 -0.95410 -0.37204
v -1.39020 -0.95410 -0.37204
v -1.39020 -0.95410 -0.37204
v -1.39020 -0.95410 -0.37204
v -1.39020 -0.95410 -0.37204
v -1.39020 -0.95410 -0.37204
v -1.39020 -0.95410 -0.37204
v -1.39020 -0.95410 -0.37204
v -1.39020 -0.95410 -0.37204
v -1.35312 -0.95410 -0.37791
v -1.35594 -0.93991 -0.37791
v -1.36398 -0.92788 -0.37791
v -1.37601 -0.91984 -0.37791
v -1.39020 -0.91702 -0.37791
v -1.40439 -0.91984 -0.37791
v -1.41642 -0.92788 -0.37791
v -1.42446 -0.93991 -0.37791
v -1.42729 -0.95410 -0.37791
v -1.42446 -0.96829 -0.37791
v -1.41642 -0.98032 -0.37791
v -1.40439 -0.98836 -0.37791
v -1.39020 -0.99118 -0.37791
v -1.37601 -0.98836 -0.37791
v -1.36398 -0.98032 -0.37791
v -1.35594 -0.96829 -0.37791
v -1.31967 -0.95410 -0.39496
v -1.32504 -0.92711 -0.39496
v -1.34033 -0.90422 -0.39496
v -1.36321 -0.88893 -0.39496
v -1.39020 -0.88357 -0.39496
v -1.41720 -0.88893 -0.39496
v -1.44008 -0.90422 -0.39496
v -1.45537 -0.92711 -0.39496
v -1.46074 -0.95410 -0.39496
v -1.45537 -0.98109 -0.39496
v -1.44008 -1.00397 -0.39496
v -1.41720 -1.01926 -0.39496
v -1.39020 -1.02463 -0.39496
v -1.36321 -1.01926 -0.39496
v -1.34033 -1.00397 -0.39496
v -1.32504 -0.98109 -0.39496
v -1.29312 -0.95410 -0.42151
v -1.30051 -0.91695 -0.42151
v -1.32156 -0.88545 -0.42151
v -1.35305 -0.86441 -0.42151
v -1.39020 -0.85702 -0.42151
v -1.42736 -0.86441 -0.42151
v -1.45885 -0.88545 -0.42151
v -1.47990 -0.91695 -0.42151
v -1.48729 -0.95410 -0.42151
v -1.47990 -0.99125 -0.42151
v -1.45885 -1.02275 -0.42151
v -1.42736 -1.04379 -0.42151
v -1.39020 -1.05118 -0.42151
v -1.35305 -1.04379 -0.42151
v -1.32156 -1.02275 -0.42151
v -1.30051 -0.99125 -0.42151
v -1.27608 -0.95410 -0.45496
v -1.28476 -0.91042 -0.45496
v -1.30950 -0.87340 -0.45496
v -1.34653 -0.84866 -0.45496
v -1.39020 -0.83997 -0.45496
v -1.43388 -0.84866 -0.45496
v -1.47090 -0.87340 -0.45496
v -1.49564 -0.91042 -0.45496
v -1.50433 -0.95410 -0.45496
v -1.49564 -0.99777 -0.45496
v -1.47090 -1.03480 -0.45496
v -1.43388 -1.05954 -0.45496
v -1.39020 -1.06823 -0.45496
v -1.34653 -1.05954 -0.45496
v -1.30950 -1.03480 -0.45496
v -1.28476 -0.99777 -0.45496
v -1.27020 -0.95410 -0.49204
v -1.27934 -0.90818 -0.49204
v -1.30535 -0.86925 -0.49204
v -1.34428 -0.84323 -0.49204
v -1.39020 -0.83410 -0.49204
v -1.43613 -0.84323 -0.49204
v -1.47506 -0.86925 -0.49204
v -1.50107 -0.90818 -0.49204
v -1.51020 -0.95410 -0.49204
v -1.50107 -1.00002 -0.49204
v -1.47506 -1.03895 -0.49204
v -1.43613 -1.06496 -0.49204
v -1.39020 -1.07410 -0.49204
v -1.34428 -1.06496 -0.49204
v -1.30535 -1.03895 -0.49204
v -1.27934 -1.00002 -0.49204
v -1.27608 -0.95410 -0.52912
v -1.28476 -0.91042 -0.52912
v -1.30950 -0.87340 -0.52912
v -1.34653 -0.84866 -0.52912
v -1.39020 -0.83997 -0.52912
v -1.43388 -0.84866 -0.52912
v -1.47090 -0.87340 -0.52912
v -1.49564 -0.91042 -0.52912
v -1.50433 -0.95410 -0.52912
v -1.49564 -0.99777 -0.52912
v -1.47090 -1.03480 -0.52912
v -1.43388 -1.05954 -0.52912
v -1.39020 -1.06823 -0.52912
v -1.34653 -1.05954 -0.52912
v -1.30950 -1.03480 -0.52912
v -1.28476 -0.99777 -0.52912
v -1.29312 -0.95410 -0.56257
v -1.30051 -0.91695 -0.56257
v -1.32156 -0.88545 -0.56257
v -1.35305 -0.86441 -0.56257
v -1.39020 -0.85702 -0.56257
v -1.42736 -0.86441 -0.56257
v -1.45885 -0.88545 -0.56257
v -1.47990 -0.91695 -0.56257
v -1.48729 -0.95410 -0.56257
v -1.47990 -0.99125 -0.56257
v -1.45885 -1.02275 -0.56257
v -1.42736 -1.04379 -0.56257
v -1.39020 -1.05118 -0.56257
v -1.35305 -1.04379 -0.56257
v -1.32156 -1.02275 -0.56257
v -1.30051 -0.99125 -0.56257
v -1.31967 -0.95410 -0.58912
v -1.32504 -0.92711 -0.58912
v -1.34033 -0.90422 -0.58912
v -1.36321 -0.88893 -0.58912
v -1.39020 -0.88357 -0.58912
v -1.41720 -0.88893 -0.58912
v -1.44008 -0.90422 -0.58912
v -1.45537 -0.92711 -0.58912
v -1.46074 -0.95410 -0.58912
v -1.45537 -0.98109 -0.58912
v -1.44008 -1.00397 -0.58912
v -1.41720 -1.01926 -0.58912
v -1.39020 -1.02463 -0.58912
v -1.36321 -1.01926 -0.58912
v -1.34033 -1.00397 -0.58912
v -1.32504 -0.98109 -0.58912
v -1.35312 -0.95410 -0.60617
v -1.35594 -0.93991 -0.60617
v -1.36398 -0.92788 -0.60617
v -1.37601 -0.91984 -0.60617
v -1.39020 -0.91702 -0.60617
v -1.40439 -0.91984 -0.60617
v -1.41642 -0.92788 -0.60617
v -1.42446 -0.93991 -0.60617
v -1.42729 -0.95410 -0.60617
v -1.42446 -0.96829 -0.60617
v -1.41642 -0.98032 -0.60617
v -1.40439 -0.98836 -0.60617
v -1.39020 -0.99118 -0.60617
v -1.37601 -0.98836 -0.60617
v -1.36398 -0.98032 -0.60617
v -1.35594 -0.96829 -0.60617
v -1.39020 -0.95410 -0.61204
v -1.39020 -0.95410 -0.61204
v -1.39020 -0.95410 -0.61204
v -1.39020 -0.95410 -0.61204
v -1.39020 -0.95410 -0.61204
v -1.39020 -0.95410 -0.61204
v -1.39020 -0.95410 -0.61204
v -1.39020 -0.95410 -0.61204
v -1.39020 -0.95410 -0.61204
v -1.39020 -0.95410 -0.61204
v -1.39020 -0.95410 -0.61204
v -1.39020 -0.95410 -0.61204
v -1.39020 -0.95410 -0.61204
v -1.39020 -0.95410 -0.61204
v -1.39020 -0.95410 -0.61204
v -1.39020 -0.95410 -0.61204
v 0.04086 1.11639 0.12004
v 0.04086 1.11639 0.12004
v 0.04086 1.11639 0.12004
v 0.04086 1.11639 0.12004
v 0.04086 1.11639 0.12004
v 0.04086 1.11639 0.12004
v 0.04086 1.11639 0.12004
v 0.04086 1.11639 0.12004
v 0.04086 1.11639 0.12004
v 0.04086 1.11639 0.12004
v 0.04086 1.11639 0.12004
v 0.04086 1.11639 0.12004
v 0.04086 1.11639 0.12004
v 0.04086 1.11639 0.12004
v 0.04086 1.11639 0.12004
v 0.04086 1.11639 0.12004
v 0.07794 1.11639 0.11417
v 0.07512 1.13058 0.11417
v 0.06708 1.14261 0.11417
v 0.05505 1.15064 0.11417
v 0.04086 1.15347 0.11417
v 0.02667 1.15064 0.11417
v 0.01464 1.14261 0.11417
v 0.00660 1.13058 0.11417
v 0.00378 1.11639 0.11417
v 0.00660 1.10219 0.11417
v 0.01464 1.09016 0.11417
v 0.02667 1.08213 0.11417
v 0.04086 1.07930 0.11417
v 0.05505 1.08213 0.11417
v 0.06708 1.09016 0.11417
v 0.07512 1.10219 0.11417
v 0.11140 1.11639 0.09713
v 0.10603 1.14338 0.09713
v 0.09074 1.16626 0.09713
v 0.06785 1.18155 0.09713
v 0.04086 1.18692 0.09713
v 0.01387 1.18155 0.09713
v -0.00901 1.16626 0.09713
v -0.02430 1.14338 0.09713
v -0.02967 1.11639 0.09713
v -0.02430 1.08939 0.09713
v -0.00901 1.06651 0.09713
v 0.01387 1.05122 0.09713
v 0.04086 1.04585 0.09713
v 0.06785 1.05122 0.09713
v 0.09074 1.06651 0.09713
v 0.10603 1.08939 0.09713
v 0.13794 1.11639 0.07058
v 0.13055 1.15354 0.07058
v 0.10951 1.18503 0.07058
v 0.07801 1.20608 0.07058
v 0.04086 1.21347 0.07058
v 0.00371 1.20608 0.07058
v -0.02779 1.18503 0.07058
v -0.04883 1.15354 0.07058
v -0.05622 1.11639 0.07058
v -0.04883 1.07923 0.07058
v -0.02779 1.04774 0.07058
v 0.00371 1.02669 0.07058
v 0.04086 1.01930 0.07058
v 0.07801 1.02669 0.07058
v 0.10951 1.04774 0.07058
v 0.13055 1.07923 0.07058
v 0.15499 1.11639 0.03713
v 0.14630 1.16006 0.03713
v 0.12156 1.19709 0.03713
v 0.08454 1.22182 0.03713
v 0.04086 1.23051 0.03713
v -0.00281 1.22182 0.03713
v -0.03984 1.19709 0.03713
v -0.06458 1.16006 0.03713
v -0.07326 1.11639 0.03713
v -0.06458 1.07271 0.03713
v -0.03984 1.03569 0.03713
v -0.00281 1.01095 0.03713
v 0.04086 1.00226 0.03713
v 0.08454 1.01095 0.03713
v 0.12156 1.03569 0.03713
v 0.14630 1.07271 0.03713
v 0.16086 1.11639 0.00004
v 0.15173 1.16231 0.00004
v 0.12571 1.20124 0.00004
v 0.08678 1.22725 0.00004
v 0.04086 1.23639 0.00004
v -0.00506 1.22725 0.00004
v -0.04399 1.20124 0.00004
v -0.07000 1.16231 0.00004
v -0.07914 1.11639 0.00004
v -0.07000 1.07046 0.00004
v -0.04399 1.03153 0.00004
v -0.00506 1.00552 0.00004
v 0.04086 0.99639 0.00004
v 0.08678 1.00552 0.00004
v 0.12571 1.03153 0.00004
v 0.15173 1.07046 0.00004
v 0.15499 1.11639 -0.03704
v 0.14630 1.16006 -0.03704
v 0.12156 1.19709 -0.03704
v 0.08454 1.22182 -0.03704
v 0.04086 1.23051 -0.03704
v -0.00281 1.22182 -0.03704
v -0.03984 1.19709 -0.03704
v -0.06458 1.16006 -0.03704
v -0.07326 1.11639 -0.03704
v -0.06458 1.07271 -0.03704
v -0.03984 1.03569 -0.03704
v -0.00281 1.01095 -0.03704
v 0.04086 1.00226 -0.03704
v 0.08454 1.01095 -0.03704
v 0.12156 1.03569 -0.03704
v 0.14630 1.07271 -0.03704
v 0.13794 1.11639 -0.07049
v 0.13055 1.15354 -0.07049
v 0.10951 1.18503 -0.07049
v 0.07801 1.20608 -0.07049
v 0.04086 1.21347 -0.07049
v 0.00371 1.20608 -0.07049
v -0.02779 1.18503 -0.07049
v -0.04883 1.15354 -0.07049
v -0.05622 1.11639 -0.07049
v -0.04883 1.07923 -0.07049
v -0.02779 1.04774 -0.07049
v 0.00371 1.02669 -0.07049
v 0.04086 1.01930 -0.07049
v 0.07801 1.02669 -0.07049
v 0.10951 1.04774 -0.07049
v 0.13055 1.07923 -0.07049
v 0.11140 1.11639 -0.09704
v 0.10603 1.14338 -0.09704
v 0.09074 1.16626 -0.09704
v 0.06785 1.18155 -0.09704
v 0.04086 1.18692 -0.09704
v 0.01387 1.18155 -0.09704
v -0.00901 1.16626 -0.09704
v -0.02430 1.14338 -0.09704
v -0.02967 1.11639 -0.09704
v -0.02430 1.08939 -0.09704
v -0.00901 1.06651 -0.09704
v 0.01387 1.05122 -0.09704
v 0.04086 1.04585 -0.09704
v 0.06785 1.05122 -0.09704
v 0.09074 1.06651 -0.09704
v 0.10603 1.08939 -0.09704
v 0.07794 1.11639 -0.11408
v 0.07512 1.13058 -0.11408
v 0.06708 1.14261 -0.11408
v 0.05505 1.15064 -0.11408
v 0.04086 1.15347 -0.11408
v 0.02667 1.15064 -0.11408
v 0.01464 1.14261 -0.11408
v 0.00660 1.13058 -0.11408
v 0.00378 1.11639 -0.11408
v 0.00660 1.10219 -0.11408
v 0.01464 1.09016 -0.11408
v 0.02667 1.08213 -0.11408
v 0.04086 1.07930 -0.11408
v 0.05505 1.08213 -0.11408
v 0.06708 1.09016 -0.11408
v 0.07512 1.10219 -0.11408
v 0.04086 1.11639 -0.11996
v 0.04086 1.11639 -0.11996
v 0.04086 1.11639 -0.11996
v 0.04086 1.11639 -0.11996
v 0.04086 1.11639 -0.11996
v 0.04086 1.11639 -0.11996
v 0.04086 1.11639 -0.11996
v 0.04086 1.11639 -0.11996
v 0.04086 1.11639 -0.11996
v 0.04086 1.11639 -0.11996
v 0.04086 1.11639 -0.11996
v 0.04086 1.11639 -0.11996
v 0.04086 1.11639 -0.11996
v 0.04086 1.11639 -0.11996
v 0.04086 1.11639 -0.11996
v 0.04086 1.11639 -0.11996
v 0.06839 -1.00020 -0.14193
v 0.06839 -1.00020 -0.14193
v 0.06839 -1.00020 -0.14193
v 0.06839 -1.00020 -0.14193
v 0.06839 -1.00020 -0.14193
v 0.06839 -1.00020 -0.14193
v 0.06839 -1.00020 -0.14193
v 0.06839 -1.00020 -0.14193
v 0.06839 -1.00020 -0.14193
v 0.06839 -1.00020 -0.14193
v 0.06839 -1.00020 -0.14193
v 0.06839 -1.00020 -0.14193
v 0.06839 -1.00020 -0.14193
v 0.06839 -1.00020 -0.14193
v 0.06839 -1.00020 -0.14193
v 0.06839 -1.00020 -0.14193
v 0.10547 -1.00020 -0.14780
v 0.10265 -0.98600 -0.14780
v 0.09461 -0.97397 -0.14780
v 0.08258 -0.96594 -0.14780
v 0.06839 -0.96311 -0.14780
v 0.05420 -0.96594 -0.14780
v 0.04217 -0.97397 -0.14780
v 0.03413 -0.98600 -0.14780
v 0.03131 -1.00020 -0.14780
v 0.03413 -1.01439 -0.14780
v 0.04217 -1.02642 -0.14780
v 0.05420 -1.03445 -0.14780
v 0.06839 -1.03728 -0.14780
v 0.08258 -1.03445 -0.14780
v 0.09461 -1.02642 -0.14780
v 0.10265 -1.01439 -0.14780
v 0.13892 -1.00020 -0.16484
v 0.13356 -0.97320 -0.16484
v 0.11827 -0.95032 -0.16484
v 0.09538 -0.93503 -0.16484
v 0.06839 -0.92966 -0.16484
v 0.04140 -0.93503 -0.16484
v 0.01852 -0.95032 -0.16484
v 0.00323 -0.97320 -0.16484
v -0.00214 -1.00020 -0.16484
v 0.00323 -1.02719 -0.16484
v 0.01852 -1.05007 -0.16484
v 0.04140 -1.06536 -0.16484
v 0.06839 -1.07073 -0.16484
v 0.09538 -1.06536 -0.16484
v 0.11827 -1.05007 -0.16484
v 0.13356 -1.02719 -0.16484
v 0.16547 -1.00020 -0.19139
v 0.15808 -0.96304 -0.19139
v 0.13704 -0.93155 -0.19139
v 0.10554 -0.91050 -0.19139
v 0.06839 -0.90311 -0.19139
v 0.03124 -0.91050 -0.19139
v -0.00026 -0.93155 -0.19139
v -0.02130 -0.96304 -0.19139
v -0.02869 -1.00020 -0.19139
v -0.02130 -1.03735 -0.19139
v -0.00026 -1.06884 -0.19139
v 0.03124 -1.08989 -0.19139
v 0.06839 -1.09728 -0.19139
v 0.10554 -1.08989 -0.19139
v 0.13704 -1.06884 -0.19139
v 0.15808 -1.03735 -0.19139
v 0.18252 -1.00020 -0.22484
v 0.17383 -0.95652 -0.22484
v 0.14909 -0.91950 -0.22484
v 0.11206 -0.89476 -0.22484
v 0.06839 -0.88607 -0.22484
v 0.02472 -0.89476 -0.22484
v -0.01231 -0.91950 -0.22484
v -0.03705 -0.95652 -0.22484
v -0.04574 -1.00020 -0.22484
v -0.03705 -1.04387 -0.22484
v -0.01231 -1.08090 -0.22484
v 0.02472 -1.10563 -0.22484
v 0.06839 -1.11432 -0.22484
v 0.11206 -1.10563 -0.22484
v 0.14909 -1.08090 -0.22484
v 0.17383 -1.04387 -0.22484
v 0.18839 -1.00020 -0.26193
v 0.17926 -0.95427 -0.26193
v 0.15324 -0.91534 -0.26193
v 0.11431 -0.88933 -0.26193
v 0.06839 -0.88020 -0.26193
v 0.02247 -0.88933 -0.26193
v -0.01646 -0.91534 -0.26193
v -0.04248 -0.95427 -0.26193
v -0.05161 -1.00020 -0.26193
v -0.04248 -1.04612 -0.26193
v -0.01646 -1.08505 -0.26193
v 0.02247 -1.11106 -0.26193
v 0.06839 -1.12020 -0.26193
v 0.11431 -1.11106 -0.26193
v 0.15324 -1.08505 -0.26193
v 0.17926 -1.04612 -0.26193
v 0.18252 -1.00020 -0.29901
v 0.17383 -0.95652 -0.29901
v 0.14909 -0.91950 -0.29901
v 0.11206 -0.89476 -0.29901
v 0.06839 -0.88607 -0.29901
v 0.02472 -0.89476 -0.29901
v -0.01231 -0.91950 -0.29901
v -0.03705 -0.95652 -0.29901
v -0.04574 -1.00020 -0.29901
v -0.03705 -1.04387 -0.29901
v -0.01231 -1.08090 -0.29901
v 0.02472 -1.10563 -0.29901
v 0.06839 -1.11432 -0.29901
v 0.11206 -1.10563 -0.29901
v 0.14909 -1.08090 -0.29901
v 0.17383 -1.04387 -0.29901
v 0.16547 -1.00020 -0.33246
v 0.15808 -0.96304 -0.33246
v 0.13704 -0.93155 -0.33246
v 0.10554 -0.91050 -0.33246
v 0.06839 -0.90311 -0.33246
v 0.03124 -0.91050 -0.33246
v -0.00026 -0.93155 -0.33246
v -0.02130 -0.96304 -0.33246
v -0.02869 -1.00020 -0.33246
v -0.02130 -1.03735 -0.33246
v -0.00026 -1.06884 -0.33246
v 0.03124 -1.08989 -0.33246
v 0.06839 -1.09728 -0.33246
v 0.10554 -1.08989 -0.33246
v 0.13704 -1.06884 -0.33246
v 0.15808 -1.03735 -0.33246
v 0.13892 -1.00020 -0.35901
v 0.13356 -0.97320 -0.35901
v 0.11827 -0.95032 -0.35901
v 0.09538 -0.93503 -0.35901
v 0.06839 -0.92966 -0.35901
v 0.04140 -0.93503 -0.35901
v 0.01852 -0.95032 -0.35901
v 0.00323 -0.97320 -0.35901
v -0.00214 -1.00020 -0.35901
v 0.00323 -1.02719 -0.35901
v 0.01852 -1.05007 -0.35901
v 0.04140 -1.06536 -0.35901
v 0.06839 -1.07073 -0.35901
v 0.09538 -1.06536 -0.35901
v 0.11827 -1.05007 -0.35901
v 0.13356 -1.02719 -0.35901
v 0.10547 -1.00020 -0.37605
v 0.10265 -0.98600 -0.37605
v 0.09461 -0.97397 -0.37605
v 0.08258 -0.96594 -0.37605
v 0.06839 -0.96311 -0.37605
v 0.05420 -0.96594 -0.37605
v 0.04217 -0.97397 -0.37605
v 0.03413 -0.98600 -0.37605
v 0.03131 -1.00020 -0.37605
v 0.03413 -1.01439 -0.37605
v 0.04217 -1.02642 -0.37605
v 0.05420 -1.03445 -0.37605
v 0.06839 -1.03728 -0.37605
v 0.08258 -1.03445 -0.37605
v 0.09461 -1.02642 -0.37605
v 0.10265 -1.01439 -0.37605
v 0.06839 -1.00020 -0.38193
v 0.06839 -1.00020 -0.38193
v 0.06839 -1.00020 -0.38193
v 0.06839 -1.00020 -0.38193
v 0.06839 -1.00020 -0.38193
v 0.06839 -1.00020 -0.38193
v 0.06839 -1.00020 -0.38193
v 0.06839 -1.00020 -0.38193
v 0.06839 -1.00020 -0.38193
v 0.06839 -1.00020 -0.38193
v 0.06839 -1.00020 -0.38193
v 0.06839 -1.00020 -0.38193
v 0.06839 -1.00020 -0.38193
v 0.06839 -1.00020 -0.38193
v 0.06839 -1.00020 -0.38193
v 0.06839 -1.00020 -0.38193
v -0.40231 0.97891 -1.31059
v -0.40231 0.97891 -1.31059
v -0.40231 0.97891 -1.31059
v -0.40231 0.97891 -1.31059
v -0.40231 0.97891 -1.31059
v -0.40231 0.97891 -1.31059
v -0.40231 0.97891 -1.31059
v -0.40231 0.97891 -1.31059
v -0.40231 0.97891 -1.31059
v -0.40231 0.97891 -1.31059
v -0.40231 0.97891 -1.31059
v -0.40231 0.97891 -1.31059
v -0.40231 0.97891 -1.31059
v -0.40231 0.97891 -1.31059
v -0.40231 0.97891 -1.31059
v -0.40231 0.97891 -1.31059
v -0.36523 0.97891 -1.31647
v -0.36805 0.99310 -1.31647
v -0.37609 1.00513 -1.31647
v -0.38812 1.01317 -1.31647
v -0.40231 1.01599 -1.31647
v -0.41650 1.01317 -1.31647
v -0.42853 1.00513 -1.31647
v -0.43657 0.99310 -1.31647
v -0.43940 0.97891 -1.31647
v -0.43657 0.96472 -1.31647
v -0.42853 0.95269 -1.31647
v -0.41650 0.94465 -1.31647
v -0.40231 0.94182 -1.31647
v -0.38812 0.94465 -1.31647
v -0.37609 0.95269 -1.31647
v -0.36805 0.96472 -1.31647
v -0.33178 0.97891 -1.33351
v -0.33715 1.00590 -1.33351
v -0.35244 1.02878 -1.33351
v -0.37532 1.04407 -1.33351
v -0.40231 1.04944 -1.33351
v -0.42931 1.04407 -1.33351
v -0.45219 1.02878 -1.33351
v -0.46748 1.00590 -1.33351
v -0.47285 0.97891 -1.33351
v -0.46748 0.95191 -1.33351
v -0.45219 0.92903 -1.33351
v -0.42931 0.91374 -1.33351
v -0.40231 0.90837 -1.33351
v -0.37532 0.91374 -1.33351
v -0.35244 0.92903 -1.33351
v -0.33715 0.95191 -1.33351
v -0.30523 0.97891 -1.36006
v -0.31262 1.01606 -1.36006
v -0.33367 1.04755 -1.36006
v -0.36516 1.06860 -1.36006
v -0.40231 1.07599 -1.36006
v -0.43947 1.06860 -1.36006
v -0.47096 1.04755 -1.36006
v -0.49201 1.01606 -1.36006
v -0.49940 0.97891 -1.36006
v -0.49201 0.94176 -1.36006
v -0.47096 0.91026 -1.36006
v -0.43947 0.88921 -1.36006
v -0.40231 0.88182 -1.36006
v -0.36516 0.88921 -1.36006
v -0.33367 0.91026 -1.36006
v -0.31262 0.94176 -1.36006
v -0.28819 0.97891 -1.39351
v -0.29687 1.02258 -1.39351
v -0.32161 1.05961 -1.39351
v -0.35864 1.08435 -1.39351
v -0.40231 1.09303 -1.39351
v -0.44599 1.08435 -1.39351
v -0.48301 1.05961 -1.39351
v -0.50775 1.02258 -1.39351
v -0.51644 0.97891 -1.39351
v -0.50775 0.93523 -1.39351
v -0.48301 0.89821 -1.39351
v -0.44599 0.87347 -1.39351
v -0.40231 0.86478 -1.39351
v -0.35864 0.87347 -1.39351
v -0.32161 0.89821 -1.39351
v -0.29687 0.93523 -1.39351
v -0.28231 0.97891 -1.43059
v -0.29145 1.02483 -1.43059
v -0.31746 1.06376 -1.43059
v -0.35639 1.08977 -1.43059
v -0.40231 1.09891 -1.43059
v -0.44824 1.08977 -1.43059
v -0.48717 1.06376 -1.43059
v -0.51318 1.02483 -1.43059
v -0.52231 0.97891 -1.43059
v -0.51318 0.93298 -1.43059
v -0.48717 0.89405 -1.43059
v -0.44824 0.86804 -1.43059
v -0.40231 0.85891 -1.43059
v -0.35639 0.86804 -1.43059
v -0.31746 0.89405 -1.43059
v -0.29145 0.93298 -1.43059
v -0.28819 0.97891 -1.46767
v -0.29687 1.02258 -1.46767
v -0.32161 1.05961 -1.46767
v -0.35864 1.08435 -1.46767
v -0.40231 1.09303 -1.46767
v -0.44599 1.08435 -1.46767
v -0.48301 1.05961 -1.46767
v -0.50775 1.02258 -1.46767
v -0.51644 0.97891 -1.46767
v -0.50775 0.93523 -1.46767
v -0.48301 0.89821 -1.46767
v -0.44599 0.87347 -1.46767
v -0.40231 0.86478 -1.46767
v -0.35864 0.87347 -1.46767
v -0.32161 0.89821 -1.46767
v -0.29687 0.93523 -1.46767
v -0.30523 0.97891 -1.50113
v -0.31262 1.01606 -1.50113
v -0.33367 1.04755 -1.50113
v -0.36516 1.06860 -1.50113
v -0.40231 1.07599 -1.50113
v -0.43947 1.06860 -1.50113
v -0.47096 1.04755 -1.50113
v -0.49201 1.01606 -1.50113
v -0.49940 0.97891 -1.50113
v -0.49201 0.94176 -1.50113
v -0.47096 0.91026 -1.50113
v -0.43947 0.88921 -1.50113
v -0.40231 0.88182 -1.50113
v -0.36516 0.88921 -1.50113
v -0.33367 0.91026 -1.50113
v -0.31262 0.94176 -1.50113
v -0.33178 0.97891 -1.52767
v -0.33715 1.00590 -1.52767
v -0.35244 1.02878 -1.52767
v -0.37532 1.04407 -1.52767
v -0.40231 1.04944 -1.52767
v -0.42931 1.04407 -1.52767
v -0.45219 1.02878 -1.52767
v -0.46748 1.00590 -1.52767
v -0.47285 0.97891 -1.52767
v -0.46748 0.95191 -1.52767
v -0.45219 0.92903 -1.52767
v -0.42931 0.91374 -1.52767
v -0.40231 0.90837 -1.52767
v -0.37532 0.91374 -1.52767
v -0.35244 0.92903 -1.52767
v -0.33715 0.95191 -1.52767
v -0.36523 0.97891 -1.54472
v -0.36805 0.99310 -1.54472
v -0.37609 1.00513 -1.54472
v -0.38812 1.01317 -1.54472
v -0.40231 1.01599 -1.54472
v -0.41650 1.01317 -1.54472
v -0.42853 1.00513 -1.54472
v -0.43657 0.99310 -1.54472
v -0.43940 0.97891 -1.54472
v -0.43657 0.96472 -1.54472
v -0.42853 0.95269 -1.54472
v -0.41650 0.94465 -1.54472
v -0.40231 0.94182 -1.54472
v -0.38812 0.94465 -1.54472
v -0.37609 0.95269 -1.54472
v -0.36805 0.96472 -1.54472
v -0.40231 0.97891 -1.55059
v -0.40231 0.97891 -1.55059
v -0.40231 0.97891 -1.55059
v -0.40231 0.97891 -1.55059
v -0.40231 0.97891 -1.55059
v -0.40231 0.97891 -1.55059
v -0.40231 0.97891 -1.55059
v -0.40231 0.97891 -1.55059
v -0.40231 0.97891 -1.55059
v -0.40231 0.97891 -1.55059
v -0.40231 0.97891 -1.55059
v -0.40231 0.97891 -1.55059
v -0.40231 0.97891 -1.55059
v -0.40231 0.97891 -1.55059
v -0.40231 0.97891 -1.55059
v -0.40231 0.97891 -1.55059
v 0.17990 -1.15902 0.82522
v 0.17990 -1.15902 0.82522
v 0.17990 -1.15902 0.82522
v 0.17990 -1.15902 0.82522
v 0.17990 -1.15902 0.82522
v 0.17990 -1.15902 0.82522
v 0.17990 -1.15902 0.82522
v 0.17990 -1.15902 0.82522
v 0.17990 -1.15902 0.82522
v 0.17990 -1.15902 0.82522
v 0.17990 -1.15902 0.82522
v 0.17990 -1.15902 0.82522
v 0.17990 -1.15902 0.82522
v 0.17990 -1.15902 0.82522
v 0.17990 -1.15902 0.82522
v 0.17990 -1.15902 0.82522
v 0.21698 -1.15902 0.81935
v 0.21416 -1.14483 0.81935
v 0.20612 -1.13280 0.81935
v 0.19409 -1.12476 0.81935
v 0.17990 -1.12194 0.81935
v 0.16571 -1.12476 0.81935
v 0.15368 -1.13280 0.81935
v 0.14564 -1.14483 0.81935
v 0.14281 -1.15902 0.81935
v 0.14564 -1.17321 0.81935
v 0.15368 -1.18524 0.81935
v 0.16571 -1.19328 0.81935
v 0.17990 -1.19610 0.81935
v 0.19409 -1.19328 0.81935
v 0.20612 -1.18524 0.81935
v 0.21416 -1.17321 0.81935
v 0.25043 -1.15902 0.80231
v 0.24506 -1.13203 0.80231
v 0.22977 -1.10915 0.80231
v 0.20689 -1.09386 0.80231
v 0.17990 -1.08849 0.80231
v 0.15290 -1.09386 0.80231
v 0.13002 -1.10915 0.80231
v 0.11473 -1.13203 0.80231
v 0.10936 -1.15902 0.80231
v 0.11473 -1.18601 0.80231
v 0.13002 -1.20890 0.80231
v 0.15290 -1.22419 0.80231
v 0.17990 -1.22956 0.80231
v 0.20689 -1.22419 0.80231
v 0.22977 -1.20890 0.80231
v 0.24506 -1.18601 0.80231
v 0.27698 -1.15902 0.77576
v 0.26959 -1.12187 0.77576
v 0.24854 -1.09037 0.77576
v 0.21705 -1.06933 0.77576
v 0.17990 -1.06194 0.77576
v 0.14275 -1.06933 0.77576
v 0.11125 -1.09037 0.77576
v 0.09020 -1.12187 0.77576
v 0.08281 -1.15902 0.77576
v 0.09020 -1.19617 0.77576
v 0.11125 -1.22767 0.77576
v 0.14275 -1.24871 0.77576
v 0.17990 -1.25610 0.77576
v 0.21705 -1.24871 0.77576
v 0.24854 -1.22767 0.77576
v 0.26959 -1.19617 0.77576
v 0.29402 -1.15902 0.74231
v 0.28534 -1.11535 0.74231
v 0.26060 -1.07832 0.74231
v 0.22357 -1.05358 0.74231
v 0.17990 -1.04489 0.74231
v 0.13622 -1.05358 0.74231
v 0.09920 -1.07832 0.74231
v 0.07446 -1.11535 0.74231
v 0.06577 -1.15902 0.74231
v 0.07446 -1.20270 0.74231
v 0.09920 -1.23972 0.74231
v 0.13622 -1.26446 0.74231
v 0.17990 -1.27315 0.74231
v 0.22357 -1.26446 0.74231
v 0.26060 -1.23972 0.74231
v 0.28534 -1.20270 0.74231
v 0.29990 -1.15902 0.70522
v 0.29076 -1.11310 0.70522
v 0.26475 -1.07417 0.70522
v 0.22582 -1.04816 0.70522
v 0.17990 -1.03902 0.70522
v 0.13397 -1.04816 0.70522
v 0.09504 -1.07417 0.70522
v 0.06903 -1.11310 0.70522
v 0.05990 -1.15902 0.70522
v 0.06903 -1.20494 0.70522
v 0.09504 -1.24387 0.70522
v 0.13397 -1.26989 0.70522
v 0.17990 -1.27902 0.70522
v 0.22582 -1.26989 0.70522
v 0.26475 -1.24387 0.70522
v 0.29076 -1.20494 0.70522
v 0.29402 -1.15902 0.66814
v 0.28534 -1.11535 0.66814
v 0.26060 -1.07832 0.66814
v 0.22357 -1.05358 0.66814
v 0.17990 -1.04489 0.66814
v 0.13622 -1.05358 0.66814
v 0.09920 -1.07832 0.66814
v 0.07446 -1.11535 0.66814
v 0.06577 -1.15902 0.66814
v 0.07446 -1.20270 0.66814
v 0.09920 -1.23972 0.66814
v 0.13622 -1.26446 0.66814
v 0.17990 -1.27315 0.66814
v 0.22357 -1.26446 0.66814
v 0.26060 -1.23972 0.66814
v 0.28534 -1.20270 0.66814
v 0.27698 -1.15902 0.63469
v 0.26959 -1.12187 0.63469
v 0.24854 -1.09037 0.63469
v 0.21705 -1.06933 0.63469
v 0.17990 -1.06194 0.63469
v 0.14275 -1.06933 0.63469
v 0.11125 -1.09037 0.63469
v 0.09020 -1.12187 0.63469
v 0.08281 -1.15902 0.63469
v 0.09020 -1.19617 0.63469
v 0.11125 -1.22767 0.63469
v 0.14275 -1.24871 0.63469
v 0.17990 -1.25610 0.63469
v 0.21705 -1.24871 0.63469
v 0.24854 -1.22767 0.63469
v 0.26959 -1.19617 0.63469
v 0.25043 -1.15902 0.60814
v 0.24506 -1.13203 0.60814
v 0.22977 -1.10915 0.60814
v 0.20689 -1.09386 0.60814
v 0.17990 -1.08849 0.60814
v 0.15290 -1.09386 0.60814
v 0.13002 -1.10915 0.60814
v 0.11473 -1.13203 0.60814
v 0.10936 -1.15902 0.60814
v 0.11473 -1.18601 0.60814
v 0.13002 -1.20890 0.60814
v 0.15290 -1.22419 0.60814
v 0.17990 -1.22956 0.60814
v 0.20689 -1.22419 0.60814
v 0.22977 -1.20890 0.60814
v 0.24506 -1.18601 0.60814
v 0.21698 -1.15902 0.59110
v 0.21416 -1.14483 0.59110
v 0.20612 -1.13280 0.59110
v 0.19409 -1.12476 0.59110
v 0.17990 -1.12194 0.59110
v 0.16571 -1.12476 0.59110
v 0.15368 -1.13280 0.59110
v 0.14564 -1.14483 0.59110
v 0.14281 -1.15902 0.59110
v 0.14564 -1.17321 0.59110
v 0.15368 -1.18524 0.59110
v 0.16571 -1.19328 0.59110
v 0.17990 -1.19610 0.59110
v 0.19409 -1.19328 0.59110
v 0.20612 -1.18524 0.59110
v 0.21416 -1.17321 0.59110
v 0.17990 -1.15902 0.58522
v 0.17990 -1.15902 0.58522
v 0.17990 -1.15902 0.58522
v 0.17990 -1.15902 0.58522
v 0.17990 -1.15902 0.58522
v 0.17990 -1.15902 0.58522
v 0.17990 -1.15902 0.58522
v 0.17990 -1.15902 0.58522
v 0.17990 -1.15902 0.58522
v 0.17990 -1.15902 0.58522
v 0.17990 -1.15902 0.58522
v 0.17990 -1.15902 0.58522
v 0.17990 -1.15902 0.58522
v 0.17990 -1.15902 0.58522
v 0.17990 -1.15902 0.58522
v 0.17990 -1.15902 0.58522
v 0.49295 -1.61259 -0.02666
v 0.49295 -1.61259 -0.02666
v 0.49295 -1.61259 -0.02666
v 0.49295 -1.61259 -0.02666
v 0.49295 -1.61259 -0.02666
v 0.49295 -1.61259 -0.02666
v 0.49295 -1.61259 -0.02666
v 0.49295 -1.61259 -0.02666
v 0.49295 -1.61259 -0.02666
v 0.49295 -1.61259 -0.02666
v 0.49295 -1.61259 -0.02666
v 0.49295 -1.61259 -0.02666
v 0.49295 -1.61259 -0.02666
v 0.49295 -1.61259 -0.02666
v 0.49295 -1.61259 -0.02666
v 0.49295 -1.61259 -0.02666
v 0.53003 -1.61259 -0.03253
v 0.52721 -1.59840 -0.03253
v 0.51917 -1.58637 -0.03253
v 0.50714 -1.57833 -0.03253
v 0.49295 -1.57551 -0.03253
v 0.47876 -1.57833 -0.03253
v 0.46673 -1.58637 -0.03253
v 0.45869 -1.59840 -0.03253
v 0.45586 -1.61259 -0.03253
v 0.45869 -1.62678 -0.03253
v 0.46673 -1.63881 -0.03253
v 0.47876 -1.64685 -0.03253
v 0.49295 -1.64967 -0.03253
v 0.50714 -1.64685 -0.03253
v 0.51917 -1.63881 -0.03253
v 0.52721 -1.62678 -0.03253
v 0.56348 -1.61259 -0.04957
v 0.55811 -1.58560 -0.04957
v 0.54282 -1.56271 -0.04957
v 0.51994 -1.54742 -0.04957
v 0.49295 -1.54205 -0.04957
v 0.46595 -1.54742 -0.04957
v 0.44307 -1.56271 -0.04957
v 0.42778 -1.58560 -0.04957
v 0.42241 -1.61259 -0.04957
v 0.42778 -1.63958 -0.04957
v 0.44307 -1.66246 -0.04957
v 0.46595 -1.67775 -0.04957
v 0.49295 -1.68312 -0.04957
v 0.51994 -1.67775 -0.04957
v 0.54282 -1.66246 -0.04957
v 0.55811 -1.63958 -0.04957
v 0.59003 -1.61259 -0.07612
v 0.58264 -1.57544 -0.07612
v 0.56159 -1.54394 -0.07612
v 0.53010 -1.52290 -0.07612
v 0.49295 -1.51551 -0.07612
v 0.45580 -1.52290 -0.07612
v 0.42430 -1.54394 -0.07612
v 0.40325 -1.57544 -0.07612
v 0.39586 -1.61259 -0.07612
v 0.40325 -1.64974 -0.07612
v 0.42430 -1.68124 -0.07612
v 0.45580 -1.70228 -0.07612
v 0.49295 -1.70967 -0.07612
v 0.53010 -1.70228 -0.07612
v 0.56159 -1.68124 -0.07612
v 0.58264 -1.64974 -0.07612
v 0.60707 -1.61259 -0.10957
v 0.59839 -1.56891 -0.10957
v 0.57365 -1.53189 -0.10957
v 0.53662 -1.50715 -0.10957
v 0.49295 -1.49846 -0.10957
v 0.44927 -1.50715 -0.10957
v 0.41225 -1.53189 -0.10957
v 0.38751 -1.56891 -0.10957
v 0.37882 -1.61259 -0.10957
v 0.38751 -1.65626 -0.10957
v 0.41225 -1.69329 -0.10957
v 0.44927 -1.71803 -0.10957
v 0.49295 -1.72672 -0.10957
v 0.53662 -1.71803 -0.10957
v 0.57365 -1.69329 -0.10957
v 0.59839 -1.65626 -0.10957
v 0.61295 -1.61259 -0.14666
v 0.60381 -1.56667 -0.14666
v 0.57780 -1.52774 -0.14666
v 0.53887 -1.50172 -0.14666
v 0.49295 -1.49259 -0.14666
v 0.44702 -1.50172 -0.14666
v 0.40809 -1.52774 -0.14666
v 0.38208 -1.56667 -0.14666
v 0.37295 -1.61259 -0.14666
v 0.38208 -1.65851 -0.14666
v 0.40809 -1.69744 -0.14666
v 0.44702 -1.72345 -0.14666
v 0.49295 -1.73259 -0.14666
v 0.53887 -1.72345 -0.14666
v 0.57780 -1.69744 -0.14666
v 0.60381 -1.65851 -0.14666
v 0.60707 -1.61259 -0.18374
v 0.59839 -1.56891 -0.18374
v 0.57365 -1.53189 -0.18374
v 0.53662 -1.50715 -0.18374
v 0.49295 -1.49846 -0.18374
v 0.44927 -1.50715 -0.18374
v 0.41225 -1.53189 -0.18374
v 0.38751 -1.56891 -0.18374
v 0.37882 -1.61259 -0.18374
v 0.38751 -1.65626 -0.18374
v 0.41225 -1.69329 -0.18374
v 0.44927 -1.71803 -0.18374
v 0.49295 -1.72672 -0.18374
v 0.53662 -1.71803 -0.18374
v 0.57365 -1.69329 -0.18374
v 0.59839 -1.65626 -0.18374
v 0.59003 -1.61259 -0.21719
v 0.58264 -1.57544 -0.21719
v 0.56159 -1.54394 -0.21719
v 0.53010 -1.52290 -0.21719
v 0.49295 -1.51551 -0.21719
v 0.45580 -1.52290 -0.21719
v 0.42430 -1.54394 -0.21719
v 0.40325 -1.57544 -0.21719
v 0.39586 -1.61259 -0.21719
v 0.40325 -1.64974 -0.21719
v 0.42430 -1.68124 -0.21719
v 0.45580 -1.70228 -0.21719
v 0.49295 -1.70967 -0.21719
v 0.53010 -1.70228 -0.21719
v 0.56159 -1.68124 -0.21719
v 0.58264 -1.64974 -0.21719
v 0.56348 -1.61259 -0.24374
v 0.55811 -1.58560 -0.24374
v 0.54282 -1.56271 -0.24374
v 0.51994 -1.54742 -0.24374
v 0.49295 -1.54205 -0.24374
v 0.46595 -1.54742 -0.24374
v 0.44307 -1.56271 -0.24374
v 0.42778 -1.58560 -0.24374
v 0.42241 -1.61259 -0.24374
v 0.42778 -1.63958 -0.24374
v 0.44307 -1.66246 -0.24374
v 0.46595 -1.67775 -0.24374
v 0.49295 -1.68312 -0.24374
v 0.51994 -1.67775 -0.24374
v 0.54282 -1.66246 -0.24374
v 0.55811 -1.63958 -0.24374
v 0.53003 -1.61259 -0.26078
v 0.52721 -1.59840 -0.26078
v 0.51917 -1.58637 -0.26078
v 0.50714 -1.57833 -0.26078
v 0.49295 -1.57551 -0.26078
v 0.47876 -1.57833 -0.26078
v 0.46673 -1.58637 -0.26078
v 0.45869 -1.59840 -0.26078
v 0.45586 -1.61259 -0.26078
v 0.45869 -1.62678 -0.26078
v 0.46673 -1.63881 -0.26078
v 0.47876 -1.64685 -0.26078
v 0.49295 -1.64967 -0.26078
v 0.50714 -1.64685 -0.26078
v 0.51917 -1.63881 -0.26078
v 0.52721 -1.62678 -0.26078
v 0.49295 -1.61259 -0.26666
v 0.49295 -1.61259 -0.26666
v 0.49295 -1.61259 -0.26666
v 0.49295 -1.61259 -0.26666
v 0.49295 -1.61259 -0.26666
v 0.49295 -1.61259 -0.26666
v 0.49295 -1.61259 -0.26666
v 0.49295 -1.61259 -0.26666
v 0.49295 -1.61259 -0.26666
v 0.49295 -1.61259 -0.26666
v 0.49295 -1.61259 -0.26666
v 0.49295 -1.61259 -0.26666
v 0.49295 -1.61259 -0.26666
v 0.49295 -1.61259 -0.26666
v 0.49295 -1.61259 -0.26666
v 0.49295 -1.61259 -0.26666
v -1.04834 -0.78518 0.03454
v -1.04834 -0.78518 0.03454
v -1.04834 -0.78518 0.03454
v -1.04834 -0.78518 0.03454
v -1.04834 -0.78518 0.03454
v -1.04834 -0.78518 0.03454
v -1.04834 -0.78518 0.03454
v -1.04834 -0.78518 0.03454
v -1.04834 -0.78518 0.03454
v -1.04834 -0.78518 0.03454
v -1.04834 -0.78518 0.03454
v -1.04834 -0.78518 0.03454
v -1.04834 -0.78518 0.03454
v -1.04834 -0.78518 0.03454
v -1.04834 -0.78518 0.03454
v -1.04834 -0.78518 0.03454
v -1.01126 -0.78518 0.02867
v -1.01408 -0.77098 0.02867
v -1.02212 -0.75895 0.02867
v -1.03415 -0.75092 0.02867
v -1.04834 -0.74809 0.02867
v -1.06253 -0.75092 0.02867
v -1.07456 -0.75895 0.02867
v -1.08260 -0.77098 0.02867
v -1.08543 -0.78518 0.02867
v -1.08260 -0.79937 0.02867
v -1.07456 -0.81140 0.02867
v -1.06253 -0.81943 0.02867
v -1.04834 -0.82226 0.02867
v -1.03415 -0.81943 0.02867
v -1.02212 -0.81140 0.02867
v -1.01408 -0.79937 0.02867
v -0.97781 -0.78518 0.01163
v -0.98318 -0.75818 0.01163
v -0.99847 -0.73530 0.01163
v -1.02135 -0.72001 0.01163
v -1.04834 -0.71464 0.01163
v -1.07534 -0.72001 0.01163
v -1.09822 -0.73530 0.01163
v -1.11351 -0.75818 0.01163
v -1.11888 -0.78518 0.01163
v -1.11351 -0.81217 0.01163
v -1.09822 -0.83505 0.01163
v -1.07534 -0.85034 0.01163
v -1.04834 -0.85571 0.01163
v -1.02135 -0.85034 0.01163
v -0.99847 -0.83505 0.01163
v -0.98318 -0.81217 0.01163
v -0.95126 -0.78518 -0.01492
v -0.95865 -0.74802 -0.01492
v -0.97970 -0.71653 -0.01492
v -1.01119 -0.69548 -0.01492
v -1.04834 -0.68809 -0.01492
v -1.08550 -0.69548 -0.01492
v -1.11699 -0.71653 -0.01492
v -1.13804 -0.74802 -0.01492
v -1.14543 -0.78518 -0.01492
v -1.13804 -0.82233 -0.01492
v -1.11699 -0.85382 -0.01492
v -1.08550 -0.87487 -0.01492
v -1.04834 -0.88226 -0.01492
v -1.01119 -0.87487 -0.01492
v -0.97970 -0.85382 -0.01492
v -0.95865 -0.82233 -0.01492
v -0.93422 -0.78518 -0.04837
v -0.94290 -0.74150 -0.04837
v -0.96764 -0.70448 -0.04837
v -1.00467 -0.67974 -0.04837
v -1.04834 -0.67105 -0.04837
v -1.09202 -0.67974 -0.04837
v -1.12904 -0.70448 -0.04837
v -1.15378 -0.74150 -0.04837
v -1.16247 -0.78518 -0.04837
v -1.15378 -0.82885 -0.04837
v -1.12904 -0.86587 -0.04837
v -1.09202 -0.89061 -0.04837
v -1.04834 -0.89930 -0.04837
v -1.00467 -0.89061 -0.04837
v -0.96764 -0.86587 -0.04837
v -0.94290 -0.82885 -0.04837
v -0.92834 -0.78518 -0.08546
v -0.93748 -0.73925 -0.08546
v -0.96349 -0.70032 -0.08546
v -1.00242 -0.67431 -0.08546
v -1.04834 -0.66518 -0.08546
v -1.09427 -0.67431 -0.08546
v -1.13320 -0.70032 -0.08546
v -1.15921 -0.73925 -0.08546
v -1.16834 -0.78518 -0.08546
v -1.15921 -0.83110 -0.08546
v -1.13320 -0.87003 -0.08546
v -1.09427 -0.89604 -0.08546
v -1.04834 -0.90518 -0.08546
v -1.00242 -0.89604 -0.08546
v -0.96349 -0.87003 -0.08546
v -0.93748 -0.83110 -0.08546
v -0.93422 -0.78518 -0.12254
v -0.94290 -0.74150 -0.12254
v -0.96764 -0.70448 -0.12254
v -1.00467 -0.67974 -0.12254
v -1.04834 -0.67105 -0.12254
v -1.09202 -0.67974 -0.12254
v -1.12904 -0.70448 -0.12254
v -1.15378 -0.74150 -0.12254
v -1.16247 -0.78518 -0.12254
v -1.15378 -0.82885 -0.12254
v -1.12904 -0.86587 -0.12254
v -1.09202 -0.89061 -0.12254
v -1.04834 -0.89930 -0.12254
v -1.00467 -0.89061 -0.12254
v -0.96764 -0.86587 -0.12254
v -0.94290 -0.82885 -0.12254
v -0.95126 -0.78518 -0.15599
v -0.95865 -0.74802 -0.15599
v -0.97970 -0.71653 -0.15599
v -1.01119 -0.69548 -0.15599
v -1.04834 -0.68809 -0.15599
v -1.08550 -0.69548 -0.15599
v -1.11699 -0.71653 -0.15599
v -1.13804 -0.74802 -0.15599
v -1.14543 -0.78518 -0.15599
v -1.13804 -0.82233 -0.15599
v -1.11699 -0.85382 -0.15599
v -1.08550 -0.87487 -0.15599
v -1.04834 -0.88226 -0.15599
v -1.01119 -0.87487 -0.15599
v -0.97970 -0.85382 -0.15599
v -0.95865 -0.82233 -0.15599
v -0.97781 -0.78518 -0.18254
v -0.98318 -0.75818 -0.18254
v -0.99847 -0.73530 -0.18254
v -1.02135 -0.72001 -0.18254
v -1.04834 -0.71464 -0.18254
v -1.07534 -0.72001 -0.18254
v -1.09822 -0.73530 -0.18254
v -1.11351 -0.75818 -0.18254
v -1.11888 -0.78518 -0.18254
v -1.11351 -0.81217 -0.18254
v -1.09822 -0.83505 -0.18254
v -1.07534 -0.85034 -0.18254
v -1.04834 -0.85571 -0.18254
v -1.02135 -0.85034 -0.18254
v -0.99847 -0.83505 -0.18254
v -0.98318 -0.81217 -0.18254
v -1.01126 -0.78518 -0.19958
v -1.01408 -0.77098 -0.19958
v -1.02212 -0.75895 -0.19958
v -1.03415 -0.75092 -0.19958
v -1.04834 -0.74809 -0.19958
v -1.06253 -0.75092 -0.19958
v -1.07456 -0.75895 -0.19958
v -1.08260 -0.77098 -0.19958
v -1.08543 -0.78518 -0.19958
v -1.08260 -0.79937 -0.19958
v -1.07456 -0.81140 -0.19958
v -1.06253 -0.81943 -0.19958
v -1.04834 -0.82226 -0.19958
v -1.03415 -0.81943 -0.19958
v -1.02212 -0.81140 -0.19958
v -1.01408 -0.79937 -0.19958
v -1.04834 -0.78518 -0.20546
v -1.04834 -0.78518 -0.20546
v -1.04834 -0.78518 -0.20546
v -1.04834 -0.78518 -0.20546
v -1.04834 -0.78518 -0.20546
v -1.04834 -0.78518 -0.20546
v -1.04834 -0.78518 -0.20546
v -1.04834 -0.78518 -0.20546
v -1.04834 -0.78518 -0.20546
v -1.04834 -0.78518 -0.20546
v -1.04834 -0.78518 -0.20546
v -1.04834 -0.78518 -0.20546
v -1.04834 -0.78518 -0.20546
v -1.04834 -0.78518 -0.20546
v -1.04834 -0.78518 -0.20546
v -1.04834 -0.78518 -0.20546
v -0.63916 1.03465 1.31504
v -0.63916 1.03465 1.31504
v -0.63916 1.03465 1.31504
v -0.63916 1.03465 1.31504
v -0.63916 1.03465 1.31504
v -0.63916 1.03465 1.31504
v -0.63916 1.03465 1.31504
v -0.63916 1.03465 1.31504
v -0.63916 1.03465 1.31504
v -0.63916 1.03465 1.31504
v -0.63916 1.03465 1.31504
v -0.63916 1.03465 1.31504
v -0.63916 1.03465 1.31504
v -0.63916 1.03465 1.31504
v -0.63916 1.03465 1.31504
v -0.63916 1.03465 1.31504
v -0.60207 1.03465 1.30916
v -0.60490 1.04884 1.30916
v -0.61294 1.06087 1.30916
v -0.62497 1.06891 1.30916
v -0.63916 1.07173 1.30916
v -0.65335 1.06891 1.30916
v -0.66538 1.06087 1.30916
v -0.67342 1.04884 1.30916
v -0.67624 1.03465 1.30916
v -0.67342 1.02046 1.30916
v -0.66538 1.00843 1.30916
v -0.65335 1.00039 1.30916
v -0.63916 0.99757 1.30916
v -0.62497 1.00039 1.30916
v -0.61294 1.00843 1.30916
v -0.60490 1.02046 1.30916
v -0.56862 1.03465 1.29212
v -0.57399 1.06164 1.29212
v -0.58928 1.08452 1.29212
v -0.61216 1.09981 1.29212
v -0.63916 1.10518 1.29212
v -0.66615 1.09981 1.29212
v -0.68903 1.08452 1.29212
v -0.70432 1.06164 1.29212
v -0.70969 1.03465 1.29212
v -0.70432 1.00766 1.29212
v -0.68903 0.98477 1.29212
v -0.66615 0.96948 1.29212
v -0.63916 0.96411 1.29212
v -0.61216 0.96948 1.29212
v -0.58928 0.98477 1.29212
v -0.57399 1.00766 1.29212
v -0.54207 1.03465 1.26557
v -0.54946 1.07180 1.26557
v -0.57051 1.10330 1.26557
v -0.60201 1.12434 1.26557
v -0.63916 1.13173 1.26557
v -0.67631 1.12434 1.26557
v -0.70780 1.10330 1.26557
v -0.72885 1.07180 1.26557
v -0.73624 1.03465 1.26557
v -0.72885 0.99750 1.26557
v -0.70780 0.96600 1.26557
v -0.67631 0.94496 1.26557
v -0.63916 0.93757 1.26557
v -0.60201 0.94496 1.26557
v -0.57051 0.96600 1.26557
v -0.54946 0.99750 1.26557
v -0.52503 1.03465 1.23212
v -0.53372 1.07832 1.23212
v -0.55846 1.11535 1.23212
v -0.59548 1.14009 1.23212
v -0.63916 1.14877 1.23212
v -0.68283 1.14009 1.23212
v -0.71986 1.11535 1.23212
v -0.74460 1.07832 1.23212
v -0.75328 1.03465 1.23212
v -0.74460 0.99097 1.23212
v -0.71986 0.95395 1.23212
v -0.68283 0.92921 1.23212
v -0.63916 0.92052 1.23212
v -0.59548 0.92921 1.23212
v -0.55846 0.95395 1.23212
v -0.53372 0.99097 1.23212
v -0.51916 1.03465 1.19504
v -0.52829 1.08057 1.19504
v -0.55430 1.11950 1.19504
v -0.59323 1.14551 1.19504
v -0.63916 1.15465 1.19504
v -0.68508 1.14551 1.19504
v -0.72401 1.11950 1.19504
v -0.75002 1.08057 1.19504
v -0.75916 1.03465 1.19504
v -0.75002 0.98873 1.19504
v -0.72401 0.94979 1.19504
v -0.68508 0.92378 1.19504
v -0.63916 0.91465 1.19504
v -0.59323 0.92378 1.19504
v -0.55430 0.94979 1.19504
v -0.52829 0.98873 1.19504
v -0.52503 1.03465 1.15795
v -0.53372 1.07832 1.15795
v -0.55846 1.11535 1.15795
v -0.59548 1.14009 1.15795
v -0.63916 1.14877 1.15795
v -0.68283 1.14009 1.15795
v -0.71986 1.11535 1.15795
v -0.74460 1.07832 1.15795
v -0.75328 1.03465 1.15795
v -0.74460 0.99097 1.15795
v -0.71986 0.95395 1.15795
v -0.68283 0.92921 1.15795
v -0.63916 0.92052 1.15795
v -0.59548 0.92921 1.15795
v -0.55846 0.95395 1.15795
v -0.53372 0.99097 1.15795
v -0.54207 1.03465 1.12450
v -0.54946 1.07180 1.12450
v -0.57051 1.10330 1.12450
v -0.60201 1.12434 1.12450
v -0.63916 1.13173 1.12450
v -0.67631 1.12434 1.12450
v -0.70780 1.10330 1.12450
v -0.72885 1.07180 1.12450
v -0.73624 1.03465 1.12450
v -0.72885 0.99750 1.12450
v -0.70780 0.96600 1.12450
v -0.67631 0.94496 1.12450
v -0.63916 0.93757 1.12450
v -0.60201 0.94496 1.12450
v -0.57051 0.96600 1.12450
v -0.54946 0.99750 1.12450
v -0.56862 1.03465 1.09795
v -0.57399 1.06164 1.09795
v -0.58928 1.08452 1.09795
v -0.61216 1.09981 1.09795
v -0.63916 1.10518 1.09795
v -0.66615 1.09981 1.09795
v -0.68903 1.08452 1.09795
v -0.70432 1.06164 1.09795
v -0.70969 1.03465 1.09795
v -0.70432 1.00766 1.09795
v -0.68903 0.98477 1.09795
v -0.66615 0.96948 1.09795
v -0.63916 0.96411 1.09795
v -0.61216 0.96948 1.09795
v -0.58928 0.98477 1.09795
v -0.57399 1.00766 1.09795
v -0.60207 1.03465 1.08091
v -0.60490 1.04884 1.08091
v -0.61294 1.06087 1.08091
v -0.62497 1.06891 1.08091
v -0.63916 1.07173 1.08091
v -0.65335 1.06891 1.08091
v -0.66538 1.06087 1.08091
v -0.67342 1.04884 1.08091
v -0.67624 1.03465 1.08091
v -0.67342 1.02046 1.08091
v -0.66538 1.00843 1.08091
v -0.65335 1.00039 1.08091
v -0.63916 0.99757 1.08091
v -0.62497 1.00039 1.08091
v -0.61294 1.00843 1.08091
v -0.60490 1.02046 1.08091
v -0.63916 1.03465 1.07504
v -0.63916 1.03465 1.07504
v -0.63916 1.03465 1.07504
v -0.63916 1.03465 1.07504
v -0.63916 1.03465 1.07504
v -0.63916 1.03465 1.07504
v -0.63916 1.03465 1.07504
v -0.63916 1.03465 1.07504
v -0.63916 1.03465 1.07504
v -0.63916 1.03465 1.07504
v -0.63916 1.03465 1.07504
v -0.63916 1.03465 1.07504
v -0.63916 1.03465 1.07504
v -0.63916 1.03465 1.07504
v -0.63916 1.03465 1.07504
v -0.63916 1.03465 1.07504
v 0.50188 -0.97375 0.21805
v 0.50188 -0.97375 0.21805
v 0.50188 -0.97375 0.21805
v 0.50188 -0.97375 0.21805
v 0.50188 -0.97375 0.21805
v 0.50188 -0.97375 0.21805
v 0.50188 -0.97375 0.21805
v 0.50188 -0.97375 0.21805
v 0.50188 -0.97375 0.21805
v 0.50188 -0.97375 0.21805
v 0.50188 -0.97375 0.21805
v 0.50188 -0.97375 0.21805
v 0.50188 -0.97375 0.21805
v 0.50188 -0.97375 0.21805
v 0.50188 -0.97375 0.21805
v 0.50188 -0.97375 0.21805
v 0.53896 -0.97375 0.21218
v 0.53614 -0.95956 0.21218
v 0.52810 -0.94753 0.21218
v 0.51607 -0.93949 0.21218
v 0.50188 -0.93667 0.21218
v 0.48769 -0.93949 0.21218
v 0.47566 -0.94753 0.21218
v 0.46762 -0.95956 0.21218
v 0.46480 -0.97375 0.21218
v 0.46762 -0.98794 0.21218
v 0.47566 -0.99997 0.21218
v 0.48769 -1.00801 0.21218
v 0.50188 -1.01083 0.21218
v 0.51607 -1.00801 0.21218
v 0.52810 -0.99997 0.21218
v 0.53614 -0.98794 0.21218
v 0.57241 -0.97375 0.19514
v 0.56704 -0.94676 0.19514
v 0.55176 -0.92387 0.19514
v 0.52887 -0.90858 0.19514
v 0.50188 -0.90321 0.19514
v 0.47489 -0.90858 0.19514
v 0.45200 -0.92387 0.19514
v 0.43671 -0.94676 0.19514
v 0.43135 -0.97375 0.19514
v 0.43671 -1.00074 0.19514
v 0.45200 -1.02362 0.19514
v 0.47489 -1.03891 0.19514
v 0.50188 -1.04428 0.19514
v 0.52887 -1.03891 0.19514
v 0.55176 -1.02362 0.19514
v 0.56704 -1.00074 0.19514
v 0.59896 -0.97375 0.16859
v 0.59157 -0.93660 0.16859
v 0.57053 -0.90510 0.16859
v 0.53903 -0.88406 0.16859
v 0.50188 -0.87667 0.16859
v 0.46473 -0.88406 0.16859
v 0.43323 -0.90510 0.16859
v 0.41219 -0.93660 0.16859
v 0.40480 -0.97375 0.16859
v 0.41219 -1.01090 0.16859
v 0.43323 -1.04240 0.16859
v 0.46473 -1.06344 0.16859
v 0.50188 -1.07083 0.16859
v 0.53903 -1.06344 0.16859
v 0.57053 -1.04240 0.16859
v 0.59157 -1.01090 0.16859
v 0.61601 -0.97375 0.13514
v 0.60732 -0.93007 0.13514
v 0.58258 -0.89305 0.13514
v 0.54555 -0.86831 0.13514
v 0.50188 -0.85962 0.13514
v 0.45821 -0.86831 0.13514
v 0.42118 -0.89305 0.13514
v 0.39644 -0.93007 0.13514
v 0.38775 -0.97375 0.13514
v 0.39644 -1.01742 0.13514
v 0.42118 -1.05445 0.13514
v 0.45821 -1.07919 0.13514
v 0.50188 -1.08788 0.13514
v 0.54555 -1.07919 0.13514
v 0.58258 -1.05445 0.13514
v 0.60732 -1.01742 0.13514
v 0.62188 -0.97375 0.09805
v 0.61275 -0.92783 0.09805
v 0.58673 -0.88890 0.09805
v 0.54780 -0.86288 0.09805
v 0.50188 -0.85375 0.09805
v 0.45596 -0.86288 0.09805
v 0.41703 -0.88890 0.09805
v 0.39101 -0.92783 0.09805
v 0.38188 -0.97375 0.09805
v 0.39101 -1.01967 0.09805
v 0.41703 -1.05860 0.09805
v 0.45596 -1.08461 0.09805
v 0.50188 -1.09375 0.09805
v 0.54780 -1.08461 0.09805
v 0.58673 -1.05860 0.09805
v 0.61275 -1.01967 0.09805
v 0.61601 -0.97375 0.06097
v 0.60732 -0.93007 0.06097
v 0.58258 -0.89305 0.06097
v 0.54555 -0.86831 0.06097
v 0.50188 -0.85962 0.06097
v 0.45821 -0.86831 0.06097
v 0.42118 -0.89305 0.06097
v 0.39644 -0.93007 0.06097
v 0.38775 -0.97375 0.06097
v 0.39644 -1.01742 0.06097
v 0.42118 -1.05445 0.06097
v 0.45821 -1.07919 0.06097
v 0.50188 -1.08788 0.06097
v 0.54555 -1.07919 0.06097
v 0.58258 -1.05445 0.06097
v 0.60732 -1.01742 0.06097
v 0.59896 -0.97375 0.02752
v 0.59157 -0.93660 0.02752
v 0.57053 -0.90510 0.02752
v 0.53903 -0.88406 0.02752
v 0.50188 -0.87667 0.02752
v 0.46473 -0.88406 0.02752
v 0.43323 -0.90510 0.02752
v 0.41219 -0.93660 0.02752
v 0.40480 -0.97375 0.02752
v 0.41219 -1.01090 0.02752
v 0.43323 -1.04240 0.02752
v 0.46473 -1.06344 0.02752
v 0.50188 -1.07083 0.02752
v 0.53903 -1.06344 0.02752
v 0.57053 -1.04240 0.02752
v 0.59157 -1.01090 0.02752
v 0.57241 -0.97375 0.00097
v 0.56704 -0.94676 0.00097
v 0.55176 -0.92387 0.00097
v 0.52887 -0.90858 0.00097
v 0.50188 -0.90321 0.00097
v 0.47489 -0.90858 0.00097
v 0.45200 -0.92387 0.00097
v 0.43671 -0.94676 0.00097
v 0.43135 -0.97375 0.00097
v 0.43671 -1.00074 0.00097
v 0.45200 -1.02362 0.00097
v 0.47489 -1.03891 0.00097
v 0.50188 -1.04428 0.00097
v 0.52887 -1.03891 0.00097
v 0.55176 -1.02362 0.00097
v 0.56704 -1.00074 0.00097
v 0.53896 -0.97375 -0.01607
v 0.53614 -0.95956 -0.01607
v 0.52810 -0.94753 -0.01607
v 0.51607 -0.93949 -0.01607
v 0.50188 -0.93667 -0.01607
v 0.48769 -0.93949 -0.01607
v 0.47566 -0.94753 -0.01607
v 0.46762 -0.95956 -0.01607
v 0.46480 -0.97375 -0.01607
v 0.46762 -0.98794 -0.01607
v 0.47566 -0.99997 -0.01607
v 0.48769 -1.00801 -0.01607
v 0.50188 -1.01083 -0.01607
v 0.51607 -1.00801 -0.01607
v 0.52810 -0.99997 -0.01607
v 0.53614 -0.98794 -0.01607
v 0.50188 -0.97375 -0.02195
v 0.50188 -0.97375 -0.02195
v 0.50188 -0.97375 -0.02195
v 0.50188 -0.97375 -0.02195
v 0.50188 -0.97375 -0.02195
v 0.50188 -0.97375 -0.02195
v 0.50188 -0.97375 -0.02195
v 0.50188 -0.97375 -0.02195
v 0.50188 -0.97375 -0.02195
v 0.50188 -0.97375 -0.02195
v 0.50188 -0.97375 -0.02195
v 0.50188 -0.97375 -0.02195
v 0.50188 -0.97375 -0.02195
v 0.50188 -0.97375 -0.02195
v 0.50188 -0.97375 -0.02195
v 0.50188 -0.97375 -0.02195
v -0.08140 0.45722 -0.73436
v -0.08140 0.45722 -0.73436
v -0.08140 0.45722 -0.73436
v -0.08140 0.45722 -0.73436
v -0.08140 0.45722 -0.73436
v -0.08140 0.45722 -0.73436
v -0.08140 0.45722 -0.73436
v -0.08140 0.45722 -0.73436
v -0.08140 0.45722 -0.73436
v -0.08140 0.45722 -0.73436
v -0.08140 0.45722 -0.73436
v -0.08140 0.45722 -0.73436
v -0.08140 0.45722 -0.73436
v -0.08140 0.45722 -0.73436
v -0.08140 0.45722 -0.73436
v -0.08140 0.45722 -0.73436
v -0.04432 0.45722 -0.74023
v -0.04714 0.47141 -0.74023
v -0.05518 0.48344 -0.74023
v -0.06721 0.49147 -0.74023
v -0.08140 0.49430 -0.74023
v -0.09559 0.49147 -0.74023
v -0.10762 0.48344 -0.74023
v -0.11566 0.47141 -0.74023
v -0.11848 0.45722 -0.74023
v -0.11566 0.44302 -0.74023
v -0.10762 0.43099 -0.74023
v -0.09559 0.42296 -0.74023
v -0.08140 0.42013 -0.74023
v -0.06721 0.42296 -0.74023
v -0.05518 0.43099 -0.74023
v -0.04714 0.44302 -0.74023
v -0.01087 0.45722 -0.75728
v -0.01624 0.48421 -0.75728
v -0.03153 0.50709 -0.75728
v -0.05441 0.52238 -0.75728
v -0.08140 0.52775 -0.75728
v -0.10839 0.52238 -0.75728
v -0.13128 0.50709 -0.75728
v -0.14657 0.48421 -0.75728
v -0.15194 0.45722 -0.75728
v -0.14657 0.43022 -0.75728
v -0.13128 0.40734 -0.75728
v -0.10839 0.39205 -0.75728
v -0.08140 0.38668 -0.75728
v -0.05441 0.39205 -0.75728
v -0.03153 0.40734 -0.75728
v -0.01624 0.43022 -0.75728
v 0.01568 0.45722 -0.78382
v 0.00829 0.49437 -0.78382
v -0.01275 0.52586 -0.78382
v -0.04425 0.54691 -0.78382
v -0.08140 0.55430 -0.78382
v -0.11855 0.54691 -0.78382
v -0.15005 0.52586 -0.78382
v -0.17109 0.49437 -0.78382
v -0.17848 0.45722 -0.78382
v -0.17109 0.42006 -0.78382
v -0.15005 0.38857 -0.78382
v -0.11855 0.36752 -0.78382
v -0.08140 0.36013 -0.78382
v -0.04425 0.36752 -0.78382
v -0.01275 0.38857 -0.78382
v 0.00829 0.42006 -0.78382
v 0.03273 0.45722 -0.81728
v 0.02404 0.50089 -0.81728
v -0.00070 0.53792 -0.81728
v -0.03773 0.56266 -0.81728
v -0.08140 0.57134 -0.81728
v -0.12508 0.56266 -0.81728
v -0.16210 0.53792 -0.81728
v -0.18684 0.50089 -0.81728
v -0.19553 0.45722 -0.81728
v -0.18684 0.41354 -0.81728
v -0.16210 0.37652 -0.81728
v -0.12508 0.35178 -0.81728
v -0.08140 0.34309 -0.81728
v -0.03773 0.35178 -0.81728
v -0.00070 0.37652 -0.81728
v 0.02404 0.41354 -0.81728
v 0.03860 0.45722 -0.85436
v 0.02946 0.50314 -0.85436
v 0.00345 0.54207 -0.85436
v -0.03548 0.56808 -0.85436
v -0.08140 0.57722 -0.85436
v -0.12732 0.56808 -0.85436
v -0.16625 0.54207 -0.85436
v -0.19227 0.50314 -0.85436
v -0.20140 0.45722 -0.85436
v -0.19227 0.41129 -0.85436
v -0.16625 0.37236 -0.85436
v -0.12732 0.34635 -0.85436
v -0.08140 0.33722 -0.85436
v -0.03548 0.34635 -0.85436
v 0.00345 0.37236 -0.85436
v 0.02946 0.41129 -0.85436
v 0.03273 0.45722 -0.89144
v 0.02404 0.50089 -0.89144
v -0.00070 0.53792 -0.89144
v -0.03773 0.56266 -0.89144
v -0.08140 0.57134 -0.89144
v -0.12508 0.56266 -0.89144
v -0.16210 0.53792 -0.89144
v -0.18684 0.50089 -0.89144
v -0.19553 0.45722 -0.89144
v -0.18684 0.41354 -0.89144
v -0.16210 0.37652 -0.89144
v -0.12508 0.35178 -0.89144
v -0.08140 0.34309 -0.89144
v -0.03773 0.35178 -0.89144
v -0.00070 0.37652 -0.89144
v 0.02404 0.41354 -0.89144
v 0.01568 0.45722 -0.92489
v 0.00829 0.49437 -0.92489
v -0.01275 0.52586 -0.92489
v -0.04425 0.54691 -0.92489
v -0.08140 0.55430 -0.92489
v -0.11855 0.54691 -0.92489
v -0.15005 0.52586 -0.92489
v -0.17109 0.49437 -0.92489
v -0.17848 0.45722 -0.92489
v -0.17109 0.42006 -0.92489
v -0.15005 0.38857 -0.92489
v -0.11855 0.36752 -0.92489
v -0.08140 0.36013 -0.92489
v -0.04425 0.36752 -0.92489
v -0.01275 0.38857 -0.92489
v 0.00829 0.42006 -0.92489
v -0.01087 0.45722 -0.95144
v -0.01624 0.48421 -0.95144
v -0.03153 0.50709 -0.95144
v -0.05441 0.52238 -0.95144
v -0.08140 0.52775 -0.95144
v -0.10839 0.52238 -0.95144
v -0.13128 0.50709 -0.95144
v -0.14657 0.48421 -0.95144
v -0.15194 0.45722 -0.95144
v -0.14657 0.43022 -0.95144
v -0.13128 0.40734 -0.95144
v -0.10839 0.39205 -0.95144
v -0.08140 0.38668 -0.95144
v -0.05441 0.39205 -0.95144
v -0.03153 0.40734 -0.95144
v -0.01624 0.43022 -0.95144
v -0.04432 0.45722 -0.96849
v -0.04714 0.47141 -0.96849
v -0.05518 0.48344 -0.96849
v -0.06721 0.49147 -0.96849
v -0.08140 0.49430 -0.96849
v -0.09559 0.49147 -0.96849
v -0.10762 0.48344 -0.96849
v -0.11566 0.47141 -0.96849
v -0.11848 0.45722 -0.96849
v -0.11566 0.44302 -0.96849
v -0.10762 0.43099 -0.96849
v -0.09559 0.42296 -0.96849
v -0.08140 0.42013 -0.96849
v -0.06721 0.42296 -0.96849
v -0.05518 0.43099 -0.96849
v -0.04714 0.44302 -0.96849
v -0.08140 0.45722 -0.97436
v -0.08140 0.45722 -0.97436
v -0.08140 0.45722 -0.97436
v -0.08140 0.45722 -0.97436
v -0.08140 0.45722 -0.97436
v -0.08140 0.45722 -0.97436
v -0.08140 0.45722 -0.97436
v -0.08140 0.45722 -0.97436
v -0.08140 0.45722 -0.97436
v -0.08140 0.45722 -0.97436
v -0.08140 0.45722 -0.97436
v -0.08140 0.45722 -0.97436
v -0.08140 0.45722 -0.97436
v -0.08140 0.45722 -0.97436
v -0.08140 0.45722 -0.97436
v -0.08140 0.45722 -0.97436
v -0.75124 1.34341 -0.67810
v -0.75124 1.34341 -0.67810
v -0.75124 1.34341 -0.67810
v -0.75124 1.34341 -0.67810
v -0.75124 1.34341 -0.67810
v -0.75124 1.34341 -0.67810
v -0.75124 1.34341 -0.67810
v -0.75124 1.34341 -0.67810
v -0.75124 1.34341 -0.67810
v -0.75124 1.34341 -0.67810
v -0.75124 1.34341 -0.67810
v -0.75124 1.34341 -0.67810
v -0.75124 1.34341 -0.67810
v -0.75124 1.34341 -0.67810
v -0.75124 1.34341 -0.67810
v -0.75124 1.34341 -0.67810
v -0.71416 1.34341 -0.68398
v -0.71698 1.35760 -0.68398
v -0.72502 1.36963 -0.68398
v -0.73705 1.37767 -0.68398
v -0.75124 1.38049 -0.68398
v -0.76543 1.37767 -0.68398
v -0.77746 1.36963 -0.68398
v -0.78550 1.35760 -0.68398
v -0.78833 1.34341 -0.68398
v -0.78550 1.32922 -0.68398
v -0.77746 1.31719 -0.68398
v -0.76543 1.30915 -0.68398
v -0.75124 1.30633 -0.68398
v -0.73705 1.30915 -0.68398
v -0.72502 1.31719 -0.68398
v -0.71698 1.32922 -0.68398
v -0.68071 1.34341 -0.70102
v -0.68608 1.37040 -0.70102
v -0.70137 1.39329 -0.70102
v -0.72425 1.40858 -0.70102
v -0.75124 1.41394 -0.70102
v -0.77824 1.40858 -0.70102
v -0.80112 1.39329 -0.70102
v -0.81641 1.37040 -0.70102
v -0.82178 1.34341 -0.70102
v -0.81641 1.31642 -0.70102
v -0.80112 1.29354 -0.70102
v -0.77824 1.27825 -0.70102
v -0.75124 1.27288 -0.70102
v -0.72425 1.27825 -0.70102
v -0.70137 1.29354 -0.70102
v -0.68608 1.31642 -0.70102
v -0.65416 1.34341 -0.72757
v -0.66155 1.38056 -0.72757
v -0.68260 1.41206 -0.72757
v -0.71409 1.43310 -0.72757
v -0.75124 1.44049 -0.72757
v -0.78839 1.43310 -0.72757
v -0.81989 1.41206 -0.72757
v -0.84094 1.38056 -0.72757
v -0.84833 1.34341 -0.72757
v -0.84094 1.30626 -0.72757
v -0.81989 1.27476 -0.72757
v -0.78839 1.25372 -0.72757
v -0.75124 1.24633 -0.72757
v -0.71409 1.25372 -0.72757
v -0.68260 1.27476 -0.72757
v -0.66155 1.30626 -0.72757
v -0.63712 1.34341 -0.76102
v -0.64580 1.38708 -0.76102
v -0.67054 1.42411 -0.76102
v -0.70757 1.44885 -0.76102
v -0.75124 1.45754 -0.76102
v -0.79492 1.44885 -0.76102
v -0.83194 1.42411 -0.76102
v -0.85668 1.38708 -0.76102
v -0.86537 1.34341 -0.76102
v -0.85668 1.29974 -0.76102
v -0.83194 1.26271 -0.76102
v -0.79492 1.23797 -0.76102
v -0.75124 1.22928 -0.76102
v -0.70757 1.23797 -0.76102
v -0.67054 1.26271 -0.76102
v -0.64580 1.29974 -0.76102
v -0.63124 1.34341 -0.79810
v -0.64038 1.38933 -0.79810
v -0.66639 1.42826 -0.79810
v -0.70532 1.45428 -0.79810
v -0.75124 1.46341 -0.79810
v -0.79717 1.45428 -0.79810
v -0.83610 1.42826 -0.79810
v -0.86211 1.38933 -0.79810
v -0.87124 1.34341 -0.79810
v -0.86211 1.29749 -0.79810
v -0.83610 1.25856 -0.79810
v -0.79717 1.23255 -0.79810
v -0.75124 1.22341 -0.79810
v -0.70532 1.23255 -0.79810
v -0.66639 1.25856 -0.79810
v -0.64038 1.29749 -0.79810
v -0.63712 1.34341 -0.83518
v -0.64580 1.38708 -0.83518
v -0.67054 1.42411 -0.83518
v -0.70757 1.44885 -0.83518
v -0.75124 1.45754 -0.83518
v -0.79492 1.44885 -0.83518
v -0.83194 1.42411 -0.83518
v -0.85668 1.38708 -0.83518
v -0.86537 1.34341 -0.83518
v -0.85668 1.29974 -0.83518
v -0.83194 1.26271 -0.83518
v -0.79492 1.23797 -0.83518
v -0.75124 1.22928 -0.83518
v -0.70757 1.23797 -0.83518
v -0.67054 1.26271 -0.83518
v -0.64580 1.29974 -0.83518
v -0.65416 1.34341 -0.86864
v -0.66155 1.38056 -0.86864
v -0.68260 1.41206 -0.86864
v -0.71409 1.43310 -0.86864
v -0.75124 1.44049 -0.86864
v -0.78839 1.43310 -0.86864
v -0.81989 1.41206 -0.86864
v -0.84094 1.38056 -0.86864
v -0.84833 1.34341 -0.86864
v -0.84094 1.30626 -0.86864
v -0.81989 1.27476 -0.86864
v -0.78839 1.25372 -0.86864
v -0.75124 1.24633 -0.86864
v -0.71409 1.25372 -0.86864
v -0.68260 1.27476 -0.86864
v -0.66155 1.30626 -0.86864
v -0.68071 1.34341 -0.89518
v -0.68608 1.37040 -0.89518
v -0.70137 1.39329 -0.89518
v -0.72425 1.40858 -0.89518
v -0.75124 1.41394 -0.89518
v -0.77824 1.40858 -0.89518
v -0.80112 1.39329 -0.89518
v -0.81641 1.37040 -0.89518
v -0.82178 1.34341 -0.89518
v -0.81641 1.31642 -0.89518
v -0.80112 1.29354 -0.89518
v -0.77824 1.27825 -0.89518
v -0.75124 1.27288 -0.89518
v -0.72425 1.27825 -0.89518
v -0.70137 1.29354 -0.89518
v -0.68608 1.31642 -0.89518
v -0.71416 1.34341 -0.91223
v -0.71698 1.35760 -0.91223
v -0.72502 1.36963 -0.91223
v -0.73705 1.37767 -0.91223
v -0.75124 1.38049 -0.91223
v -0.76543 1.37767 -0.91223
v -0.77746 1.36963 -0.91223
v -0.78550 1.35760 -0.91223
v -0.78833 1.34341 -0.91223
v -0.78550 1.32922 -0.91223
v -0.77746 1.31719 -0.91223
v -0.76543 1.30915 -0.91223
v -0.75124 1.30633 -0.91223
v -0.73705 1.30915 -0.91223
v -0.72502 1.31719 -0.91223
v -0.71698 1.32922 -0.91223
v -0.75124 1.34341 -0.91810
v -0.75124 1.34341 -0.91810
v -0.75124 1.34341 -0.91810
v -0.75124 1.34341 -0.91810
v -0.75124 1.34341 -0.91810
v -0.75124 1.34341 -0.91810
v -0.75124 1.34341 -0.91810
v -0.75124 1.34341 -0.91810
v -0.75124 1.34341 -0.91810
v -0.75124 1.34341 -0.91810
v -0.75124 1.34341 -0.91810
v -0.75124 1.34341 -0.91810
v -0.75124 1.34341 -0.91810
v -0.75124 1.34341 -0.91810
v -0.75124 1.34341 -0.91810
v -0.75124 1.34341 -0.91810
v 1.59805 0.05462 0.82550
v 1.59805 0.05462 0.82550
v 1.59805 0.05462 0.82550
v 1.59805 0.05462 0.82550
v 1.59805 0.05462 0.82550
v 1.59805 0.05462 0.82550
v 1.59805 0.05462 0.82550
v 1.59805 0.05462 0.82550
v 1.59805 0.05462 0.82550
v 1.59805 0.05462 0.82550
v 1.59805 0.05462 0.82550
v 1.59805 0.05462 0.82550
v 1.59805 0.05462 0.82550
v 1.59805 0.05462 0.82550
v 1.59805 0.05462 0.82550
v 1.59805 0.05462 0.82550
v 1.63514 0.05462 0.81962
v 1.63231 0.06881 0.81962
v 1.62427 0.08084 0.81962
v 1.61224 0.08888 0.81962
v 1.59805 0.09170 0.81962
v 1.58386 0.08888 0.81962
v 1.57183 0.08084 0.81962
v 1.56379 0.06881 0.81962
v 1.56097 0.05462 0.81962
v 1.56379 0.04043 0.81962
v 1.57183 0.02840 0.81962
v 1.58386 0.02036 0.81962
v 1.59805 0.01754 0.81962
v 1.61224 0.02036 0.81962
v 1.62427 0.02840 0.81962
v 1.63231 0.04043 0.81962
v 1.66859 0.05462 0.80258
v 1.66322 0.08161 0.80258
v 1.64793 0.10449 0.80258
v 1.62505 0.11978 0.80258
v 1.59805 0.12515 0.80258
v 1.57106 0.11978 0.80258
v 1.54818 0.10449 0.80258
v 1.53289 0.08161 0.80258
v 1.52752 0.05462 0.80258
v 1.53289 0.02763 0.80258
v 1.54818 0.00474 0.80258
v 1.57106 -0.01055 0.80258
v 1.59805 -0.01591 0.80258
v 1.62505 -0.01055 0.80258
v 1.64793 0.00474 0.80258
v 1.66322 0.02763 0.80258
v 1.69514 0.05462 0.77603
v 1.68775 0.09177 0.77603
v 1.66670 0.12327 0.77603
v 1.63520 0.14431 0.77603
v 1.59805 0.15170 0.77603
v 1.56090 0.14431 0.77603
v 1.52941 0.12327 0.77603
v 1.50836 0.09177 0.77603
v 1.50097 0.05462 0.77603
v 1.50836 0.01747 0.77603
v 1.52941 -0.01403 0.77603
v 1.56090 -0.03507 0.77603
v 1.59805 -0.04246 0.77603
v 1.63520 -0.03507 0.77603
v 1.66670 -0.01403 0.77603
v 1.68775 0.01747 0.77603
v 1.71218 0.05462 0.74258
v 1.70349 0.09829 0.74258
v 1.67875 0.13532 0.74258
v 1.64173 0.16006 0.74258
v 1.59805 0.16875 0.74258
v 1.55438 0.16006 0.74258
v 1.51735 0.13532 0.74258
v 1.49261 0.09829 0.74258
v 1.48393 0.05462 0.74258
v 1.49261 0.01094 0.74258
v 1.51735 -0.02608 0.74258
v 1.55438 -0.05082 0.74258
v 1.59805 -0.05951 0.74258
v 1.64173 -0.05082 0.74258
v 1.67875 -0.02608 0.74258
v 1.70349 0.01094 0.74258
v 1.71805 0.05462 0.70550
v 1.70892 0.10054 0.70550
v 1.68291 0.13947 0.70550
v 1.64398 0.16548 0.70550
v 1.59805 0.17462 0.70550
v 1.55213 0.16548 0.70550
v 1.51320 0.13947 0.70550
v 1.48719 0.10054 0.70550
v 1.47805 0.05462 0.70550
v 1.48719 0.00870 0.70550
v 1.51320 -0.03023 0.70550
v 1.55213 -0.05625 0.70550
v 1.59805 -0.06538 0.70550
v 1.64398 -0.05625 0.70550
v 1.68291 -0.03023 0.70550
v 1.70892 0.00870 0.70550
v 1.71218 0.05462 0.66841
v 1.70349 0.09829 0.66841
v 1.67875 0.13532 0.66841
v 1.64173 0.16006 0.66841
v 1.59805 0.16875 0.66841
v 1.55438 0.16006 0.66841
v 1.51735 0.13532 0.66841
v 1.49261 0.09829 0.66841
v 1.48393 0.05462 0.66841
v 1.49261 0.01094 0.66841
v 1.51735 -0.02608 0.66841
v 1.55438 -0.05082 0.66841
v 1.59805 -0.05951 0.66841
v 1.64173 -0.05082 0.66841
v 1.67875 -0.02608 0.66841
v 1.70349 0.01094 0.66841
v 1.69514 0.05462 0.63496
v 1.68775 0.09177 0.63496
v 1.66670 0.12327 0.63496
v 1.63520 0.14431 0.63496
v 1.59805 0.15170 0.63496
v 1.56090 0.14431 0.63496
v 1.52941 0.12327 0.63496
v 1.50836 0.09177 0.63496
v 1.50097 0.05462 0.63496
v 1.50836 0.01747 0.63496
v 1.52941 -0.01403 0.63496
v 1.56090 -0.03507 0.63496
v 1.59805 -0.04246 0.63496
v 1.63520 -0.03507 0.63496
v 1.66670 -0.01403 0.63496
v 1.68775 0.01747 0.63496
v 1.66859 0.05462 0.60841
v 1.66322 0.08161 0.60841
v 1.64793 0.10449 0.60841
v 1.62505 0.11978 0.60841
v 1.59805 0.12515 0.60841
v 1.57106 0.11978 0.60841
v 1.54818 0.10449 0.60841
v 1.53289 0.08161 0.60841
v 1.52752 0.05462 0.60841
v 1.53289 0.02763 0.60841
v 1.54818 0.00474 0.60841
v 1.57106 -0.01055 0.60841
v 1.59805 -0.01591 0.60841
v 1.62505 -0.01055 0.60841
v 1.64793 0.00474 0.60841
v 1.66322 0.02763 0.60841
v 1.63514 0.05462 0.59137
v 1.63231 0.06881 0.59137
v 1.62427 0.08084 0.59137
v 1.61224 0.08888 0.59137
v 1.59805 0.09170 0.59137
v 1.58386 0.08888 0.59137
v 1.57183 0.08084 0.59137
v 1.56379 0.06881 0.59137
v 1.56097 0.05462 0.59137
v 1.56379 0.04043 0.59137
v 1.57183 0.02840 0.59137
v 1.58386 0.02036 0.59137
v 1.59805 0.01754 0.59137
v 1.61224 0.02036 0.59137
v 1.62427 0.02840 0.59137
v 1.63231 0.04043 0.59137
v 1.59805 0.05462 0.58550
v 1.59805 0.05462 0.58550
v 1.59805 0.05462 0.58550
v 1.59805 0.05462 0.58550
v 1.59805 0.05462 0.58550
v 1.59805 0.05462 0.58550
v 1.59805 0.05462 0.58550
v 1.59805 0.05462 0.58550
v 1.59805 0.05462 0.58550
v 1.59805 0.05462 0.58550
v 1.59805 0.05462 0.58550
v 1.59805 0.05462 0.58550
v 1.59805 0.05462 0.58550
v 1.59805 0.05462 0.58550
v 1.59805 0.05462 0.58550
v 1.59805 0.05462 0.58550
v 0.73690 -1.02935 -0.65393
v 0.73690 -1.02935 -0.65393
v 0.73690 -1.02935 -0.65393
v 0.73690 -1.02935 -0.65393
v 0.73690 -1.02935 -0.65393
v 0.73690 -1.02935 -0.65393
v 0.73690 -1.02935 -0.65393
v 0.73690 -1.02935 -0.65393
v 0.73690 -1.02935 -0.65393
v 0.73690 -1.02935 -0.65393
v 0.73690 -1.02935 -0.65393
v 0.73690 -1.02935 -0.65393
v 0.73690 -1.02935 -0.65393
v 0.73690 -1.02935 -0.65393
v 0.73690 -1.02935 -0.65393
v 0.73690 -1.02935 -0.65393
v 0.77399 -1.02935 -0.65980
v 0.77116 -1.01516 -0.65980
v 0.76313 -1.00313 -0.65980
v 0.75110 -0.99509 -0.65980
v 0.73690 -0.99227 -0.65980
v 0.72271 -0.99509 -0.65980
v 0.71068 -1.00313 -0.65980
v 0.70265 -1.01516 -0.65980
v 0.69982 -1.02935 -0.65980
v 0.70265 -1.04354 -0.65980
v 0.71068 -1.05557 -0.65980
v 0.72271 -1.06361 -0.65980
v 0.73690 -1.06643 -0.65980
v 0.75110 -1.06361 -0.65980
v 0.76313 -1.05557 -0.65980
v 0.77116 -1.04354 -0.65980
v 0.80744 -1.02935 -0.67684
v 0.80207 -1.00236 -0.67684
v 0.78678 -0.97947 -0.67684
v 0.76390 -0.96418 -0.67684
v 0.73690 -0.95882 -0.67684
v 0.70991 -0.96418 -0.67684
v 0.68703 -0.97947 -0.67684
v 0.67174 -1.00236 -0.67684
v 0.66637 -1.02935 -0.67684
v 0.67174 -1.05634 -0.67684
v 0.68703 -1.07923 -0.67684
v 0.70991 -1.09451 -0.67684
v 0.73690 -1.09988 -0.67684
v 0.76390 -1.09451 -0.67684
v 0.78678 -1.07923 -0.67684
v 0.80207 -1.05634 -0.67684
v 0.83399 -1.02935 -0.70339
v 0.82660 -0.99220 -0.70339
v 0.80555 -0.96070 -0.70339
v 0.77406 -0.93966 -0.70339
v 0.73690 -0.93227 -0.70339
v 0.69975 -0.93966 -0.70339
v 0.66826 -0.96070 -0.70339
v 0.64721 -0.99220 -0.70339
v 0.63982 -1.02935 -0.70339
v 0.64721 -1.06650 -0.70339
v 0.66826 -1.09800 -0.70339
v 0.69975 -1.11904 -0.70339
v 0.73690 -1.12643 -0.70339
v 0.77406 -1.11904 -0.70339
v 0.80555 -1.09800 -0.70339
v 0.82660 -1.06650 -0.70339
v 0.85103 -1.02935 -0.73684
v 0.84234 -0.98568 -0.73684
v 0.81760 -0.94865 -0.73684
v 0.78058 -0.92391 -0.73684
v 0.73690 -0.91522 -0.73684
v 0.69323 -0.92391 -0.73684
v 0.65621 -0.94865 -0.73684
v 0.63147 -0.98568 -0.73684
v 0.62278 -1.02935 -0.73684
v 0.63147 -1.07302 -0.73684
v 0.65621 -1.11005 -0.73684
v 0.69323 -1.13479 -0.73684
v 0.73690 -1.14348 -0.73684
v 0.78058 -1.13479 -0.73684
v 0.81760 -1.11005 -0.73684
v 0.84234 -1.07302 -0.73684
v 0.85690 -1.02935 -0.77393
v 0.84777 -0.98343 -0.77393
v 0.82176 -0.94450 -0.77393
v 0.78283 -0.91848 -0.77393
v 0.73690 -0.90935 -0.77393
v 0.69098 -0.91848 -0.77393
v 0.65205 -0.94450 -0.77393
v 0.62604 -0.98343 -0.77393
v 0.61690 -1.02935 -0.77393
v 0.62604 -1.07527 -0.77393
v 0.65205 -1.11420 -0.77393
v 0.69098 -1.14022 -0.77393
v 0.73690 -1.14935 -0.77393
v 0.78283 -1.14022 -0.77393
v 0.82176 -1.11420 -0.77393
v 0.84777 -1.07527 -0.77393
v 0.85103 -1.02935 -0.81101
v 0.84234 -0.98568 -0.81101
v 0.81760 -0.94865 -0.81101
v 0.78058 -0.92391 -0.81101
v 0.73690 -0.91522 -0.81101
v 0.69323 -0.92391 -0.81101
v 0.65621 -0.94865 -0.81101
v 0.63147 -0.98568 -0.81101
v 0.62278 -1.02935 -0.81101
v 0.63147 -1.07302 -0.81101
v 0.65621 -1.11005 -0.81101
v 0.69323 -1.13479 -0.81101
v 0.73690 -1.14348 -0.81101
v 0.78058 -1.13479 -0.81101
v 0.81760 -1.11005 -0.81101
v 0.84234 -1.07302 -0.81101
v 0.83399 -1.02935 -0.84446
v 0.82660 -0.99220 -0.84446
v 0.80555 -0.96070 -0.84446
v 0.77406 -0.93966 -0.84446
v 0.73690 -0.93227 -0.84446
v 0.69975 -0.93966 -0.84446
v 0.66826 -0.96070 -0.84446
v 0.64721 -0.99220 -0.84446
v 0.63982 -1.02935 -0.84446
v 0.64721 -1.06650 -0.84446
v 0.66826 -1.09800 -0.84446
v 0.69975 -1.11904 -0.84446
v 0.73690 -1.12643 -0.84446
v 0.77406 -1.11904 -0.84446
v 0.80555 -1.09800 -0.84446
v 0.82660 -1.06650 -0.84446
v 0.80744 -1.02935 -0.87101
v 0.80207 -1.00236 -0.87101
v 0.78678 -0.97947 -0.87101
v 0.76390 -0.96418 -0.87101
v 0.73690 -0.95882 -0.87101
v 0.70991 -0.96418 -0.87101
v 0.68703 -0.97947 -0.87101
v 0.67174 -1.00236 -0.87101
v 0.66637 -1.02935 -0.87101
v 0.67174 -1.05634 -0.87101
v 0.68703 -1.07923 -0.87101
v 0.70991 -1.09451 -0.87101
v 0.73690 -1.09988 -0.87101
v 0.76390 -1.09451 -0.87101
v 0.78678 -1.07923 -0.87101
v 0.80207 -1.05634 -0.87101
v 0.77399 -1.02935 -0.88805
v 0.77116 -1.01516 -0.88805
v 0.76313 -1.00313 -0.88805
v 0.75110 -0.99509 -0.88805
v 0.73690 -0.99227 -0.88805
v 0.72271 -0.99509 -0.88805
v 0.71068 -1.00313 -0.88805
v 0.70265 -1.01516 -0.88805
v 0.69982 -1.02935 -0.88805
v 0.70265 -1.04354 -0.88805
v 0.71068 -1.05557 -0.88805
v 0.72271 -1.06361 -0.88805
v 0.73690 -1.06643 -0.88805
v 0.75110 -1.06361 -0.88805
v 0.76313 -1.05557 -0.88805
v 0.77116 -1.04354 -0.88805
v 0.73690 -1.02935 -0.89393
v 0.73690 -1.02935 -0.89393
v 0.73690 -1.02935 -0.89393
v 0.73690 -1.02935 -0.89393
v 0.73690 -1.02935 -0.89393
v 0.73690 -1.02935 -0.89393
v 0.73690 -1.02935 -0.89393
v 0.73690 -1.02935 -0.89393
v 0.73690 -1.02935 -0.89393
v 0.73690 -1.02935 -0.89393
v 0.73690 -1.02935 -0.89393
v 0.73690 -1.02935 -0.89393
v 0.73690 -1.02935 -0.89393
v 0.73690 -1.02935 -0.89393
v 0.73690 -1.02935 -0.89393
v 0.73690 -1.02935 -0.89393
v -0.88221 0.65986 0.81878
v -0.88221 0.65986 0.81878
v -0.88221 0.65986 0.81878
v -0.88221 0.65986 0.81878
v -0.88221 0.65986 0.81878
v -0.88221 0.65986 0.81878
v -0.88221 0.65986 0.81878
v -0.88221 0.65986 0.81878
v -0.88221 0.65986 0.81878
v -0.88221 0.65986 0.81878
v -0.88221 0.65986 0.81878
v -0.88221 0.65986 0.81878
v -0.88221 0.65986 0.81878
v -0.88221 0.65986 0.81878
v -0.88221 0.65986 0.81878
v -0.88221 0.65986 0.81878
v -0.84513 0.65986 0.81290
v -0.84795 0.67405 0.81290
v -0.85599 0.68608 0.81290
v -0.86802 0.69412 0.81290
v -0.88221 0.69694 0.81290
v -0.89640 0.69412 0.81290
v -0.90843 0.68608 0.81290
v -0.91647 0.67405 0.81290
v -0.91929 0.65986 0.81290
v -0.91647 0.64567 0.81290
v -0.90843 0.63364 0.81290
v -0.89640 0.62560 0.81290
v -0.88221 0.62278 0.81290
v -0.86802 0.62560 0.81290
v -0.85599 0.63364 0.81290
v -0.84795 0.64567 0.81290
v -0.81168 0.65986 0.79586
v -0.81705 0.68685 0.79586
v -0.83234 0.70974 0.79586
v -0.85522 0.72503 0.79586
v -0.88221 0.73040 0.79586
v -0.90920 0.72503 0.79586
v -0.93209 0.70974 0.79586
v -0.94738 0.68685 0.79586
v -0.95274 0.65986 0.79586
v -0.94738 0.63287 0.79586
v -0.93209 0.60999 0.79586
v -0.90920 0.59470 0.79586
v -0.88221 0.58933 0.79586
v -0.85522 0.59470 0.79586
v -0.83234 0.60999 0.79586
v -0.81705 0.63287 0.79586
v -0.78513 0.65986 0.76931
v -0.79252 0.69701 0.76931
v -0.81356 0.72851 0.76931
v -0.84506 0.74955 0.76931
v -0.88221 0.75694 0.76931
v -0.91936 0.74955 0.76931
v -0.95086 0.72851 0.76931
v -0.97190 0.69701 0.76931
v -0.97929 0.65986 0.76931
v -0.97190 0.62271 0.76931
v -0.95086 0.59121 0.76931
v -0.91936 0.57017 0.76931
v -0.88221 0.56278 0.76931
v -0.84506 0.57017 0.76931
v -0.81356 0.59121 0.76931
v -0.79252 0.62271 0.76931
v -0.76808 0.65986 0.73586
v -0.77677 0.70354 0.73586
v -0.80151 0.74056 0.73586
v -0.83854 0.76530 0.73586
v -0.88221 0.77399 0.73586
v -0.92588 0.76530 0.73586
v -0.96291 0.74056 0.73586
v -0.98765 0.70354 0.73586
v -0.99634 0.65986 0.73586
v -0.98765 0.61619 0.73586
v -0.96291 0.57916 0.73586
v -0.92588 0.55442 0.73586
v -0.88221 0.54573 0.73586
v -0.83854 0.55442 0.73586
v -0.80151 0.57916 0.73586
v -0.77677 0.61619 0.73586
v -0.76221 0.65986 0.69878
v -0.77134 0.70578 0.69878
v -0.79736 0.74471 0.69878
v -0.83629 0.77073 0.69878
v -0.88221 0.77986 0.69878
v -0.92813 0.77073 0.69878
v -0.96706 0.74471 0.69878
v -0.99308 0.70578 0.69878
v -1.00221 0.65986 0.69878
v -0.99308 0.61394 0.69878
v -0.96706 0.57501 0.69878
v -0.92813 0.54900 0.69878
v -0.88221 0.53986 0.69878
v -0.83629 0.54900 0.69878
v -0.79736 0.57501 0.69878
v -0.77134 0.61394 0.69878
v -0.76808 0.65986 0.66169
v -0.77677 0.70354 0.66169
v -0.80151 0.74056 0.66169
v -0.83854 0.76530 0.66169
v -0.88221 0.77399 0.66169
v -0.92588 0.76530 0.66169
v -0.96291 0.74056 0.66169
v -0.98765 0.70354 0.66169
v -0.99634 0.65986 0.66169
v -0.98765 0.61619 0.66169
v -0.96291 0.57916 0.66169
v -0.92588 0.55442 0.66169
v -0.88221 0.54573 0.66169
v -0.83854 0.55442 0.66169
v -0.80151 0.57916 0.66169
v -0.77677 0.61619 0.66169
v -0.78513 0.65986 0.62824
v -0.79252 0.69701 0.62824
v -0.81356 0.72851 0.62824
v -0.84506 0.74955 0.62824
v -0.88221 0.75694 0.62824
v -0.91936 0.74955 0.62824
v -0.95086 0.72851 0.62824
v -0.97190 0.69701 0.62824
v -0.97929 0.65986 0.62824
v -0.97190 0.62271 0.62824
v -0.95086 0.59121 0.62824
v -0.91936 0.57017 0.62824
v -0.88221 0.56278 0.62824
v -0.84506 0.57017 0.62824
v -0.81356 0.59121 0.62824
v -0.79252 0.62271 0.62824
v -0.81168 0.65986 0.60169
v -0.81705 0.68685 0.60169
v -0.83234 0.70974 0.60169
v -0.85522 0.72503 0.60169
v -0.88221 0.73040 0.60169
v -0.90920 0.72503 0.60169
v -0.93209 0.70974 0.60169
v -0.94738 0.68685 0.60169
v -0.95274 0.65986 0.60169
v -0.94738 0.63287 0.60169
v -0.93209 0.60999 0.60169
v -0.90920 0.59470 0.60169
v -0.88221 0.58933 0.60169
v -0.85522 0.59470 0.60169
v -0.83234 0.60999 0.60169
v -0.81705 0.63287 0.60169
v -0.84513 0.65986 0.58465
v -0.84795 0.67405 0.58465
v -0.85599 0.68608 0.58465
v -0.86802 0.69412 0.58465
v -0.88221 0.69694 0.58465
v -0.89640 0.69412 0.58465
v -0.90843 0.68608 0.58465
v -0.91647 0.67405 0.58465
v -0.91929 0.65986 0.58465
v -0.91647 0.64567 0.58465
v -0.90843 0.63364 0.58465
v -0.89640 0.62560 0.58465
v -0.88221 0.62278 0.58465
v -0.86802 0.62560 0.58465
v -0.85599 0.63364 0.58465
v -0.84795 0.64567 0.58465
v -0.88221 0.65986 0.57878
v -0.88221 0.65986 0.57878
v -0.88221 0.65986 0.57878
v -0.88221 0.65986 0.57878
v -0.88221 0.65986 0.57878
v -0.88221 0.65986 0.57878
v -0.88221 0.65986 0.57878
v -0.88221 0.65986 0.57878
v -0.88221 0.65986 0.57878
v -0.88221 0.65986 0.57878
v -0.88221 0.65986 0.57878
v -0.88221 0.65986 0.57878
v -0.88221 0.65986 0.57878
v -0.88221 0.65986 0.57878
v -0.88221 0.65986 0.57878
v -0.88221 0.65986 0.57878
v 0.21575 0.44906 1.63176
v 0.21575 0.44906 1.63176
v 0.21575 0.44906 1.63176
v 0.21575 0.44906 1.63176
v 0.21575 0.44906 1.63176
v 0.21575 0.44906 1.63176
v 0.21575 0.44906 1.63176
v 0.21575 0.44906 1.63176
v 0.21575 0.44906 1.63176
v 0.21575 0.44906 1.63176
v 0.21575 0.44906 1.63176
v 0.21575 0.44906 1.63176
v 0.21575 0.44906 1.63176
v 0.21575 0.44906 1.63176
v 0.21575 0.44906 1.63176
v 0.21575 0.44906 1.63176
v 0.25284 0.44906 1.62589
v 0.25001 0.46325 1.62589
v 0.24198 0.47528 1.62589
v 0.22995 0.48332 1.62589
v 0.21575 0.48614 1.62589
v 0.20156 0.48332 1.62589
v 0.18953 0.47528 1.62589
v 0.18150 0.46325 1.62589
v 0.17867 0.44906 1.62589
v 0.18150 0.43487 1.62589
v 0.18953 0.42284 1.62589
v 0.20156 0.41480 1.62589
v 0.21575 0.41198 1.62589
v 0.22995 0.41480 1.62589
v 0.24198 0.42284 1.62589
v 0.25001 0.43487 1.62589
v 0.28629 0.44906 1.60884
v 0.28092 0.47605 1.60884
v 0.26563 0.49893 1.60884
v 0.24275 0.51422 1.60884
v 0.21575 0.51959 1.60884
v 0.18876 0.51422 1.60884
v 0.16588 0.49893 1.60884
v 0.15059 0.47605 1.60884
v 0.14522 0.44906 1.60884
v 0.15059 0.42207 1.60884
v 0.16588 0.39918 1.60884
v 0.18876 0.38389 1.60884
v 0.21575 0.37852 1.60884
v 0.24275 0.38389 1.60884
v 0.26563 0.39918 1.60884
v 0.28092 0.42207 1.60884
v 0.31284 0.44906 1.58230
v 0.30545 0.48621 1.58230
v 0.28440 0.51771 1.58230
v 0.25291 0.53875 1.58230
v 0.21575 0.54614 1.58230
v 0.17860 0.53875 1.58230
v 0.14711 0.51771 1.58230
v 0.12606 0.48621 1.58230
v 0.11867 0.44906 1.58230
v 0.12606 0.41191 1.58230
v 0.14711 0.38041 1.58230
v 0.17860 0.35937 1.58230
v 0.21575 0.35198 1.58230
v 0.25291 0.35937 1.58230
v 0.28440 0.38041 1.58230
v 0.30545 0.41191 1.58230
v 0.32988 0.44906 1.54884
v 0.32119 0.49273 1.54884
v 0.29645 0.52976 1.54884
v 0.25943 0.55450 1.54884
v 0.21575 0.56319 1.54884
v 0.17208 0.55450 1.54884
v 0.13505 0.52976 1.54884
v 0.11032 0.49273 1.54884
v 0.10163 0.44906 1.54884
v 0.11032 0.40538 1.54884
v 0.13505 0.36836 1.54884
v 0.17208 0.34362 1.54884
v 0.21575 0.33493 1.54884
v 0.25943 0.34362 1.54884
v 0.29645 0.36836 1.54884
v 0.32119 0.40538 1.54884
v 0.33575 0.44906 1.51176
v 0.32662 0.49498 1.51176
v 0.30061 0.53391 1.51176
v 0.26168 0.55992 1.51176
v 0.21575 0.56906 1.51176
v 0.16983 0.55992 1.51176
v 0.13090 0.53391 1.51176
v 0.10489 0.49498 1.51176
v 0.09575 0.44906 1.51176
v 0.10489 0.40314 1.51176
v 0.13090 0.36421 1.51176
v 0.16983 0.33819 1.51176
v 0.21575 0.32906 1.51176
v 0.26168 0.33819 1.51176
v 0.30061 0.36421 1.51176
v 0.32662 0.40314 1.51176
v 0.32988 0.44906 1.47468
v 0.32119 0.49273 1.47468
v 0.29645 0.52976 1.47468
v 0.25943 0.55450 1.47468
v 0.21575 0.56319 1.47468
v 0.17208 0.55450 1.47468
v 0.13505 0.52976 1.47468
v 0.11032 0.49273 1.47468
v 0.10163 0.44906 1.47468
v 0.11032 0.40538 1.47468
v 0.13505 0.36836 1.47468
v 0.17208 0.34362 1.47468
v 0.21575 0.33493 1.47468
v 0.25943 0.34362 1.47468
v 0.29645 0.36836 1.47468
v 0.32119 0.40538 1.47468
v 0.31284 0.44906 1.44123
v 0.30545 0.48621 1.44123
v 0.28440 0.51771 1.44123
v 0.25291 0.53875 1.44123
v 0.21575 0.54614 1.44123
v 0.17860 0.53875 1.44123
v 0.14711 0.51771 1.44123
v 0.12606 0.48621 1.44123
v 0.11867 0.44906 1.44123
v 0.12606 0.41191 1.44123
v 0.14711 0.38041 1.44123
v 0.17860 0.35937 1.44123
v 0.21575 0.35198 1.44123
v 0.25291 0.35937 1.44123
v 0.28440 0.38041 1.44123
v 0.30545 0.41191 1.44123
v 0.28629 0.44906 1.41468
v 0.28092 0.47605 1.41468
v 0.26563 0.49893 1.41468
v 0.24275 0.51422 1.41468
v 0.21575 0.51959 1.41468
v 0.18876 0.51422 1.41468
v 0.16588 0.49893 1.41468
v 0.15059 0.47605 1.41468
v 0.14522 0.44906 1.41468
v 0.15059 0.42207 1.41468
v 0.16588 0.39918 1.41468
v 0.18876 0.38389 1.41468
v 0.21575 0.37852 1.41468
v 0.24275 0.38389 1.41468
v 0.26563 0.39918 1.41468
v 0.28092 0.42207 1.41468
v 0.25284 0.44906 1.39764
v 0.25001 0.46325 1.39764
v 0.24198 0.47528 1.39764
v 0.22995 0.48332 1.39764
v 0.21575 0.48614 1.39764
v 0.20156 0.48332 1.39764
v 0.18953 0.47528 1.39764
v 0.18150 0.46325 1.39764
v 0.17867 0.44906 1.39764
v 0.18150 0.43487 1.39764
v 0.18953 0.42284 1.39764
v 0.20156 0.41480 1.39764
v 0.21575 0.41198 1.39764
v 0.22995 0.41480 1.39764
v 0.24198 0.42284 1.39764
v 0.25001 0.43487 1.39764
v 0.21575 0.44906 1.39176
v 0.21575 0.44906 1.39176
v 0.21575 0.44906 1.39176
v 0.21575 0.44906 1.39176
v 0.21575 0.44906 1.39176
v 0.21575 0.44906 1.39176
v 0.21575 0.44906 1.39176
v 0.21575 0.44906 1.39176
v 0.21575 0.44906 1.39176
v 0.21575 0.44906 1.39176
v 0.21575 0.44906 1.39176
v 0.21575 0.44906 1.39176
v 0.21575 0.44906 1.39176
v 0.21575 0.44906 1.39176
v 0.21575 0.44906 1.39176
v 0.21575 0.44906 1.39176
v 0.31837 1.44346 1.16124
v 0.31837 1.44346 1.16124
v 0.31837 1.44346 1.16124
v 0.31837 1.44346 1.16124
v 0.31837 1.44346 1.16124
v 0.31837 1.44346 1.16124
v 0.31837 1.44346 1.16124
v 0.31837 1.44346 1.16124
v 0.31837 1.44346 1.16124
v 0.31837 1.44346 1.16124
v 0.31837 1.44346 1.16124
v 0.31837 1.44346 1.16124
v 0.31837 1.44346 1.16124
v 0.31837 1.44346 1.16124
v 0.31837 1.44346 1.16124
v 0.31837 1.44346 1.16124
v 0.35545 1.44346 1.15536
v 0.35263 1.45765 1.15536
v 0.34459 1.46968 1.15536
v 0.33256 1.47772 1.15536
v 0.31837 1.48054 1.15536
v 0.30418 1.47772 1.15536
v 0.29215 1.46968 1.15536
v 0.28411 1.45765 1.15536
v 0.28129 1.44346 1.15536
v 0.28411 1.42927 1.15536
v 0.29215 1.41724 1.15536
v 0.30418 1.40920 1.15536
v 0.31837 1.40638 1.15536
v 0.33256 1.40920 1.15536
v 0.34459 1.41724 1.15536
v 0.35263 1.42927 1.15536
v 0.38890 1.44346 1.13832
v 0.38353 1.47045 1.13832
v 0.36824 1.49334 1.13832
v 0.34536 1.50863 1.13832
v 0.31837 1.51400 1.13832
v 0.29138 1.50863 1.13832
v 0.26849 1.49334 1.13832
v 0.25320 1.47045 1.13832
v 0.24783 1.44346 1.13832
v 0.25320 1.41647 1.13832
v 0.26849 1.39359 1.13832
v 0.29138 1.37830 1.13832
v 0.31837 1.37293 1.13832
v 0.34536 1.37830 1.13832
v 0.36824 1.39359 1.13832
v 0.38353 1.41647 1.13832
v 0.41545 1.44346 1.11177
v 0.40806 1.48061 1.11177
v 0.38701 1.51211 1.11177
v 0.35552 1.53315 1.11177
v 0.31837 1.54054 1.11177
v 0.28122 1.53315 1.11177
v 0.24972 1.51211 1.11177
v 0.22868 1.48061 1.11177
v 0.22129 1.44346 1.11177
v 0.22868 1.40631 1.11177
v 0.24972 1.37481 1.11177
v 0.28122 1.35377 1.11177
v 0.31837 1.34638 1.11177
v 0.35552 1.35377 1.11177
v 0.38701 1.37481 1.11177
v 0.40806 1.40631 1.11177
v 0.43249 1.44346 1.07832
v 0.42381 1.48714 1.07832
v 0.39907 1.52416 1.07832
v 0.36204 1.54890 1.07832
v 0.31837 1.55759 1.07832
v 0.27469 1.54890 1.07832
v 0.23767 1.52416 1.07832
v 0.21293 1.48714 1.07832
v 0.20424 1.44346 1.07832
v 0.21293 1.39979 1.07832
v 0.23767 1.36276 1.07832
v 0.27469 1.33802 1.07832
v 0.31837 1.32933 1.07832
v 0.36204 1.33802 1.07832
v 0.39907 1.36276 1.07832
v 0.42381 1.39979 1.07832
v 0.43837 1.44346 1.04124
v 0.42923 1.48938 1.04124
v 0.40322 1.52831 1.04124
v 0.36429 1.55433 1.04124
v 0.31837 1.56346 1.04124
v 0.27245 1.55433 1.04124
v 0.23351 1.52831 1.04124
v 0.20750 1.48938 1.04124
v 0.19837 1.44346 1.04124
v 0.20750 1.39754 1.04124
v 0.23351 1.35861 1.04124
v 0.27245 1.33260 1.04124
v 0.31837 1.32346 1.04124
v 0.36429 1.33260 1.04124
v 0.40322 1.35861 1.04124
v 0.42923 1.39754 1.04124
v 0.43249 1.44346 1.00416
v 0.42381 1.48714 1.00416
v 0.39907 1.52416 1.00416
v 0.36204 1.54890 1.00416
v 0.31837 1.55759 1.00416
v 0.27469 1.54890 1.00416
v 0.23767 1.52416 1.00416
v 0.21293 1.48714 1.00416
v 0.20424 1.44346 1.00416
v 0.21293 1.39979 1.00416
v 0.23767 1.36276 1.00416
v 0.27469 1.33802 1.00416
v 0.31837 1.32933 1.00416
v 0.36204 1.33802 1.00416
v 0.39907 1.36276 1.00416
v 0.42381 1.39979 1.00416
v 0.41545 1.44346 0.97070
v 0.40806 1.48061 0.97070
v 0.38701 1.51211 0.97070
v 0.35552 1.53315 0.97070
v 0.31837 1.54054 0.97070
v 0.28122 1.53315 0.97070
v 0.24972 1.51211 0.97070
v 0.22868 1.48061 0.97070
v 0.22129 1.44346 0.97070
v 0.22868 1.40631 0.97070
v 0.24972 1.37481 0.97070
v 0.28122 1.35377 0.97070
v 0.31837 1.34638 0.97070
v 0.35552 1.35377 0.97070
v 0.38701 1.37481 0.97070
v 0.40806 1.40631 0.97070
v 0.38890 1.44346 0.94416
v 0.38353 1.47045 0.94416
v 0.36824 1.49334 0.94416
v 0.34536 1.50863 0.94416
v 0.31837 1.51400 0.94416
v 0.29138 1.50863 0.94416
v 0.26849 1.49334 0.94416
v 0.25320 1.47045 0.94416
v 0.24783 1.44346 0.94416
v 0.25320 1.41647 0.94416
v 0.26849 1.39359 0.94416
v 0.29138 1.37830 0.94416
v 0.31837 1.37293 0.94416
v 0.34536 1.37830 0.94416
v 0.36824 1.39359 0.94416
v 0.38353 1.41647 0.94416
v 0.35545 1.44346 0.92711
v 0.35263 1.45765 0.92711
v 0.34459 1.46968 0.92711
v 0.33256 1.47772 0.92711
v 0.31837 1.48054 0.92711
v 0.30418 1.47772 0.92711
v 0.29215 1.46968 0.92711
v 0.28411 1.45765 0.92711
v 0.28129 1.44346 0.92711
v 0.28411 1.42927 0.92711
v 0.29215 1.41724 0.92711
v 0.30418 1.40920 0.92711
v 0.31837 1.40638 0.92711
v 0.33256 1.40920 0.92711
v 0.34459 1.41724 0.92711
v 0.35263 1.42927 0.92711
v 0.31837 1.44346 0.92124
v 0.31837 1.44346 0.92124
v 0.31837 1.44346 0.92124
v 0.31837 1.44346 0.92124
v 0.31837 1.44346 0.92124
v 0.31837 1.44346 0.92124
v 0.31837 1.44346 0.92124
v 0.31837 1.44346 0.92124
v 0.31837 1.44346 0.92124
v 0.31837 1.44346 0.92124
v 0.31837 1.44346 0.92124
v 0.31837 1.44346 0.92124
v 0.31837 1.44346 0.92124
v 0.31837 1.44346 0.92124
v 0.31837 1.44346 0.92124
v 0.31837 1.44346 0.92124
v 0.28859 -0.54908 -0.35351
v 0.28859 -0.54908 -0.35351
v 0.28859 -0.54908 -0.35351
v 0.28859 -0.54908 -0.35351
v 0.28859 -0.54908 -0.35351
v 0.28859 -0.54908 -0.35351
v 0.28859 -0.54908 -0.35351
v 0.28859 -0.54908 -0.35351
v 0.28859 -0.54908 -0.35351
v 0.28859 -0.54908 -0.35351
v 0.28859 -0.54908 -0.35351
v 0.28859 -0.54908 -0.35351
v 0.28859 -0.54908 -0.35351
v 0.28859 -0.54908 -0.35351
v 0.28859 -0.54908 -0.35351
v 0.28859 -0.54908 -0.35351
v 0.32567 -0.54908 -0.35938
v 0.32285 -0.53489 -0.35938
v 0.31481 -0.52286 -0.35938
v 0.30278 -0.51482 -0.35938
v 0.28859 -0.51200 -0.35938
v 0.27440 -0.51482 -0.35938
v 0.26237 -0.52286 -0.35938
v 0.25433 -0.53489 -0.35938
v 0.25151 -0.54908 -0.35938
v 0.25433 -0.56327 -0.35938
v 0.26237 -0.57530 -0.35938
v 0.27440 -0.58334 -0.35938
v 0.28859 -0.58616 -0.35938
v 0.30278 -0.58334 -0.35938
v 0.31481 -0.57530 -0.35938
v 0.32285 -0.56327 -0.35938
v 0.35912 -0.54908 -0.37643
v 0.35375 -0.52209 -0.37643
v 0.33846 -0.49920 -0.37643
v 0.31558 -0.48391 -0.37643
v 0.28859 -0.47854 -0.37643
v 0.26160 -0.48391 -0.37643
v 0.23871 -0.49920 -0.37643
v 0.22342 -0.52209 -0.37643
v 0.21805 -0.54908 -0.37643
v 0.22342 -0.57607 -0.37643
v 0.23871 -0.59895 -0.37643
v 0.26160 -0.61424 -0.37643
v 0.28859 -0.61961 -0.37643
v 0.31558 -0.61424 -0.37643
v 0.33846 -0.59895 -0.37643
v 0.35375 -0.57607 -0.37643
v 0.38567 -0.54908 -0.40297
v 0.37828 -0.51193 -0.40297
v 0.35724 -0.48043 -0.40297
v 0.32574 -0.45939 -0.40297
v 0.28859 -0.45200 -0.40297
v 0.25144 -0.45939 -0.40297
v 0.21994 -0.48043 -0.40297
v 0.19890 -0.51193 -0.40297
v 0.19151 -0.54908 -0.40297
v 0.19890 -0.58623 -0.40297
v 0.21994 -0.61773 -0.40297
v 0.25144 -0.63877 -0.40297
v 0.28859 -0.64616 -0.40297
v 0.32574 -0.63877 -0.40297
v 0.35724 -0.61773 -0.40297
v 0.37828 -0.58623 -0.40297
v 0.40272 -0.54908 -0.43643
v 0.39403 -0.50540 -0.43643
v 0.36929 -0.46838 -0.43643
v 0.33226 -0.44364 -0.43643
v 0.28859 -0.43495 -0.43643
v 0.24491 -0.44364 -0.43643
v 0.20789 -0.46838 -0.43643
v 0.18315 -0.50540 -0.43643
v 0.17446 -0.54908 -0.43643
v 0.18315 -0.59275 -0.43643
v 0.20789 -0.62978 -0.43643
v 0.24491 -0.65452 -0.43643
v 0.28859 -0.66321 -0.43643
v 0.33226 -0.65452 -0.43643
v 0.36929 -0.62978 -0.43643
v 0.39403 -0.59275 -0.43643
v 0.40859 -0.54908 -0.47351
v 0.39945 -0.50316 -0.47351
v 0.37344 -0.46423 -0.47351
v 0.33451 -0.43821 -0.47351
v 0.28859 -0.42908 -0.47351
v 0.24267 -0.43821 -0.47351
v 0.20374 -0.46423 -0.47351
v 0.17772 -0.50316 -0.47351
v 0.16859 -0.54908 -0.47351
v 0.17772 -0.59500 -0.47351
v 0.20374 -0.63393 -0.47351
v 0.24267 -0.65994 -0.47351
v 0.28859 -0.66908 -0.47351
v 0.33451 -0.65994 -0.47351
v 0.37344 -0.63393 -0.47351
v 0.39945 -0.59500 -0.47351
v 0.40272 -0.54908 -0.51059
v 0.39403 -0.50540 -0.51059
v 0.36929 -0.46838 -0.51059
v 0.33226 -0.44364 -0.51059
v 0.28859 -0.43495 -0.51059
v 0.24491 -0.44364 -0.51059
v 0.20789 -0.46838 -0.51059
v 0.18315 -0.50540 -0.51059
v 0.17446 -0.54908 -0.51059
v 0.18315 -0.59275 -0.51059
v 0.20789 -0.62978 -0.51059
v 0.24491 -0.65452 -0.51059
v 0.28859 -0.66321 -0.51059
v 0.33226 -0.65452 -0.51059
v 0.36929 -0.62978 -0.51059
v 0.39403 -0.59275 -0.51059
v 0.38567 -0.54908 -0.54404
v 0.37828 -0.51193 -0.54404
v 0.35724 -0.48043 -0.54404
v 0.32574 -0.45939 -0.54404
v 0.28859 -0.45200 -0.54404
v 0.25144 -0.45939 -0.54404
v 0.21994 -0.48043 -0.54404
v 0.19890 -0.51193 -0.54404
v 0.19151 -0.54908 -0.54404
v 0.19890 -0.58623 -0.54404
v 0.21994 -0.61773 -0.54404
v 0.25144 -0.63877 -0.54404
v 0.28859 -0.64616 -0.54404
v 0.32574 -0.63877 -0.54404
v 0.35724 -0.61773 -0.54404
v 0.37828 -0.58623 -0.54404
v 0.35912 -0.54908 -0.57059
v 0.35375 -0.52209 -0.57059
v 0.33846 -0.49920 -0.57059
v 0.31558 -0.48391 -0.57059
v 0.28859 -0.47854 -0.57059
v 0.26160 -0.48391 -0.57059
v 0.23871 -0.49920 -0.57059
v 0.22342 -0.52209 -0.57059
v 0.21805 -0.54908 -0.57059
v 0.22342 -0.57607 -0.57059
v 0.23871 -0.59895 -0.57059
v 0.26160 -0.61424 -0.57059
v 0.28859 -0.61961 -0.57059
v 0.31558 -0.61424 -0.57059
v 0.33846 -0.59895 -0.57059
v 0.35375 -0.57607 -0.57059
v 0.32567 -0.54908 -0.58763
v 0.32285 -0.53489 -0.58763
v 0.31481 -0.52286 -0.58763
v 0.30278 -0.51482 -0.58763
v 0.28859 -0.51200 -0.58763
v 0.27440 -0.51482 -0.58763
v 0.26237 -0.52286 -0.58763
v 0.25433 -0.53489 -0.58763
v 0.25151 -0.54908 -0.58763
v 0.25433 -0.56327 -0.58763
v 0.26237 -0.57530 -0.58763
v 0.27440 -0.58334 -0.58763
v 0.28859 -0.58616 -0.58763
v 0.30278 -0.58334 -0.58763
v 0.31481 -0.57530 -0.58763
v 0.32285 -0.56327 -0.58763
v 0.28859 -0.54908 -0.59351
v 0.28859 -0.54908 -0.59351
v 0.28859 -0.54908 -0.59351
v 0.28859 -0.54908 -0.59351
v 0.28859 -0.54908 -0.59351
v 0.28859 -0.54908 -0.59351
v 0.28859 -0.54908 -0.59351
v 0.28859 -0.54908 -0.59351
v 0.28859 -0.54908 -0.59351
v 0.28859 -0.54908 -0.59351
v 0.28859 -0.54908 -0.59351
v 0.28859 -0.54908 -0.59351
v 0.28859 -0.54908 -0.59351
v 0.28859 -0.54908 -0.59351
v 0.28859 -0.54908 -0.59351
v 0.28859 -0.54908 -0.59351
v 1.04082 -0.43390 -1.32614
v 1.04082 -0.43390 -1.32614
v 1.04082 -0.43390 -1.32614
v 1.04082 -0.43390 -1.32614
v 1.04082 -0.43390 -1.32614
v 1.04082 -0.43390 -1.32614
v 1.04082 -0.43390 -1.32614
v 1.04082 -0.43390 -1.32614
v 1.04082 -0.43390 -1.32614
v 1.04082 -0.43390 -1.32614
v 1.04082 -0.43390 -1.32614
v 1.04082 -0.43390 -1.32614
v 1.04082 -0.43390 -1.32614
v 1.04082 -0.43390 -1.32614
v 1.04082 -0.43390 -1.32614
v 1.04082 -0.43390 -1.32614
v 1.07790 -0.43390 -1.33202
v 1.07508 -0.41971 -1.33202
v 1.06704 -0.40768 -1.33202
v 1.05501 -0.39964 -1.33202
v 1.04082 -0.39682 -1.33202
v 1.02663 -0.39964 -1.33202
v 1.01460 -0.40768 -1.33202
v 1.00656 -0.41971 -1.33202
v 1.00374 -0.43390 -1.33202
v 1.00656 -0.44809 -1.33202
v 1.01460 -0.46012 -1.33202
v 1.02663 -0.46816 -1.33202
v 1.04082 -0.47099 -1.33202
v 1.05501 -0.46816 -1.33202
v 1.06704 -0.46012 -1.33202
v 1.07508 -0.44809 -1.33202
v 1.11135 -0.43390 -1.34906
v 1.10598 -0.40691 -1.34906
v 1.09069 -0.38403 -1.34906
v 1.06781 -0.36874 -1.34906
v 1.04082 -0.36337 -1.34906
v 1.01383 -0.36874 -1.34906
v 0.99094 -0.38403 -1.34906
v 0.97565 -0.40691 -1.34906
v 0.97028 -0.43390 -1.34906
v 0.97565 -0.46090 -1.34906
v 0.99094 -0.48378 -1.34906
v 1.01383 -0.49907 -1.34906
v 1.04082 -0.50444 -1.34906
v 1.06781 -0.49907 -1.34906
v 1.09069 -0.48378 -1.34906
v 1.10598 -0.46090 -1.34906
v 1.13790 -0.43390 -1.37561
v 1.13051 -0.39675 -1.37561
v 1.10947 -0.36526 -1.37561
v 1.07797 -0.34421 -1.37561
v 1.04082 -0.33682 -1.37561
v 1.00367 -0.34421 -1.37561
v 0.97217 -0.36526 -1.37561
v 0.95113 -0.39675 -1.37561
v 0.94374 -0.43390 -1.37561
v 0.95113 -0.47105 -1.37561
v 0.97217 -0.50255 -1.37561
v 1.00367 -0.52360 -1.37561
v 1.04082 -0.53099 -1.37561
v 1.07797 -0.52360 -1.37561
v 1.10947 -0.50255 -1.37561
v 1.13051 -0.47105 -1.37561
v 1.15494 -0.43390 -1.40906
v 1.14626 -0.39023 -1.40906
v 1.12152 -0.35320 -1.40906
v 1.08449 -0.32846 -1.40906
v 1.04082 -0.31978 -1.40906
v 0.99714 -0.32846 -1.40906
v 0.96012 -0.35320 -1.40906
v 0.93538 -0.39023 -1.40906
v 0.92669 -0.43390 -1.40906
v 0.93538 -0.47758 -1.40906
v 0.96012 -0.51460 -1.40906
v 0.99714 -0.53934 -1.40906
v 1.04082 -0.54803 -1.40906
v 1.08449 -0.53934 -1.40906
v 1.12152 -0.51460 -1.40906
v 1.14626 -0.47758 -1.40906
v 1.16082 -0.43390 -1.44614
v 1.15168 -0.38798 -1.44614
v 1.12567 -0.34905 -1.44614
v 1.08674 -0.32304 -1.44614
v 1.04082 -0.31390 -1.44614
v 0.99490 -0.32304 -1.44614
v 0.95597 -0.34905 -1.44614
v 0.92995 -0.38798 -1.44614
v 0.92082 -0.43390 -1.44614
v 0.92995 -0.47983 -1.44614
v 0.95597 -0.51876 -1.44614
v 0.99490 -0.54477 -1.44614
v 1.04082 -0.55390 -1.44614
v 1.08674 -0.54477 -1.44614
v 1.12567 -0.51876 -1.44614
v 1.15168 -0.47983 -1.44614
v 1.15494 -0.43390 -1.48322
v 1.14626 -0.39023 -1.48322
v 1.12152 -0.35320 -1.48322
v 1.08449 -0.32846 -1.48322
v 1.04082 -0.31978 -1.48322
v 0.99714 -0.32846 -1.48322
v 0.96012 -0.35320 -1.48322
v 0.93538 -0.39023 -1.48322
v 0.92669 -0.43390 -1.48322
v 0.93538 -0.47758 -1.48322
v 0.96012 -0.51460 -1.48322
v 0.99714 -0.53934 -1.48322
v 1.04082 -0.54803 -1.48322
v 1.08449 -0.53934 -1.48322
v 1.12152 -0.51460 -1.48322
v 1.14626 -0.47758 -1.48322
v 1.13790 -0.43390 -1.51668
v 1.13051 -0.39675 -1.51668
v 1.10947 -0.36526 -1.51668
v 1.07797 -0.34421 -1.51668
v 1.04082 -0.33682 -1.51668
v 1.00367 -0.34421 -1.51668
v 0.97217 -0.36526 -1.51668
v 0.95113 -0.39675 -1.51668
v 0.94374 -0.43390 -1.51668
v 0.95113 -0.47105 -1.51668
v 0.97217 -0.50255 -1.51668
v 1.00367 -0.52360 -1.51668
v 1.04082 -0.53099 -1.51668
v 1.07797 -0.52360 -1.51668
v 1.10947 -0.50255 -1.51668
v 1.13051 -0.47105 -1.51668
v 1.11135 -0.43390 -1.54322
v 1.10598 -0.40691 -1.54322
v 1.09069 -0.38403 -1.54322
v 1.06781 -0.36874 -1.54322
v 1.04082 -0.36337 -1.54322
v 1.01383 -0.36874 -1.54322
v 0.99094 -0.38403 -1.54322
v 0.97565 -0.40691 -1.54322
v 0.97028 -0.43390 -1.54322
v 0.97565 -0.46090 -1.54322
v 0.99094 -0.48378 -1.54322
v 1.01383 -0.49907 -1.54322
v 1.04082 -0.50444 -1.54322
v 1.06781 -0.49907 -1.54322
v 1.09069 -0.48378 -1.54322
v 1.10598 -0.46090 -1.54322
v 1.07790 -0.43390 -1.56027
v 1.07508 -0.41971 -1.56027
v 1.06704 -0.40768 -1.56027
v 1.05501 -0.39964 -1.56027
v 1.04082 -0.39682 -1.56027
v 1.02663 -0.39964 -1.56027
v 1.01460 -0.40768 -1.56027
v 1.00656 -0.41971 -1.56027
v 1.00374 -0.43390 -1.56027
v 1.00656 -0.44809 -1.56027
v 1.01460 -0.46012 -1.56027
v 1.02663 -0.46816 -1.56027
v 1.04082 -0.47099 -1.56027
v 1.05501 -0.46816 -1.56027
v 1.06704 -0.46012 -1.56027
v 1.07508 -0.44809 -1.56027
v 1.04082 -0.43390 -1.56614
v 1.04082 -0.43390 -1.56614
v 1.04082 -0.43390 -1.56614
v 1.04082 -0.43390 -1.56614
v 1.04082 -0.43390 -1.56614
v 1.04082 -0.43390 -1.56614
v 1.04082 -0.43390 -1.56614
v 1.04082 -0.43390 -1.56614
v 1.04082 -0.43390 -1.56614
v 1.04082 -0.43390 -1.56614
v 1.04082 -0.43390 -1.56614
v 1.04082 -0.43390 -1.56614
v 1.04082 -0.43390 -1.56614
v 1.04082 -0.43390 -1.56614
v 1.04082 -0.43390 -1.56614
v 1.04082 -0.43390 -1.56614
v -0.52859 -0.67639 1.68248
v -0.52859 -0.67639 1.68248
v -0.52859 -0.67639 1.68248
v -0.52859 -0.67639 1.68248
v -0.52859 -0.67639 1.68248
v -0.52859 -0.67639 1.68248
v -0.52859 -0.67639 1.68248
v -0.52859 -0.67639 1.68248
v -0.52859 -0.67639 1.68248
v -0.52859 -0.67639 1.68248
v -0.52859 -0.67639 1.68248
v -0.52859 -0.67639 1.68248
v -0.52859 -0.67639 1.68248
v -0.52859 -0.67639 1.68248
v -0.52859 -0.67639 1.68248
v -0.52859 -0.67639 1.68248
v -0.49151 -0.67639 1.67661
v -0.49433 -0.66220 1.67661
v -0.50237 -0.65017 1.67661
v -0.51440 -0.64213 1.67661
v -0.52859 -0.63931 1.67661
v -0.54278 -0.64213 1.67661
v -0.55481 -0.65017 1.67661
v -0.56285 -0.66220 1.67661
v -0.56567 -0.67639 1.67661
v -0.56285 -0.69058 1.67661
v -0.55481 -0.70261 1.67661
v -0.54278 -0.71065 1.67661
v -0.52859 -0.71347 1.67661
v -0.51440 -0.71065 1.67661
v -0.50237 -0.70261 1.67661
v -0.49433 -0.69058 1.67661
v -0.45806 -0.67639 1.65957
v -0.46343 -0.64940 1.65957
v -0.47872 -0.62652 1.65957
v -0.50160 -0.61123 1.65957
v -0.52859 -0.60586 1.65957
v -0.55558 -0.61123 1.65957
v -0.57847 -0.62652 1.65957
v -0.59376 -0.64940 1.65957
v -0.59913 -0.67639 1.65957
v -0.59376 -0.70338 1.65957
v -0.57847 -0.72627 1.65957
v -0.55558 -0.74156 1.65957
v -0.52859 -0.74693 1.65957
v -0.50160 -0.74156 1.65957
v -0.47872 -0.72627 1.65957
v -0.46343 -0.70338 1.65957
v -0.43151 -0.67639 1.63302
v -0.43890 -0.63924 1.63302
v -0.45994 -0.60775 1.63302
v -0.49144 -0.58670 1.63302
v -0.52859 -0.57931 1.63302
v -0.56574 -0.58670 1.63302
v -0.59724 -0.60775 1.63302
v -0.61828 -0.63924 1.63302
v -0.62567 -0.67639 1.63302
v -0.61828 -0.71354 1.63302
v -0.59724 -0.74504 1.63302
v -0.56574 -0.76608 1.63302
v -0.52859 -0.77347 1.63302
v -0.49144 -0.76608 1.63302
v -0.45994 -0.74504 1.63302
v -0.43890 -0.71354 1.63302
v -0.41446 -0.67639 1.59957
v -0.42315 -0.63272 1.59957
v -0.44789 -0.59569 1.59957
v -0.48492 -0.57095 1.59957
v -0.52859 -0.56227 1.59957
v -0.57227 -0.57095 1.59957
v -0.60929 -0.59569 1.59957
v -0.63403 -0.63272 1.59957
v -0.64272 -0.67639 1.59957
v -0.63403 -0.72007 1.59957
v -0.60929 -0.75709 1.59957
v -0.57227 -0.78183 1.59957
v -0.52859 -0.79052 1.59957
v -0.48492 -0.78183 1.59957
v -0.44789 -0.75709 1.59957
v -0.42315 -0.72007 1.59957
v -0.40859 -0.67639 1.56248
v -0.41773 -0.63047 1.56248
v -0.44374 -0.59154 1.56248
v -0.48267 -0.56553 1.56248
v -0.52859 -0.55639 1.56248
v -0.57451 -0.56553 1.56248
v -0.61344 -0.59154 1.56248
v -0.63946 -0.63047 1.56248
v -0.64859 -0.67639 1.56248
v -0.63946 -0.72231 1.56248
v -0.61344 -0.76125 1.56248
v -0.57451 -0.78726 1.56248
v -0.52859 -0.79639 1.56248
v -0.48267 -0.78726 1.56248
v -0.44374 -0.76125 1.56248
v -0.41773 -0.72231 1.56248
v -0.41446 -0.67639 1.52540
v -0.42315 -0.63272 1.52540
v -0.44789 -0.59569 1.52540
v -0.48492 -0.57095 1.52540
v -0.52859 -0.56227 1.52540
v -0.57227 -0.57095 1.52540
v -0.60929 -0.59569 1.52540
v -0.63403 -0.63272 1.52540
v -0.64272 -0.67639 1.52540
v -0.63403 -0.72007 1.52540
v -0.60929 -0.75709 1.52540
v -0.57227 -0.78183 1.52540
v -0.52859 -0.79052 1.52540
v -0.48492 -0.78183 1.52540
v -0.44789 -0.75709 1.52540
v -0.42315 -0.72007 1.52540
v -0.43151 -0.67639 1.49195
v -0.43890 -0.63924 1.49195
v -0.45994 -0.60775 1.49195
v -0.49144 -0.58670 1.49195
v -0.52859 -0.57931 1.49195
v -0.56574 -0.58670 1.49195
v -0.59724 -0.60775 1.49195
v -0.61828 -0.63924 1.49195
v -0.62567 -0.67639 1.49195
v -0.61828 -0.71354 1.49195
v -0.59724 -0.74504 1.49195
v -0.56574 -0.76608 1.49195
v -0.52859 -0.77347 1.49195
v -0.49144 -0.76608 1.49195
v -0.45994 -0.74504 1.49195
v -0.43890 -0.71354 1.49195
v -0.45806 -0.67639 1.46540
v -0.46343 -0.64940 1.46540
v -0.47872 -0.62652 1.46540
v -0.50160 -0.61123 1.46540
v -0.52859 -0.60586 1.46540
v -0.55558 -0.61123 1.46540
v -0.57847 -0.62652 1.46540
v -0.59376 -0.64940 1.46540
v -0.59913 -0.67639 1.46540
v -0.59376 -0.70338 1.46540
v -0.57847 -0.72627 1.46540
v -0.55558 -0.74156 1.46540
v -0.52859 -0.74693 1.46540
v -0.50160 -0.74156 1.46540
v -0.47872 -0.72627 1.46540
v -0.46343 -0.70338 1.46540
v -0.49151 -0.67639 1.44836
v -0.49433 -0.66220 1.44836
v -0.50237 -0.65017 1.44836
v -0.51440 -0.64213 1.44836
v -0.52859 -0.63931 1.44836
v -0.54278 -0.64213 1.44836
v -0.55481 -0.65017 1.44836
v -0.56285 -0.66220 1.44836
v -0.56567 -0.67639 1.44836
v -0.56285 -0.69058 1.44836
v -0.55481 -0.70261 1.44836
v -0.54278 -0.71065 1.44836
v -0.52859 -0.71347 1.44836
v -0.51440 -0.71065 1.44836
v -0.50237 -0.70261 1.44836
v -0.49433 -0.69058 1.44836
v -0.52859 -0.67639 1.44248
v -0.52859 -0.67639 1.44248
v -0.52859 -0.67639 1.44248
v -0.52859 -0.67639 1.44248
v -0.52859 -0.67639 1.44248
v -0.52859 -0.67639 1.44248
v -0.52859 -0.67639 1.44248
v -0.52859 -0.67639 1.44248
v -0.52859 -0.67639 1.44248
v -0.52859 -0.67639 1.44248
v -0.52859 -0.67639 1.44248
v -0.52859 -0.67639 1.44248
v -0.52859 -0.67639 1.44248
v -0.52859 -0.67639 1.44248
v -0.52859 -0.67639 1.44248
v -0.52859 -0.67639 1.44248
v 0.68081 0.14981 0.55959
v 0.68081 0.14981 0.55959
v 0.68081 0.14981 0.55959
v 0.68081 0.14981 0.55959
v 0.68081 0.14981 0.55959
v 0.68081 0.14981 0.55959
v 0.68081 0.14981 0.55959
v 0.68081 0.14981 0.55959
v 0.68081 0.14981 0.55959
v 0.68081 0.14981 0.55959
v 0.68081 0.14981 0.55959
v 0.68081 0.14981 0.55959
v 0.68081 0.14981 0.55959
v 0.68081 0.14981 0.55959
v 0.68081 0.14981 0.55959
v 0.68081 0.14981 0.55959
v 0.71789 0.14981 0.55372
v 0.71506 0.16400 0.55372
v 0.70703 0.17603 0.55372
v 0.69500 0.18407 0.55372
v 0.68081 0.18689 0.55372
v 0.66661 0.18407 0.55372
v 0.65458 0.17603 0.55372
v 0.64655 0.16400 0.55372
v 0.64372 0.14981 0.55372
v 0.64655 0.13562 0.55372
v 0.65458 0.12358 0.55372
v 0.66661 0.11555 0.55372
v 0.68081 0.11272 0.55372
v 0.69500 0.11555 0.55372
v 0.70703 0.12358 0.55372
v 0.71506 0.13562 0.55372
v 0.75134 0.14981 0.53667
v 0.74597 0.17680 0.53667
v 0.73068 0.19968 0.53667
v 0.70780 0.21497 0.53667
v 0.68081 0.22034 0.53667
v 0.65381 0.21497 0.53667
v 0.63093 0.19968 0.53667
v 0.61564 0.17680 0.53667
v 0.61027 0.14981 0.53667
v 0.61564 0.12281 0.53667
v 0.63093 0.09993 0.53667
v 0.65381 0.08464 0.53667
v 0.68081 0.07927 0.53667
v 0.70780 0.08464 0.53667
v 0.73068 0.09993 0.53667
v 0.74597 0.12281 0.53667
v 0.77789 0.14981 0.51012
v 0.77050 0.18696 0.51012
v 0.74945 0.21845 0.51012
v 0.71796 0.23950 0.51012
v 0.68081 0.24689 0.51012
v 0.64365 0.23950 0.51012
v 0.61216 0.21845 0.51012
v 0.59111 0.18696 0.51012
v 0.58372 0.14981 0.51012
v 0.59111 0.11265 0.51012
v 0.61216 0.08116 0.51012
v 0.64365 0.06011 0.51012
v 0.68081 0.05272 0.51012
v 0.71796 0.06011 0.51012
v 0.74945 0.08116 0.51012
v 0.77050 0.11265 0.51012
v 0.79493 0.14981 0.47667
v 0.78624 0.19348 0.47667
v 0.76150 0.23051 0.47667
v 0.72448 0.25525 0.47667
v 0.68081 0.26393 0.47667
v 0.63713 0.25525 0.47667
v 0.60011 0.23051 0.47667
v 0.57537 0.19348 0.47667
v 0.56668 0.14981 0.47667
v 0.57537 0.10613 0.47667
v 0.60011 0.06911 0.47667
v 0.63713 0.04437 0.47667
v 0.68081 0.03568 0.47667
v 0.72448 0.04437 0.47667
v 0.76150 0.06911 0.47667
v 0.78624 0.10613 0.47667
v 0.80081 0.14981 0.43959
v 0.79167 0.19573 0.43959
v 0.76566 0.23466 0.43959
v 0.72673 0.26067 0.43959
v 0.68081 0.26981 0.43959
v 0.63488 0.26067 0.43959
v 0.59595 0.23466 0.43959
v 0.56994 0.19573 0.43959
v 0.56081 0.14981 0.43959
v 0.56994 0.10388 0.43959
v 0.59595 0.06495 0.43959
v 0.63488 0.03894 0.43959
v 0.68081 0.02981 0.43959
v 0.72673 0.03894 0.43959
v 0.76566 0.06495 0.43959
v 0.79167 0.10388 0.43959
v 0.79493 0.14981 0.40251
v 0.78624 0.19348 0.40251
v 0.76150 0.23051 0.40251
v 0.72448 0.25525 0.40251
v 0.68081 0.26393 0.40251
v 0.63713 0.25525 0.40251
v 0.60011 0.23051 0.40251
v 0.57537 0.19348 0.40251
v 0.56668 0.14981 0.40251
v 0.57537 0.10613 0.40251
v 0.60011 0.06911 0.40251
v 0.63713 0.04437 0.40251
v 0.68081 0.03568 0.40251
v 0.72448 0.04437 0.40251
v 0.76150 0.06911 0.40251
v 0.78624 0.10613 0.40251
v 0.77789 0.14981 0.36906
v 0.77050 0.18696 0.36906
v 0.74945 0.21845 0.36906
v 0.71796 0.23950 0.36906
v 0.68081 0.24689 0.36906
v 0.64365 0.23950 0.36906
v 0.61216 0.21845 0.36906
v 0.59111 0.18696 0.36906
v 0.58372 0.14981 0.36906
v 0.59111 0.11265 0.36906
v 0.61216 0.08116 0.36906
v 0.64365 0.06011 0.36906
v 0.68081 0.05272 0.36906
v 0.71796 0.06011 0.36906
v 0.74945 0.08116 0.36906
v 0.77050 0.11265 0.36906
v 0.75134 0.14981 0.34251
v 0.74597 0.17680 0.34251
v 0.73068 0.19968 0.34251
v 0.70780 0.21497 0.34251
v 0.68081 0.22034 0.34251
v 0.65381 0.21497 0.34251
v 0.63093 0.19968 0.34251
v 0.61564 0.17680 0.34251
v 0.61027 0.14981 0.34251
v 0.61564 0.12281 0.34251
v 0.63093 0.09993 0.34251
v 0.65381 0.08464 0.34251
v 0.68081 0.07927 0.34251
v 0.70780 0.08464 0.34251
v 0.73068 0.09993 0.34251
v 0.74597 0.12281 0.34251
v 0.71789 0.14981 0.32546
v 0.71506 0.16400 0.32546
v 0.70703 0.17603 0.32546
v 0.69500 0.18407 0.32546
v 0.68081 0.18689 0.32546
v 0.66661 0.18407 0.32546
v 0.65458 0.17603 0.32546
v 0.64655 0.16400 0.32546
v 0.64372 0.14981 0.32546
v 0.64655 0.13562 0.32546
v 0.65458 0.12358 0.32546
v 0.66661 0.11555 0.32546
v 0.68081 0.11272 0.32546
v 0.69500 0.11555 0.32546
v 0.70703 0.12358 0.32546
v 0.71506 0.13562 0.32546
v 0.68081 0.14981 0.31959
v 0.68081 0.14981 0.31959
v 0.68081 0.14981 0.31959
v 0.68081 0.14981 0.31959
v 0.68081 0.14981 0.31959
v 0.68081 0.14981 0.31959
v 0.68081 0.14981 0.31959
v 0.68081 0.14981 0.31959
v 0.68081 0.14981 0.31959
v 0.68081 0.14981 0.31959
v 0.68081 0.14981 0.31959
v 0.68081 0.14981 0.31959
v 0.68081 0.14981 0.31959
v 0.68081 0.14981 0.31959
v 0.68081 0.14981 0.31959
v 0.68081 0.14981 0.31959
v -1.35101 0.12332 0.84223
v -1.35101 0.12332 0.84223
v -1.35101 0.12332 0.84223
v -1.35101 0.12332 0.84223
v -1.35101 0.12332 0.84223
v -1.35101 0.12332 0.84223
v -1.35101 0.12332 0.84223
v -1.35101 0.12332 0.84223
v -1.35101 0.12332 0.84223
v -1.35101 0.12332 0.84223
v -1.35101 0.12332 0.84223
v -1.35101 0.12332 0.84223
v -1.35101 0.12332 0.84223
v -1.35101 0.12332 0.84223
v -1.35101 0.12332 0.84223
v -1.35101 0.12332 0.84223
v -1.31392 0.12332 0.83635
v -1.31675 0.13751 0.83635
v -1.32479 0.14954 0.83635
v -1.33682 0.15758 0.83635
v -1.35101 0.16040 0.83635
v -1.36520 0.15758 0.83635
v -1.37723 0.14954 0.83635
v -1.38527 0.13751 0.83635
v -1.38809 0.12332 0.83635
v -1.38527 0.10913 0.83635
v -1.37723 0.09710 0.83635
v -1.36520 0.08906 0.83635
v -1.35101 0.08624 0.83635
v -1.33682 0.08906 0.83635
v -1.32479 0.09710 0.83635
v -1.31675 0.10913 0.83635
v -1.28047 0.12332 0.81931
v -1.28584 0.15031 0.81931
v -1.30113 0.17319 0.81931
v -1.32401 0.18848 0.81931
v -1.35101 0.19385 0.81931
v -1.37800 0.18848 0.81931
v -1.40088 0.17319 0.81931
v -1.41617 0.15031 0.81931
v -1.42154 0.12332 0.81931
v -1.41617 0.09633 0.81931
v -1.40088 0.07344 0.81931
v -1.37800 0.05815 0.81931
v -1.35101 0.05278 0.81931
v -1.32401 0.05815 0.81931
v -1.30113 0.07344 0.81931
v -1.28584 0.09633 0.81931
v -1.25392 0.12332 0.79276
v -1.26131 0.16047 0.79276
v -1.28236 0.19197 0.79276
v -1.31385 0.21301 0.79276
v -1.35101 0.22040 0.79276
v -1.38816 0.21301 0.79276
v -1.41965 0.19197 0.79276
v -1.44070 0.16047 0.79276
v -1.44809 0.12332 0.79276
v -1.44070 0.08617 0.79276
v -1.41965 0.05467 0.79276
v -1.38816 0.03363 0.79276
v -1.35101 0.02624 0.79276
v -1.31385 0.03363 0.79276
v -1.28236 0.05467 0.79276
v -1.26131 0.08617 0.79276
v -1.23688 0.12332 0.75931
v -1.24557 0.16699 0.75931
v -1.27031 0.20402 0.75931
v -1.30733 0.22876 0.75931
v -1.35101 0.23744 0.75931
v -1.39468 0.22876 0.75931
v -1.43171 0.20402 0.75931
v -1.45645 0.16699 0.75931
v -1.46513 0.12332 0.75931
v -1.45645 0.07964 0.75931
v -1.43171 0.04262 0.75931
v -1.39468 0.01788 0.75931
v -1.35101 0.00919 0.75931
v -1.30733 0.01788 0.75931
v -1.27031 0.04262 0.75931
v -1.24557 0.07964 0.75931
v -1.23101 0.12332 0.72223
v -1.24014 0.16924 0.72223
v -1.26615 0.20817 0.72223
v -1.30508 0.23418 0.72223
v -1.35101 0.24332 0.72223
v -1.39693 0.23418 0.72223
v -1.43586 0.20817 0.72223
v -1.46187 0.16924 0.72223
v -1.47101 0.12332 0.72223
v -1.46187 0.07740 0.72223
v -1.43586 0.03846 0.72223
v -1.39693 0.01245 0.72223
v -1.35101 0.00332 0.72223
v -1.30508 0.01245 0.72223
v -1.26615 0.03846 0.72223
v -1.24014 0.07740 0.72223
v -1.23688 0.12332 0.68515
v -1.24557 0.16699 0.68515
v -1.27031 0.20402 0.68515
v -1.30733 0.22876 0.68515
v -1.35101 0.23744 0.68515
v -1.39468 0.22876 0.68515
v -1.43171 0.20402 0.68515
v -1.45645 0.16699 0.68515
v -1.46513 0.12332 0.68515
v -1.45645 0.07964 0.68515
v -1.43171 0.04262 0.68515
v -1.39468 0.01788 0.68515
v -1.35101 0.00919 0.68515
v -1.30733 0.01788 0.68515
v -1.27031 0.04262 0.68515
v -1.24557 0.07964 0.68515
v -1.25392 0.12332 0.65169
v -1.26131 0.16047 0.65169
v -1.28236 0.19197 0.65169
v -1.31385 0.21301 0.65169
v -1.35101 0.22040 0.65169
v -1.38816 0.21301 0.65169
v -1.41965 0.19197 0.65169
v -1.44070 0.16047 0.65169
v -1.44809 0.12332 0.65169
v -1.44070 0.08617 0.65169
v -1.41965 0.05467 0.65169
v -1.38816 0.03363 0.65169
v -1.35101 0.02624 0.65169
v -1.31385 0.03363 0.65169
v -1.28236 0.05467 0.65169
v -1.26131 0.08617 0.65169
v -1.28047 0.12332 0.62515
v -1.28584 0.15031 0.62515
v -1.30113 0.17319 0.62515
v -1.32401 0.18848 0.62515
v -1.35101 0.19385 0.62515
v -1.37800 0.18848 0.62515
v -1.40088 0.17319 0.62515
v -1.41617 0.15031 0.62515
v -1.42154 0.12332 0.62515
v -1.41617 0.09633 0.62515
v -1.40088 0.07344 0.62515
v -1.37800 0.05815 0.62515
v -1.35101 0.05278 0.62515
v -1.32401 0.05815 0.62515
v -1.30113 0.07344 0.62515
v -1.28584 0.09633 0.62515
v -1.31392 0.12332 0.60810
v -1.31675 0.13751 0.60810
v -1.32479 0.14954 0.60810
v -1.33682 0.15758 0.60810
v -1.35101 0.16040 0.60810
v -1.36520 0.15758 0.60810
v -1.37723 0.14954 0.60810
v -1.38527 0.13751 0.60810
v -1.38809 0.12332 0.60810
v -1.38527 0.10913 0.60810
v -1.37723 0.09710 0.60810
v -1.36520 0.08906 0.60810
v -1.35101 0.08624 0.60810
v -1.33682 0.08906 0.60810
v -1.32479 0.09710 0.60810
v -1.31675 0.10913 0.60810
v -1.35101 0.12332 0.60223
v -1.35101 0.12332 0.60223
v -1.35101 0.12332 0.60223
v -1.35101 0.12332 0.60223
v -1.35101 0.12332 0.60223
v -1.35101 0.12332 0.60223
v -1.35101 0.12332 0.60223
v -1.35101 0.12332 0.60223
v -1.35101 0.12332 0.60223
v -1.35101 0.12332 0.60223
v -1.35101 0.12332 0.60223
v -1.35101 0.12332 0.60223
v -1.35101 0.12332 0.60223
v -1.35101 0.12332 0.60223
v -1.35101 0.12332 0.60223
v -1.35101 0.12332 0.60223
v -0.38103 -0.91527 -0.21522
v -0.38103 -0.91527 -0.21522
v -0.38103 -0.91527 -0.21522
v -0.38103 -0.91527 -0.21522
v -0.38103 -0.91527 -0.21522
v -0.38103 -0.91527 -0.21522
v -0.38103 -0.91527 -0.21522
v -0.38103 -0.91527 -0.21522
v -0.38103 -0.91527 -0.21522
v -0.38103 -0.91527 -0.21522
v -0.38103 -0.91527 -0.21522
v -0.38103 -0.91527 -0.21522
v -0.38103 -0.91527 -0.21522
v -0.38103 -0.91527 -0.21522
v -0.38103 -0.91527 -0.21522
v -0.38103 -0.91527 -0.21522
v -0.34395 -0.91527 -0.22110
v -0.34678 -0.90108 -0.22110
v -0.35481 -0.88905 -0.22110
v -0.36684 -0.88101 -0.22110
v -0.38103 -0.87819 -0.22110
v -0.39523 -0.88101 -0.22110
v -0.40726 -0.88905 -0.22110
v -0.41529 -0.90108 -0.22110
v -0.41812 -0.91527 -0.22110
v -0.41529 -0.92946 -0.22110
v -0.40726 -0.94149 -0.22110
v -0.39523 -0.94953 -0.22110
v -0.38103 -0.95235 -0.22110
v -0.36684 -0.94953 -0.22110
v -0.35481 -0.94149 -0.22110
v -0.34678 -0.92946 -0.22110
v -0.31050 -0.91527 -0.23814
v -0.31587 -0.88827 -0.23814
v -0.33116 -0.86539 -0.23814
v -0.35404 -0.85010 -0.23814
v -0.38103 -0.84473 -0.23814
v -0.40803 -0.85010 -0.23814
v -0.43091 -0.86539 -0.23814
v -0.44620 -0.88827 -0.23814
v -0.45157 -0.91527 -0.23814
v -0.44620 -0.94226 -0.23814
v -0.43091 -0.96514 -0.23814
v -0.40803 -0.98043 -0.23814
v -0.38103 -0.98580 -0.23814
v -0.35404 -0.98043 -0.23814
v -0.33116 -0.96514 -0.23814
v -0.31587 -0.94226 -0.23814
v -0.28395 -0.91527 -0.26469
v -0.29134 -0.87812 -0.26469
v -0.31239 -0.84662 -0.26469
v -0.34388 -0.82557 -0.26469
v -0.38103 -0.81819 -0.26469
v -0.41819 -0.82557 -0.26469
v -0.44968 -0.84662 -0.26469
v -0.47073 -0.87812 -0.26469
v -0.47812 -0.91527 -0.26469
v -0.47073 -0.95242 -0.26469
v -0.44968 -0.98391 -0.26469
v -0.41819 -1.00496 -0.26469
v -0.38103 -1.01235 -0.26469
v -0.34388 -1.00496 -0.26469
v -0.31239 -0.98391 -0.26469
v -0.29134 -0.95242 -0.26469
v -0.26691 -0.91527 -0.29814
v -0.27560 -0.87159 -0.29814
v -0.30033 -0.83457 -0.29814
v -0.33736 -0.80983 -0.29814
v -0.38103 -0.80114 -0.29814
v -0.42471 -0.80983 -0.29814
v -0.46173 -0.83457 -0.29814
v -0.48647 -0.87159 -0.29814
v -0.49516 -0.91527 -0.29814
v -0.48647 -0.95894 -0.29814
v -0.46173 -0.99597 -0.29814
v -0.42471 -1.02071 -0.29814
v -0.38103 -1.02939 -0.29814
v -0.33736 -1.02071 -0.29814
v -0.30033 -0.99597 -0.29814
v -0.27560 -0.95894 -0.29814
v -0.26103 -0.91527 -0.33522
v -0.27017 -0.86935 -0.33522
v -0.29618 -0.83041 -0.33522
v -0.33511 -0.80440 -0.33522
v -0.38103 -0.79527 -0.33522
v -0.42696 -0.80440 -0.33522
v -0.46589 -0.83041 -0.33522
v -0.49190 -0.86935 -0.33522
v -0.50103 -0.91527 -0.33522
v -0.49190 -0.96119 -0.33522
v -0.46589 -1.00012 -0.33522
v -0.42696 -1.02613 -0.33522
v -0.38103 -1.03527 -0.33522
v -0.33511 -1.02613 -0.33522
v -0.29618 -1.00012 -0.33522
v -0.27017 -0.96119 -0.33522
v -0.26691 -0.91527 -0.37231
v -0.27560 -0.87159 -0.37231
v -0.30033 -0.83457 -0.37231
v -0.33736 -0.80983 -0.37231
v -0.38103 -0.80114 -0.37231
v -0.42471 -0.80983 -0.37231
v -0.46173 -0.83457 -0.37231
v -0.48647 -0.87159 -0.37231
v -0.49516 -0.91527 -0.37231
v -0.48647 -0.95894 -0.37231
v -0.46173 -0.99597 -0.37231
v -0.42471 -1.02071 -0.37231
v -0.38103 -1.02939 -0.37231
v -0.33736 -1.02071 -0.37231
v -0.30033 -0.99597 -0.37231
v -0.27560 -0.95894 -0.37231
v -0.28395 -0.91527 -0.40576
v -0.29134 -0.87812 -0.40576
v -0.31239 -0.84662 -0.40576
v -0.34388 -0.82557 -0.40576
v -0.38103 -0.81819 -0.40576
v -0.41819 -0.82557 -0.40576
v -0.44968 -0.84662 -0.40576
v -0.47073 -0.87812 -0.40576
v -0.47812 -0.91527 -0.40576
v -0.47073 -0.95242 -0.40576
v -0.44968 -0.98391 -0.40576
v -0.41819 -1.00496 -0.40576
v -0.38103 -1.01235 -0.40576
v -0.34388 -1.00496 -0.40576
v -0.31239 -0.98391 -0.40576
v -0.29134 -0.95242 -0.40576
v -0.31050 -0.91527 -0.43231
v -0.31587 -0.88827 -0.43231
v -0.33116 -0.86539 -0.43231
v -0.35404 -0.85010 -0.43231
v -0.38103 -0.84473 -0.43231
v -0.40803 -0.85010 -0.43231
v -0.43091 -0.86539 -0.43231
v -0.44620 -0.88827 -0.43231
v -0.45157 -0.91527 -0.43231
v -0.44620 -0.94226 -0.43231
v -0.43091 -0.96514 -0.43231
v -0.40803 -0.98043 -0.43231
v -0.38103 -0.98580 -0.43231
v -0.35404 -0.98043 -0.43231
v -0.33116 -0.96514 -0.43231
v -0.31587 -0.94226 -0.43231
v -0.34395 -0.91527 -0.44935
v -0.34678 -0.90108 -0.44935
v -0.35481 -0.88905 -0.44935
v -0.36684 -0.88101 -0.44935
v -0.38103 -0.87819 -0.44935
v -0.39523 -0.88101 -0.44935
v -0.40726 -0.88905 -0.44935
v -0.41529 -0.90108 -0.44935
v -0.41812 -0.91527 -0.44935
v -0.41529 -0.92946 -0.44935
v -0.40726 -0.94149 -0.44935
v -0.39523 -0.94953 -0.44935
v -0.38103 -0.95235 -0.44935
v -0.36684 -0.94953 -0.44935
v -0.35481 -0.94149 -0.44935
v -0.34678 -0.92946 -0.44935
v -0.38103 -0.91527 -0.45522
v -0.38103 -0.91527 -0.45522
v -0.38103 -0.91527 -0.45522
v -0.38103 -0.91527 -0.45522
v -0.38103 -0.91527 -0.45522
v -0.38103 -0.91527 -0.45522
v -0.38103 -0.91527 -0.45522
v -0.38103 -0.91527 -0.45522
v -0.38103 -0.91527 -0.45522
v -0.38103 -0.91527 -0.45522
v -0.38103 -0.91527 -0.45522
v -0.38103 -0.91527 -0.45522
v -0.38103 -0.91527 -0.45522
v -0.38103 -0.91527 -0.45522
v -0.38103 -0.91527 -0.45522
v -0.38103 -0.91527 -0.45522
v -0.63506 0.66701 -1.16949
v -0.63506 0.66701 -1.16949
v -0.63506 0.66701 -1.16949
v -0.63506 0.66701 -1.16949
v -0.63506 0.66701 -1.16949
v -0.63506 0.66701 -1.16949
v -0.63506 0.66701 -1.16949
v -0.63506 0.66701 -1.16949
v -0.63506 0.66701 -1.16949
v -0.63506 0.66701 -1.16949
v -0.63506 0.66701 -1.16949
v -0.63506 0.66701 -1.16949
v -0.63506 0.66701 -1.16949
v -0.63506 0.66701 -1.16949
v -0.63506 0.66701 -1.16949
v -0.63506 0.66701 -1.16949
v -0.59798 0.66701 -1.17536
v -0.60081 0.68120 -1.17536
v -0.60884 0.69323 -1.17536
v -0.62087 0.70127 -1.17536
v -0.63506 0.70409 -1.17536
v -0.64926 0.70127 -1.17536
v -0.66129 0.69323 -1.17536
v -0.66932 0.68120 -1.17536
v -0.67215 0.66701 -1.17536
v -0.66932 0.65282 -1.17536
v -0.66129 0.64079 -1.17536
v -0.64926 0.63275 -1.17536
v -0.63506 0.62993 -1.17536
v -0.62087 0.63275 -1.17536
v -0.60884 0.64079 -1.17536
v -0.60081 0.65282 -1.17536
v -0.56453 0.66701 -1.19241
v -0.56990 0.69400 -1.19241
v -0.58519 0.71689 -1.19241
v -0.60807 0.73218 -1.19241
v -0.63506 0.73755 -1.19241
v -0.66206 0.73218 -1.19241
v -0.68494 0.71689 -1.19241
v -0.70023 0.69400 -1.19241
v -0.70560 0.66701 -1.19241
v -0.70023 0.64002 -1.19241
v -0.68494 0.61714 -1.19241
v -0.66206 0.60185 -1.19241
v -0.63506 0.59648 -1.19241
v -0.60807 0.60185 -1.19241
v -0.58519 0.61714 -1.19241
v -0.56990 0.64002 -1.19241
v -0.53798 0.66701 -1.21895
v -0.54537 0.70416 -1.21895
v -0.56642 0.73566 -1.21895
v -0.59791 0.75670 -1.21895
v -0.63506 0.76409 -1.21895
v -0.67222 0.75670 -1.21895
v -0.70371 0.73566 -1.21895
v -0.72476 0.70416 -1.21895
v -0.73215 0.66701 -1.21895
v -0.72476 0.62986 -1.21895
v -0.70371 0.59836 -1.21895
v -0.67222 0.57732 -1.21895
v -0.63506 0.56993 -1.21895
v -0.59791 0.57732 -1.21895
v -0.56642 0.59836 -1.21895
v -0.54537 0.62986 -1.21895
v -0.52094 0.66701 -1.25241
v -0.52963 0.71069 -1.25241
v -0.55436 0.74771 -1.25241
v -0.59139 0.77245 -1.25241
v -0.63506 0.78114 -1.25241
v -0.67874 0.77245 -1.25241
v -0.71576 0.74771 -1.25241
v -0.74050 0.71069 -1.25241
v -0.74919 0.66701 -1.25241
v -0.74050 0.62334 -1.25241
v -0.71576 0.58631 -1.25241
v -0.67874 0.56157 -1.25241
v -0.63506 0.55288 -1.25241
v -0.59139 0.56157 -1.25241
v -0.55436 0.58631 -1.25241
v -0.52963 0.62334 -1.25241
v -0.51506 0.66701 -1.28949
v -0.52420 0.71293 -1.28949
v -0.55021 0.75186 -1.28949
v -0.58914 0.77788 -1.28949
v -0.63506 0.78701 -1.28949
v -0.68099 0.77788 -1.28949
v -0.71992 0.75186 -1.28949
v -0.74593 0.71293 -1.28949
v -0.75506 0.66701 -1.28949
v -0.74593 0.62109 -1.28949
v -0.71992 0.58216 -1.28949
v -0.68099 0.55615 -1.28949
v -0.63506 0.54701 -1.28949
v -0.58914 0.55615 -1.28949
v -0.55021 0.58216 -1.28949
v -0.52420 0.62109 -1.28949
v -0.52094 0.66701 -1.32657
v -0.52963 0.71069 -1.32657
v -0.55436 0.74771 -1.32657
v -0.59139 0.77245 -1.32657
v -0.63506 0.78114 -1.32657
v -0.67874 0.77245 -1.32657
v -0.71576 0.74771 -1.32657
v -0.74050 0.71069 -1.32657
v -0.74919 0.66701 -1.32657
v -0.74050 0.62334 -1.32657
v -0.71576 0.58631 -1.32657
v -0.67874 0.56157 -1.32657
v -0.63506 0.55288 -1.32657
v -0.59139 0.56157 -1.32657
v -0.55436 0.58631 -1.32657
v -0.52963 0.62334 -1.32657
v -0.53798 0.66701 -1.36002
v -0.54537 0.70416 -1.36002
v -0.56642 0.73566 -1.36002
v -0.59791 0.75670 -1.36002
v -0.63506 0.76409 -1.36002
v -0.67222 0.75670 -1.36002
v -0.70371 0.73566 -1.36002
v -0.72476 0.70416 -1.36002
v -0.73215 0.66701 -1.36002
v -0.72476 0.62986 -1.36002
v -0.70371 0.59836 -1.36002
v -0.67222 0.57732 -1.36002
v -0.63506 0.56993 -1.36002
v -0.59791 0.57732 -1.36002
v -0.56642 0.59836 -1.36002
v -0.54537 0.62986 -1.36002
v -0.56453 0.66701 -1.38657
v -0.56990 0.69400 -1.38657
v -0.58519 0.71689 -1.38657
v -0.60807 0.73218 -1.38657
v -0.63506 0.73755 -1.38657
v -0.66206 0.73218 -1.38657
v -0.68494 0.71689 -1.38657
v -0.70023 0.69400 -1.38657
v -0.70560 0.66701 -1.38657
v -0.70023 0.64002 -1.38657
v -0.68494 0.61714 -1.38657
v -0.66206 0.60185 -1.38657
v -0.63506 0.59648 -1.38657
v -0.60807 0.60185 -1.38657
v -0.58519 0.61714 -1.38657
v -0.56990 0.64002 -1.38657
v -0.59798 0.66701 -1.40362
v -0.60081 0.68120 -1.40362
v -0.60884 0.69323 -1.40362
v -0.62087 0.70127 -1.40362
v -0.63506 0.70409 -1.40362
v -0.64926 0.70127 -1.40362
v -0.66129 0.69323 -1.40362
v -0.66932 0.68120 -1.40362
v -0.67215 0.66701 -1.40362
v -0.66932 0.65282 -1.40362
v -0.66129 0.64079 -1.40362
v -0.64926 0.63275 -1.40362
v -0.63506 0.62993 -1.40362
v -0.62087 0.63275 -1.40362
v -0.60884 0.64079 -1.40362
v -0.60081 0.65282 -1.40362
v -0.63506 0.66701 -1.40949
v -0.63506 0.66701 -1.40949
v -0.63506 0.66701 -1.40949
v -0.63506 0.66701 -1.40949
v -0.63506 0.66701 -1.40949
v -0.63506 0.66701 -1.40949
v -0.63506 0.66701 -1.40949
v -0.63506 0.66701 -1.40949
v -0.63506 0.66701 -1.40949
v -0.63506 0.66701 -1.40949
v -0.63506 0.66701 -1.40949
v -0.63506 0.66701 -1.40949
v -0.63506 0.66701 -1.40949
v -0.63506 0.66701 -1.40949
v -0.63506 0.66701 -1.40949
v -0.63506 0.66701 -1.40949
v -1.47407 -0.67508 0.82478
v -1.47407 -0.67508 0.82478
v -1.47407 -0.67508 0.82478
v -1.47407 -0.67508 0.82478
v -1.47407 -0.67508 0.82478
v -1.47407 -0.67508 0.82478
v -1.47407 -0.67508 0.82478
v -1.47407 -0.67508 0.82478
v -1.47407 -0.67508 0.82478
v -1.47407 -0.67508 0.82478
v -1.47407 -0.67508 0.82478
v -1.47407 -0.67508 0.82478
v -1.47407 -0.67508 0.82478
v -1.47407 -0.67508 0.82478
v -1.47407 -0.67508 0.82478
v -1.47407 -0.67508 0.82478
v -1.43698 -0.67508 0.81890
v -1.43981 -0.66089 0.81890
v -1.44784 -0.64886 0.81890
v -1.45987 -0.64082 0.81890
v -1.47407 -0.63800 0.81890
v -1.48826 -0.64082 0.81890
v -1.50029 -0.64886 0.81890
v -1.50832 -0.66089 0.81890
v -1.51115 -0.67508 0.81890
v -1.50832 -0.68927 0.81890
v -1.50029 -0.70130 0.81890
v -1.48826 -0.70934 0.81890
v -1.47407 -0.71216 0.81890
v -1.45987 -0.70934 0.81890
v -1.44784 -0.70130 0.81890
v -1.43981 -0.68927 0.81890
v -1.40353 -0.67508 0.80186
v -1.40890 -0.64809 0.80186
v -1.42419 -0.62521 0.80186
v -1.44707 -0.60992 0.80186
v -1.47407 -0.60455 0.80186
v -1.50106 -0.60992 0.80186
v -1.52394 -0.62521 0.80186
v -1.53923 -0.64809 0.80186
v -1.54460 -0.67508 0.80186
v -1.53923 -0.70207 0.80186
v -1.52394 -0.72496 0.80186
v -1.50106 -0.74025 0.80186
v -1.47407 -0.74562 0.80186
v -1.44707 -0.74025 0.80186
v -1.42419 -0.72496 0.80186
v -1.40890 -0.70207 0.80186
v -1.37698 -0.67508 0.77531
v -1.38437 -0.63793 0.77531
v -1.40542 -0.60643 0.77531
v -1.43691 -0.58539 0.77531
v -1.47407 -0.57800 0.77531
v -1.51122 -0.58539 0.77531
v -1.54271 -0.60643 0.77531
v -1.56376 -0.63793 0.77531
v -1.57115 -0.67508 0.77531
v -1.56376 -0.71223 0.77531
v -1.54271 -0.74373 0.77531
v -1.51122 -0.76477 0.77531
v -1.47407 -0.77216 0.77531
v -1.43691 -0.76477 0.77531
v -1.40542 -0.74373 0.77531
v -1.38437 -0.71223 0.77531
v -1.35994 -0.67508 0.74186
v -1.36863 -0.63141 0.74186
v -1.39337 -0.59438 0.74186
v -1.43039 -0.56964 0.74186
v -1.47407 -0.56095 0.74186
v -1.51774 -0.56964 0.74186
v -1.55476 -0.59438 0.74186
v -1.57950 -0.63141 0.74186
v -1.58819 -0.67508 0.74186
v -1.57950 -0.71876 0.74186
v -1.55476 -0.75578 0.74186
v -1.51774 -0.78052 0.74186
v -1.47407 -0.78921 0.74186
v -1.43039 -0.78052 0.74186
v -1.39337 -0.75578 0.74186
v -1.36863 -0.71876 0.74186
v -1.35407 -0.67508 0.70478
v -1.36320 -0.62916 0.70478
v -1.38921 -0.59023 0.70478
v -1.42814 -0.56422 0.70478
v -1.47407 -0.55508 0.70478
v -1.51999 -0.56422 0.70478
v -1.55892 -0.59023 0.70478
v -1.58493 -0.62916 0.70478
v -1.59407 -0.67508 0.70478
v -1.58493 -0.72100 0.70478
v -1.55892 -0.75993 0.70478
v -1.51999 -0.78595 0.70478
v -1.47407 -0.79508 0.70478
v -1.42814 -0.78595 0.70478
v -1.38921 -0.75993 0.70478
v -1.36320 -0.72100 0.70478
v -1.35994 -0.67508 0.66770
v -1.36863 -0.63141 0.66770
v -1.39337 -0.59438 0.66770
v -1.43039 -0.56964 0.66770
v -1.47407 -0.56095 0.66770
v -1.51774 -0.56964 0.66770
v -1.55476 -0.59438 0.66770
v -1.57950 -0.63141 0.66770
v -1.58819 -0.67508 0.66770
v -1.57950 -0.71876 0.66770
v -1.55476 -0.75578 0.66770
v -1.51774 -0.78052 0.66770
v -1.47407 -0.78921 0.66770
v -1.43039 -0.78052 0.66770
v -1.39337 -0.75578 0.66770
v -1.36863 -0.71876 0.66770
v -1.37698 -0.67508 0.63424
v -1.38437 -0.63793 0.63424
v -1.40542 -0.60643 0.63424
v -1.43691 -0.58539 0.63424
v -1.47407 -0.57800 0.63424
v -1.51122 -0.58539 0.63424
v -1.54271 -0.60643 0.63424
v -1.56376 -0.63793 0.63424
v -1.57115 -0.67508 0.63424
v -1.56376 -0.71223 0.63424
v -1.54271 -0.74373 0.63424
v -1.51122 -0.76477 0.63424
v -1.47407 -0.77216 0.63424
v -1.43691 -0.76477 0.63424
v -1.40542 -0.74373 0.63424
v -1.38437 -0.71223 0.63424
v -1.40353 -0.67508 0.60770
v -1.40890 -0.64809 0.60770
v -1.42419 -0.62521 0.60770
v -1.44707 -0.60992 0.60770
v -1.47407 -0.60455 0.60770
v -1.50106 -0.60992 0.60770
v -1.52394 -0.62521 0.60770
v -1.53923 -0.64809 0.60770
v -1.54460 -0.67508 0.60770
v -1.53923 -0.70207 0.60770
v -1.52394 -0.72496 0.60770
v -1.50106 -0.74025 0.60770
v -1.47407 -0.74562 0.60770
v -1.44707 -0.74025 0.60770
v -1.42419 -0.72496 0.60770
v -1.40890 -0.70207 0.60770
v -1.43698 -0.67508 0.59065
v -1.43981 -0.66089 0.59065
v -1.44784 -0.64886 0.59065
v -1.45987 -0.64082 0.59065
v -1.47407 -0.63800 0.59065
v -1.48826 -0.64082 0.59065
v -1.50029 -0.64886 0.59065
v -1.50832 -0.66089 0.59065
v -1.51115 -0.67508 0.59065
v -1.50832 -0.68927 0.59065
v -1.50029 -0.70130 0.59065
v -1.48826 -0.70934 0.59065
v -1.47407 -0.71216 0.59065
v -1.45987 -0.70934 0.59065
v -1.44784 -0.70130 0.59065
v -1.43981 -0.68927 0.59065
v -1.47407 -0.67508 0.58478
v -1.47407 -0.67508 0.58478
v -1.47407 -0.67508 0.58478
v -1.47407 -0.67508 0.58478
v -1.47407 -0.67508 0.58478
v -1.47407 -0.67508 0.58478
v -1.47407 -0.67508 0.58478
v -1.47407 -0.67508 0.58478
v -1.47407 -0.67508 0.58478
v -1.47407 -0.67508 0.58478
v -1.47407 -0.67508 0.58478
v -1.47407 -0.67508 0.58478
v -1.47407 -0.67508 0.58478
v -1.47407 -0.67508 0.58478
v -1.47407 -0.67508 0.58478
v -1.47407 -0.67508 0.58478
v -0.48382 -1.69293 0.07616
v -0.48382 -1.69293 0.07616
v -0.48382 -1.69293 0.07616
v -0.48382 -1.69293 0.07616
v -0.48382 -1.69293 0.07616
v -0.48382 -1.69293 0.07616
v -0.48382 -1.69293 0.07616
v -0.48382 -1.69293 0.07616
v -0.48382 -1.69293 0.07616
v -0.48382 -1.69293 0.07616
v -0.48382 -1.69293 0.07616
v -0.48382 -1.69293 0.07616
v -0.48382 -1.69293 0.07616
v -0.48382 -1.69293 0.07616
v -0.48382 -1.69293 0.07616
v -0.48382 -1.69293 0.07616
v -0.44674 -1.69293 0.07029
v -0.44956 -1.67874 0.07029
v -0.45760 -1.66671 0.07029
v -0.46963 -1.65868 0.07029
v -0.48382 -1.65585 0.07029
v -0.49801 -1.65868 0.07029
v -0.51004 -1.66671 0.07029
v -0.51808 -1.67874 0.07029
v -0.52091 -1.69293 0.07029
v -0.51808 -1.70713 0.07029
v -0.51004 -1.71916 0.07029
v -0.49801 -1.72719 0.07029
v -0.48382 -1.73002 0.07029
v -0.46963 -1.72719 0.07029
v -0.45760 -1.71916 0.07029
v -0.44956 -1.70713 0.07029
v -0.41329 -1.69293 0.05324
v -0.41866 -1.66594 0.05324
v -0.43395 -1.64306 0.05324
v -0.45683 -1.62777 0.05324
v -0.48382 -1.62240 0.05324
v -0.51082 -1.62777 0.05324
v -0.53370 -1.64306 0.05324
v -0.54899 -1.66594 0.05324
v -0.55436 -1.69293 0.05324
v -0.54899 -1.71993 0.05324
v -0.53370 -1.74281 0.05324
v -0.51082 -1.75810 0.05324
v -0.48382 -1.76347 0.05324
v -0.45683 -1.75810 0.05324
v -0.43395 -1.74281 0.05324
v -0.41866 -1.71993 0.05324
v -0.38674 -1.69293 0.02670
v -0.39413 -1.65578 0.02670
v -0.41518 -1.62429 0.02670
v -0.44667 -1.60324 0.02670
v -0.48382 -1.59585 0.02670
v -0.52098 -1.60324 0.02670
v -0.55247 -1.62429 0.02670
v -0.57352 -1.65578 0.02670
v -0.58091 -1.69293 0.02670
v -0.57352 -1.73009 0.02670
v -0.55247 -1.76158 0.02670
v -0.52098 -1.78263 0.02670
v -0.48382 -1.79002 0.02670
v -0.44667 -1.78263 0.02670
v -0.41518 -1.76158 0.02670
v -0.39413 -1.73009 0.02670
v -0.36970 -1.69293 -0.00676
v -0.37838 -1.64926 -0.00676
v -0.40312 -1.61224 -0.00676
v -0.44015 -1.58750 -0.00676
v -0.48382 -1.57881 -0.00676
v -0.52750 -1.58750 -0.00676
v -0.56452 -1.61224 -0.00676
v -0.58926 -1.64926 -0.00676
v -0.59795 -1.69293 -0.00676
v -0.58926 -1.73661 -0.00676
v -0.56452 -1.77363 -0.00676
v -0.52750 -1.79837 -0.00676
v -0.48382 -1.80706 -0.00676
v -0.44015 -1.79837 -0.00676
v -0.40312 -1.77363 -0.00676
v -0.37838 -1.73661 -0.00676
v -0.36382 -1.69293 -0.04384
v -0.37296 -1.64701 -0.04384
v -0.39897 -1.60808 -0.04384
v -0.43790 -1.58207 -0.04384
v -0.48382 -1.57293 -0.04384
v -0.52975 -1.58207 -0.04384
v -0.56868 -1.60808 -0.04384
v -0.59469 -1.64701 -0.04384
v -0.60382 -1.69293 -0.04384
v -0.59469 -1.73886 -0.04384
v -0.56868 -1.77779 -0.04384
v -0.52975 -1.80380 -0.04384
v -0.48382 -1.81293 -0.04384
v -0.43790 -1.80380 -0.04384
v -0.39897 -1.77779 -0.04384
v -0.37296 -1.73886 -0.04384
v -0.36970 -1.69293 -0.08092
v -0.37838 -1.64926 -0.08092
v -0.40312 -1.61224 -0.08092
v -0.44015 -1.58750 -0.08092
v -0.48382 -1.57881 -0.08092
v -0.52750 -1.58750 -0.08092
v -0.56452 -1.61224 -0.08092
v -0.58926 -1.64926 -0.08092
v -0.59795 -1.69293 -0.08092
v -0.58926 -1.73661 -0.08092
v -0.56452 -1.77363 -0.08092
v -0.52750 -1.79837 -0.08092
v -0.48382 -1.80706 -0.08092
v -0.44015 -1.79837 -0.08092
v -0.40312 -1.77363 -0.08092
v -0.37838 -1.73661 -0.08092
v -0.38674 -1.69293 -0.11437
v -0.39413 -1.65578 -0.11437
v -0.41518 -1.62429 -0.11437
v -0.44667 -1.60324 -0.11437
v -0.48382 -1.59585 -0.11437
v -0.52098 -1.60324 -0.11437
v -0.55247 -1.62429 -0.11437
v -0.57352 -1.65578 -0.11437
v -0.58091 -1.69293 -0.11437
v -0.57352 -1.73009 -0.11437
v -0.55247 -1.76158 -0.11437
v -0.52098 -1.78263 -0.11437
v -0.48382 -1.79002 -0.11437
v -0.44667 -1.78263 -0.11437
v -0.41518 -1.76158 -0.11437
v -0.39413 -1.73009 -0.11437
v -0.41329 -1.69293 -0.14092
v -0.41866 -1.66594 -0.14092
v -0.43395 -1.64306 -0.14092
v -0.45683 -1.62777 -0.14092
v -0.48382 -1.62240 -0.14092
v -0.51082 -1.62777 -0.14092
v -0.53370 -1.64306 -0.14092
v -0.54899 -1.66594 -0.14092
v -0.55436 -1.69293 -0.14092
v -0.54899 -1.71993 -0.14092
v -0.53370 -1.74281 -0.14092
v -0.51082 -1.75810 -0.14092
v -0.48382 -1.76347 -0.14092
v -0.45683 -1.75810 -0.14092
v -0.43395 -1.74281 -0.14092
v -0.41866 -1.71993 -0.14092
v -0.44674 -1.69293 -0.15796
v -0.44956 -1.67874 -0.15796
v -0.45760 -1.66671 -0.15796
v -0.46963 -1.65868 -0.15796
v -0.48382 -1.65585 -0.15796
v -0.49801 -1.65868 -0.15796
v -0.51004 -1.66671 -0.15796
v -0.51808 -1.67874 -0.15796
v -0.52091 -1.69293 -0.15796
v -0.51808 -1.70713 -0.15796
v -0.51004 -1.71916 -0.15796
v -0.49801 -1.72719 -0.15796
v -0.48382 -1.73002 -0.15796
v -0.46963 -1.72719 -0.15796
v -0.45760 -1.71916 -0.15796
v -0.44956 -1.70713 -0.15796
v -0.48382 -1.69293 -0.16384
v -0.48382 -1.69293 -0.16384
v -0.48382 -1.69293 -0.16384
v -0.48382 -1.69293 -0.16384
v -0.48382 -1.69293 -0.16384
v -0.48382 -1.69293 -0.16384
v -0.48382 -1.69293 -0.16384
v -0.48382 -1.69293 -0.16384
v -0.48382 -1.69293 -0.16384
v -0.48382 -1.69293 -0.16384
v -0.48382 -1.69293 -0.16384
v -0.48382 -1.69293 -0.16384
v -0.48382 -1.69293 -0.16384
v -0.48382 -1.69293 -0.16384
v -0.48382 -1.69293 -0.16384
v -0.48382 -1.69293 -0.16384
v -0.20272 -1.15427 0.72263
v -0.20272 -1.15427 0.72263
v -0.20272 -1.15427 0.72263
v -0.20272 -1.15427 0.72263
v -0.20272 -1.15427 0.72263
v -0.20272 -1.15427 0.72263
v -0.20272 -1.15427 0.72263
v -0.20272 -1.15427 0.72263
v -0.20272 -1.15427 0.72263
v -0.20272 -1.15427 0.72263
v -0.20272 -1.15427 0.72263
v -0.20272 -1.15427 0.72263
v -0.20272 -1.15427 0.72263
v -0.20272 -1.15427 0.72263
v -0.20272 -1.15427 0.72263
v -0.20272 -1.15427 0.72263
v -0.16564 -1.15427 0.71675
v -0.16846 -1.14008 0.71675
v -0.17650 -1.12805 0.71675
v -0.18853 -1.12001 0.71675
v -0.20272 -1.11719 0.71675
v -0.21691 -1.12001 0.71675
v -0.22894 -1.12805 0.71675
v -0.23698 -1.14008 0.71675
v -0.23980 -1.15427 0.71675
v -0.23698 -1.16846 0.71675
v -0.22894 -1.18049 0.71675
v -0.21691 -1.18853 0.71675
v -0.20272 -1.19135 0.71675
v -0.18853 -1.18853 0.71675
v -0.17650 -1.18049 0.71675
v -0.16846 -1.16846 0.71675
v -0.13218 -1.15427 0.69971
v -0.13755 -1.12728 0.69971
v -0.15284 -1.10439 0.69971
v -0.17573 -1.08910 0.69971
v -0.20272 -1.08374 0.69971
v -0.22971 -1.08910 0.69971
v -0.25259 -1.10439 0.69971
v -0.26788 -1.12728 0.69971
v -0.27325 -1.15427 0.69971
v -0.26788 -1.18126 0.69971
v -0.25259 -1.20415 0.69971
v -0.22971 -1.21944 0.69971
v -0.20272 -1.22480 0.69971
v -0.17573 -1.21944 0.69971
v -0.15284 -1.20415 0.69971
v -0.13755 -1.18126 0.69971
v -0.10564 -1.15427 0.67316
v -0.11303 -1.11712 0.67316
v -0.13407 -1.08562 0.67316
v -0.16557 -1.06458 0.67316
v -0.20272 -1.05719 0.67316
v -0.23987 -1.06458 0.67316
v -0.27137 -1.08562 0.67316
v -0.29241 -1.11712 0.67316
v -0.29980 -1.15427 0.67316
v -0.29241 -1.19142 0.67316
v -0.27137 -1.22292 0.67316
v -0.23987 -1.24396 0.67316
v -0.20272 -1.25135 0.67316
v -0.16557 -1.24396 0.67316
v -0.13407 -1.22292 0.67316
v -0.11303 -1.19142 0.67316
v -0.08859 -1.15427 0.63971
v -0.09728 -1.11060 0.63971
v -0.12202 -1.07357 0.63971
v -0.15904 -1.04883 0.63971
v -0.20272 -1.04014 0.63971
v -0.24639 -1.04883 0.63971
v -0.28342 -1.07357 0.63971
v -0.30816 -1.11060 0.63971
v -0.31685 -1.15427 0.63971
v -0.30816 -1.19794 0.63971
v -0.28342 -1.23497 0.63971
v -0.24639 -1.25971 0.63971
v -0.20272 -1.26840 0.63971
v -0.15904 -1.25971 0.63971
v -0.12202 -1.23497 0.63971
v -0.09728 -1.19794 0.63971
v -0.08272 -1.15427 0.60263
v -0.09185 -1.10835 0.60263
v -0.11787 -1.06942 0.60263
v -0.15680 -1.04340 0.60263
v -0.20272 -1.03427 0.60263
v -0.24864 -1.04340 0.60263
v -0.28757 -1.06942 0.60263
v -0.31358 -1.10835 0.60263
v -0.32272 -1.15427 0.60263
v -0.31358 -1.20019 0.60263
v -0.28757 -1.23912 0.60263
v -0.24864 -1.26514 0.60263
v -0.20272 -1.27427 0.60263
v -0.15680 -1.26514 0.60263
v -0.11787 -1.23912 0.60263
v -0.09185 -1.20019 0.60263
v -0.08859 -1.15427 0.56555
v -0.09728 -1.11060 0.56555
v -0.12202 -1.07357 0.56555
v -0.15904 -1.04883 0.56555
v -0.20272 -1.04014 0.56555
v -0.24639 -1.04883 0.56555
v -0.28342 -1.07357 0.56555
v -0.30816 -1.11060 0.56555
v -0.31685 -1.15427 0.56555
v -0.30816 -1.19794 0.56555
v -0.28342 -1.23497 0.56555
v -0.24639 -1.25971 0.56555
v -0.20272 -1.26840 0.56555
v -0.15904 -1.25971 0.56555
v -0.12202 -1.23497 0.56555
v -0.09728 -1.19794 0.56555
v -0.10564 -1.15427 0.53209
v -0.11303 -1.11712 0.53209
v -0.13407 -1.08562 0.53209
v -0.16557 -1.06458 0.53209
v -0.20272 -1.05719 0.53209
v -0.23987 -1.06458 0.53209
v -0.27137 -1.08562 0.53209
v -0.29241 -1.11712 0.53209
v -0.29980 -1.15427 0.53209
v -0.29241 -1.19142 0.53209
v -0.27137 -1.22292 0.53209
v -0.23987 -1.24396 0.53209
v -0.20272 -1.25135 0.53209
v -0.16557 -1.24396 0.53209
v -0.13407 -1.22292 0.53209
v -0.11303 -1.19142 0.53209
v -0.13218 -1.15427 0.50555
v -0.13755 -1.12728 0.50555
v -0.15284 -1.10439 0.50555
v -0.17573 -1.08910 0.50555
v -0.20272 -1.08374 0.50555
v -0.22971 -1.08910 0.50555
v -0.25259 -1.10439 0.50555
v -0.26788 -1.12728 0.50555
v -0.27325 -1.15427 0.50555
v -0.26788 -1.18126 0.50555
v -0.25259 -1.20415 0.50555
v -0.22971 -1.21944 0.50555
v -0.20272 -1.22480 0.50555
v -0.17573 -1.21944 0.50555
v -0.15284 -1.20415 0.50555
v -0.13755 -1.18126 0.50555
v -0.16564 -1.15427 0.48850
v -0.16846 -1.14008 0.48850
v -0.17650 -1.12805 0.48850
v -0.18853 -1.12001 0.48850
v -0.20272 -1.11719 0.48850
v -0.21691 -1.12001 0.48850
v -0.22894 -1.12805 0.48850
v -0.23698 -1.14008 0.48850
v -0.23980 -1.15427 0.48850
v -0.23698 -1.16846 0.48850
v -0.22894 -1.18049 0.48850
v -0.21691 -1.18853 0.48850
v -0.20272 -1.19135 0.48850
v -0.18853 -1.18853 0.48850
v -0.17650 -1.18049 0.48850
v -0.16846 -1.16846 0.48850
v -0.20272 -1.15427 0.48263
v -0.20272 -1.15427 0.48263
v -0.20272 -1.15427 0.48263
v -0.20272 -1.15427 0.48263
v -0.20272 -1.15427 0.48263
v -0.20272 -1.15427 0.48263
v -0.20272 -1.15427 0.48263
v -0.20272 -1.15427 0.48263
v -0.20272 -1.15427 0.48263
v -0.20272 -1.15427 0.48263
v -0.20272 -1.15427 0.48263
v -0.20272 -1.15427 0.48263
v -0.20272 -1.15427 0.48263
v -0.20272 -1.15427 0.48263
v -0.20272 -1.15427 0.48263
v -0.20272 -1.15427 0.48263
v -0.57145 -0.94196 -0.50118
v -0.57145 -0.94196 -0.50118
v -0.57145 -0.94196 -0.50118
v -0.57145 -0.94196 -0.50118
v -0.57145 -0.94196 -0.50118
v -0.57145 -0.94196 -0.50118
v -0.57145 -0.94196 -0.50118
v -0.57145 -0.94196 -0.50118
v -0.57145 -0.94196 -0.50118
v -0.57145 -0.94196 -0.50118
v -0.57145 -0.94196 -0.50118
v -0.57145 -0.94196 -0.50118
v -0.57145 -0.94196 -0.50118
v -0.57145 -0.94196 -0.50118
v -0.57145 -0.94196 -0.50118
v -0.57145 -0.94196 -0.50118
v -0.53436 -0.94196 -0.50706
v -0.53719 -0.92777 -0.50706
v -0.54522 -0.91574 -0.50706
v -0.55726 -0.90770 -0.50706
v -0.57145 -0.90488 -0.50706
v -0.58564 -0.90770 -0.50706
v -0.59767 -0.91574 -0.50706
v -0.60571 -0.92777 -0.50706
v -0.60853 -0.94196 -0.50706
v -0.60571 -0.95615 -0.50706
v -0.59767 -0.96818 -0.50706
v -0.58564 -0.97622 -0.50706
v -0.57145 -0.97904 -0.50706
v -0.55726 -0.97622 -0.50706
v -0.54522 -0.96818 -0.50706
v -0.53719 -0.95615 -0.50706
v -0.50091 -0.94196 -0.52410
v -0.50628 -0.91497 -0.52410
v -0.52157 -0.89208 -0.52410
v -0.54445 -0.87679 -0.52410
v -0.57145 -0.87143 -0.52410
v -0.59844 -0.87679 -0.52410
v -0.62132 -0.89208 -0.52410
v -0.63661 -0.91497 -0.52410
v -0.64198 -0.94196 -0.52410
v -0.63661 -0.96895 -0.52410
v -0.62132 -0.99183 -0.52410
v -0.59844 -1.00712 -0.52410
v -0.57145 -1.01249 -0.52410
v -0.54445 -1.00712 -0.52410
v -0.52157 -0.99183 -0.52410
v -0.50628 -0.96895 -0.52410
v -0.47436 -0.94196 -0.55065
v -0.48175 -0.90481 -0.55065
v -0.50280 -0.87331 -0.55065
v -0.53429 -0.85227 -0.55065
v -0.57145 -0.84488 -0.55065
v -0.60860 -0.85227 -0.55065
v -0.64009 -0.87331 -0.55065
v -0.66114 -0.90481 -0.55065
v -0.66853 -0.94196 -0.55065
v -0.66114 -0.97911 -0.55065
v -0.64009 -1.01061 -0.55065
v -0.60860 -1.03165 -0.55065
v -0.57145 -1.03904 -0.55065
v -0.53429 -1.03165 -0.55065
v -0.50280 -1.01061 -0.55065
v -0.48175 -0.97911 -0.55065
v -0.45732 -0.94196 -0.58410
v -0.46601 -0.89828 -0.58410
v -0.49075 -0.86126 -0.58410
v -0.52777 -0.83652 -0.58410
v -0.57145 -0.82783 -0.58410
v -0.61512 -0.83652 -0.58410
v -0.65215 -0.86126 -0.58410
v -0.67689 -0.89828 -0.58410
v -0.68557 -0.94196 -0.58410
v -0.67689 -0.98563 -0.58410
v -0.65215 -1.02266 -0.58410
v -0.61512 -1.04740 -0.58410
v -0.57145 -1.05609 -0.58410
v -0.52777 -1.04740 -0.58410
v -0.49075 -1.02266 -0.58410
v -0.46601 -0.98563 -0.58410
v -0.45145 -0.94196 -0.62118
v -0.46058 -0.89604 -0.62118
v -0.48659 -0.85711 -0.62118
v -0.52552 -0.83109 -0.62118
v -0.57145 -0.82196 -0.62118
v -0.61737 -0.83109 -0.62118
v -0.65630 -0.85711 -0.62118
v -0.68231 -0.89604 -0.62118
v -0.69145 -0.94196 -0.62118
v -0.68231 -0.98788 -0.62118
v -0.65630 -1.02681 -0.62118
v -0.61737 -1.05282 -0.62118
v -0.57145 -1.06196 -0.62118
v -0.52552 -1.05282 -0.62118
v -0.48659 -1.02681 -0.62118
v -0.46058 -0.98788 -0.62118
v -0.45732 -0.94196 -0.65826
v -0.46601 -0.89828 -0.65826
v -0.49075 -0.86126 -0.65826
v -0.52777 -0.83652 -0.65826
v -0.57145 -0.82783 -0.65826
v -0.61512 -0.83652 -0.65826
v -0.65215 -0.86126 -0.65826
v -0.67689 -0.89828 -0.65826
v -0.68557 -0.94196 -0.65826
v -0.67689 -0.98563 -0.65826
v -0.65215 -1.02266 -0.65826
v -0.61512 -1.04740 -0.65826
v -0.57145 -1.05609 -0.65826
v -0.52777 -1.04740 -0.65826
v -0.49075 -1.02266 -0.65826
v -0.46601 -0.98563 -0.65826
v -0.47436 -0.94196 -0.69172
v -0.48175 -0.90481 -0.69172
v -0.50280 -0.87331 -0.69172
v -0.53429 -0.85227 -0.69172
v -0.57145 -0.84488 -0.69172
v -0.60860 -0.85227 -0.69172
v -0.64009 -0.87331 -0.69172
v -0.66114 -0.90481 -0.69172
v -0.66853 -0.94196 -0.69172
v -0.66114 -0.97911 -0.69172
v -0.64009 -1.01061 -0.69172
v -0.60860 -1.03165 -0.69172
v -0.57145 -1.03904 -0.69172
v -0.53429 -1.03165 -0.69172
v -0.50280 -1.01061 -0.69172
v -0.48175 -0.97911 -0.69172
v -0.50091 -0.94196 -0.71826
v -0.50628 -0.91497 -0.71826
v -0.52157 -0.89208 -0.71826
v -0.54445 -0.87679 -0.71826
v -0.57145 -0.87143 -0.71826
v -0.59844 -0.87679 -0.71826
v -0.62132 -0.89208 -0.71826
v -0.63661 -0.91497 -0.71826
v -0.64198 -0.94196 -0.71826
v -0.63661 -0.96895 -0.71826
v -0.62132 -0.99183 -0.71826
v -0.59844 -1.00712 -0.71826
v -0.57145 -1.01249 -0.71826
v -0.54445 -1.00712 -0.71826
v -0.52157 -0.99183 -0.71826
v -0.50628 -0.96895 -0.71826
v -0.53436 -0.94196 -0.73531
v -0.53719 -0.92777 -0.73531
v -0.54522 -0.91574 -0.73531
v -0.55726 -0.90770 -0.73531
v -0.57145 -0.90488 -0.73531
v -0.58564 -0.90770 -0.73531
v -0.59767 -0.91574 -0.73531
v -0.60571 -0.92777 -0.73531
v -0.60853 -0.94196 -0.73531
v -0.60571 -0.95615 -0.73531
v -0.59767 -0.96818 -0.73531
v -0.58564 -0.97622 -0.73531
v -0.57145 -0.97904 -0.73531
v -0.55726 -0.97622 -0.73531
v -0.54522 -0.96818 -0.73531
v -0.53719 -0.95615 -0.73531
v -0.57145 -0.94196 -0.74118
v -0.57145 -0.94196 -0.74118
v -0.57145 -0.94196 -0.74118
v -0.57145 -0.94196 -0.74118
v -0.57145 -0.94196 -0.74118
v -0.57145 -0.94196 -0.74118
v -0.57145 -0.94196 -0.74118
v -0.57145 -0.94196 -0.74118
v -0.57145 -0.94196 -0.74118
v -0.57145 -0.94196 -0.74118
v -0.57145 -0.94196 -0.74118
v -0.57145 -0.94196 -0.74118
v -0.57145 -0.94196 -0.74118
v -0.57145 -0.94196 -0.74118
v -0.57145 -0.94196 -0.74118
v -0.57145 -0.94196 -0.74118
v -0.79311 -1.07519 -0.12316
v -0.79311 -1.07519 -0.12316
v -0.79311 -1.07519 -0.12316
v -0.79311 -1.07519 -0.12316
v -0.79311 -1.07519 -0.12316
v -0.79311 -1.07519 -0.12316
v -0.79311 -1.07519 -0.12316
v -0.79311 -1.07519 -0.12316
v -0.79311 -1.07519 -0.12316
v -0.79311 -1.07519 -0.12316
v -0.79311 -1.07519 -0.12316
v -0.79311 -1.07519 -0.12316
v -0.79311 -1.07519 -0.12316
v -0.79311 -1.07519 -0.12316
v -0.79311 -1.07519 -0.12316
v -0.79311 -1.07519 -0.12316
v -0.75602 -1.07519 -0.12904
v -0.75885 -1.06100 -0.12904
v -0.76688 -1.04897 -0.12904
v -0.77891 -1.04093 -0.12904
v -0.79311 -1.03811 -0.12904
v -0.80730 -1.04093 -0.12904
v -0.81933 -1.04897 -0.12904
v -0.82736 -1.06100 -0.12904
v -0.83019 -1.07519 -0.12904
v -0.82736 -1.08938 -0.12904
v -0.81933 -1.10141 -0.12904
v -0.80730 -1.10945 -0.12904
v -0.79311 -1.11227 -0.12904
v -0.77891 -1.10945 -0.12904
v -0.76688 -1.10141 -0.12904
v -0.75885 -1.08938 -0.12904
v -0.72257 -1.07519 -0.14608
v -0.72794 -1.04820 -0.14608
v -0.74323 -1.02532 -0.14608
v -0.76611 -1.01003 -0.14608
v -0.79311 -1.00466 -0.14608
v -0.82010 -1.01003 -0.14608
v -0.84298 -1.02532 -0.14608
v -0.85827 -1.04820 -0.14608
v -0.86364 -1.07519 -0.14608
v -0.85827 -1.10218 -0.14608
v -0.84298 -1.12507 -0.14608
v -0.82010 -1.14036 -0.14608
v -0.79311 -1.14573 -0.14608
v -0.76611 -1.14036 -0.14608
v -0.74323 -1.12507 -0.14608
v -0.72794 -1.10218 -0.14608
v -0.69602 -1.07519 -0.17263
v -0.70341 -1.03804 -0.17263
v -0.72446 -1.00655 -0.17263
v -0.75595 -0.98550 -0.17263
v -0.79311 -0.97811 -0.17263
v -0.83026 -0.98550 -0.17263
v -0.86175 -1.00655 -0.17263
v -0.88280 -1.03804 -0.17263
v -0.89019 -1.07519 -0.17263
v -0.88280 -1.11234 -0.17263
v -0.86175 -1.14384 -0.17263
v -0.83026 -1.16488 -0.17263
v -0.79311 -1.17227 -0.17263
v -0.75595 -1.16488 -0.17263
v -0.72446 -1.14384 -0.17263
v -0.70341 -1.11234 -0.17263
v -0.67898 -1.07519 -0.20608
v -0.68767 -1.03152 -0.20608
v -0.71241 -0.99449 -0.20608
v -0.74943 -0.96975 -0.20608
v -0.79311 -0.96107 -0.20608
v -0.83678 -0.96975 -0.20608
v -0.87381 -0.99449 -0.20608
v -0.89854 -1.03152 -0.20608
v -0.90723 -1.07519 -0.20608
v -0.89854 -1.11887 -0.20608
v -0.87381 -1.15589 -0.20608
v -0.83678 -1.18063 -0.20608
v -0.79311 -1.18932 -0.20608
v -0.74943 -1.18063 -0.20608
v -0.71241 -1.15589 -0.20608
v -0.68767 -1.11887 -0.20608
v -0.67311 -1.07519 -0.24316
v -0.68224 -1.02927 -0.24316
v -0.70825 -0.99034 -0.24316
v -0.74718 -0.96433 -0.24316
v -0.79311 -0.95519 -0.24316
v -0.83903 -0.96433 -0.24316
v -0.87796 -0.99034 -0.24316
v -0.90397 -1.02927 -0.24316
v -0.91311 -1.07519 -0.24316
v -0.90397 -1.12111 -0.24316
v -0.87796 -1.16005 -0.24316
v -0.83903 -1.18606 -0.24316
v -0.79311 -1.19519 -0.24316
v -0.74718 -1.18606 -0.24316
v -0.70825 -1.16005 -0.24316
v -0.68224 -1.12111 -0.24316
v -0.67898 -1.07519 -0.28025
v -0.68767 -1.03152 -0.28025
v -0.71241 -0.99449 -0.28025
v -0.74943 -0.96975 -0.28025
v -0.79311 -0.96107 -0.28025
v -0.83678 -0.96975 -0.28025
v -0.87381 -0.99449 -0.28025
v -0.89854 -1.03152 -0.28025
v -0.90723 -1.07519 -0.28025
v -0.89854 -1.11887 -0.28025
v -0.87381 -1.15589 -0.28025
v -0.83678 -1.18063 -0.28025
v -0.79311 -1.18932 -0.28025
v -0.74943 -1.18063 -0.28025
v -0.71241 -1.15589 -0.28025
v -0.68767 -1.11887 -0.28025
v -0.69602 -1.07519 -0.31370
v -0.70341 -1.03804 -0.31370
v -0.72446 -1.00655 -0.31370
v -0.75595 -0.98550 -0.31370
v -0.79311 -0.97811 -0.31370
v -0.83026 -0.98550 -0.31370
v -0.86175 -1.00655 -0.31370
v -0.88280 -1.03804 -0.31370
v -0.89019 -1.07519 -0.31370
v -0.88280 -1.11234 -0.31370
v -0.86175 -1.14384 -0.31370
v -0.83026 -1.16488 -0.31370
v -0.79311 -1.17227 -0.31370
v -0.75595 -1.16488 -0.31370
v -0.72446 -1.14384 -0.31370
v -0.70341 -1.11234 -0.31370
v -0.72257 -1.07519 -0.34025
v -0.72794 -1.04820 -0.34025
v -0.74323 -1.02532 -0.34025
v -0.76611 -1.01003 -0.34025
v -0.79311 -1.00466 -0.34025
v -0.82010 -1.01003 -0.34025
v -0.84298 -1.02532 -0.34025
v -0.85827 -1.04820 -0.34025
v -0.86364 -1.07519 -0.34025
v -0.85827 -1.10218 -0.34025
v -0.84298 -1.12507 -0.34025
v -0.82010 -1.14036 -0.34025
v -0.79311 -1.14573 -0.34025
v -0.76611 -1.14036 -0.34025
v -0.74323 -1.12507 -0.34025
v -0.72794 -1.10218 -0.34025
v -0.75602 -1.07519 -0.35729
v -0.75885 -1.06100 -0.35729
v -0.76688 -1.04897 -0.35729
v -0.77891 -1.04093 -0.35729
v -0.79311 -1.03811 -0.35729
v -0.80730 -1.04093 -0.35729
v -0.81933 -1.04897 -0.35729
v -0.82736 -1.06100 -0.35729
v -0.83019 -1.07519 -0.35729
v -0.82736 -1.08938 -0.35729
v -0.81933 -1.10141 -0.35729
v -0.80730 -1.10945 -0.35729
v -0.79311 -1.11227 -0.35729
v -0.77891 -1.10945 -0.35729
v -0.76688 -1.10141 -0.35729
v -0.75885 -1.08938 -0.35729
v -0.79311 -1.07519 -0.36316
v -0.79311 -1.07519 -0.36316
v -0.79311 -1.07519 -0.36316
v -0.79311 -1.07519 -0.36316
v -0.79311 -1.07519 -0.36316
v -0.79311 -1.07519 -0.36316
v -0.79311 -1.07519 -0.36316
v -0.79311 -1.07519 -0.36316
v -0.79311 -1.07519 -0.36316
v -0.79311 -1.07519 -0.36316
v -0.79311 -1.07519 -0.36316
v -0.79311 -1.07519 -0.36316
v -0.79311 -1.07519 -0.36316
v -0.79311 -1.07519 -0.36316
v -0.79311 -1.07519 -0.36316
v -0.79311 -1.07519 -0.36316
v -1.00663 1.50790 0.12372
v -1.00663 1.50790 0.12372
v -1.00663 1.50790 0.12372
v -1.00663 1.50790 0.12372
v -1.00663 1.50790 0.12372
v -1.00663 1.50790 0.12372
v -1.00663 1.50790 0.12372
v -1.00663 1.50790 0.12372
v -1.00663 1.50790 0.12372
v -1.00663 1.50790 0.12372
v -1.00663 1.50790 0.12372
v -1.00663 1.50790 0.12372
v -1.00663 1.50790 0.12372
v -1.00663 1.50790 0.12372
v -1.00663 1.50790 0.12372
v -1.00663 1.50790 0.12372
v -0.96955 1.50790 0.11785
v -0.97237 1.52209 0.11785
v -0.98041 1.53412 0.11785
v -0.99244 1.54216 0.11785
v -1.00663 1.54498 0.11785
v -1.02082 1.54216 0.11785
v -1.03285 1.53412 0.11785
v -1.04089 1.52209 0.11785
v -1.04372 1.50790 0.11785
v -1.04089 1.49371 0.11785
v -1.03285 1.48168 0.11785
v -1.02082 1.47364 0.11785
v -1.00663 1.47082 0.11785
v -0.99244 1.47364 0.11785
v -0.98041 1.48168 0.11785
v -0.97237 1.49371 0.11785
v -0.93610 1.50790 0.10081
v -0.94147 1.53489 0.10081
v -0.95676 1.55778 0.10081
v -0.97964 1.57307 0.10081
v -1.00663 1.57844 0.10081
v -1.03363 1.57307 0.10081
v -1.05651 1.55778 0.10081
v -1.07180 1.53489 0.10081
v -1.07717 1.50790 0.10081
v -1.07180 1.48091 0.10081
v -1.05651 1.45803 0.10081
v -1.03363 1.44274 0.10081
v -1.00663 1.43737 0.10081
v -0.97964 1.44274 0.10081
v -0.95676 1.45803 0.10081
v -0.94147 1.48091 0.10081
v -0.90955 1.50790 0.07426
v -0.91694 1.54505 0.07426
v -0.93799 1.57655 0.07426
v -0.96948 1.59759 0.07426
v -1.00663 1.60498 0.07426
v -1.04378 1.59759 0.07426
v -1.07528 1.57655 0.07426
v -1.09633 1.54505 0.07426
v -1.10372 1.50790 0.07426
v -1.09633 1.47075 0.07426
v -1.07528 1.43925 0.07426
v -1.04378 1.41821 0.07426
v -1.00663 1.41082 0.07426
v -0.96948 1.41821 0.07426
v -0.93799 1.43925 0.07426
v -0.91694 1.47075 0.07426
v -0.89251 1.50790 0.04081
v -0.90119 1.55158 0.04081
v -0.92593 1.58860 0.04081
v -0.96296 1.61334 0.04081
v -1.00663 1.62203 0.04081
v -1.05031 1.61334 0.04081
v -1.08733 1.58860 0.04081
v -1.11207 1.55158 0.04081
v -1.12076 1.50790 0.04081
v -1.11207 1.46423 0.04081
v -1.08733 1.42720 0.04081
v -1.05031 1.40246 0.04081
v -1.00663 1.39377 0.04081
v -0.96296 1.40246 0.04081
v -0.92593 1.42720 0.04081
v -0.90119 1.46423 0.04081
v -0.88663 1.50790 0.00372
v -0.89577 1.55382 0.00372
v -0.92178 1.59275 0.00372
v -0.96071 1.61877 0.00372
v -1.00663 1.62790 0.00372
v -1.05256 1.61877 0.00372
v -1.09149 1.59275 0.00372
v -1.11750 1.55382 0.00372
v -1.12663 1.50790 0.00372
v -1.11750 1.46198 0.00372
v -1.09149 1.42305 0.00372
v -1.05256 1.39704 0.00372
v -1.00663 1.38790 0.00372
v -0.96071 1.39704 0.00372
v -0.92178 1.42305 0.00372
v -0.89577 1.46198 0.00372
v -0.89251 1.50790 -0.03336
v -0.90119 1.55158 -0.03336
v -0.92593 1.58860 -0.03336
v -0.96296 1.61334 -0.03336
v -1.00663 1.62203 -0.03336
v -1.05031 1.61334 -0.03336
v -1.08733 1.58860 -0.03336
v -1.11207 1.55158 -0.03336
v -1.12076 1.50790 -0.03336
v -1.11207 1.46423 -0.03336
v -1.08733 1.42720 -0.03336
v -1.05031 1.40246 -0.03336
v -1.00663 1.39377 -0.03336
v -0.96296 1.40246 -0.03336
v -0.92593 1.42720 -0.03336
v -0.90119 1.46423 -0.03336
v -0.90955 1.50790 -0.06681
v -0.91694 1.54505 -0.06681
v -0.93799 1.57655 -0.06681
v -0.96948 1.59759 -0.06681
v -1.00663 1.60498 -0.06681
v -1.04378 1.59759 -0.06681
v -1.07528 1.57655 -0.06681
v -1.09633 1.54505 -0.06681
v -1.10372 1.50790 -0.06681
v -1.09633 1.47075 -0.06681
v -1.07528 1.43925 -0.06681
v -1.04378 1.41821 -0.06681
v -1.00663 1.41082 -0.06681
v -0.96948 1.41821 -0.06681
v -0.93799 1.43925 -0.06681
v -0.91694 1.47075 -0.06681
v -0.93610 1.50790 -0.09336
v -0.94147 1.53489 -0.09336
v -0.95676 1.55778 -0.09336
v -0.97964 1.57307 -0.09336
v -1.00663 1.57844 -0.09336
v -1.03363 1.57307 -0.09336
v -1.05651 1.55778 -0.09336
v -1.07180 1.53489 -0.09336
v -1.07717 1.50790 -0.09336
v -1.07180 1.48091 -0.09336
v -1.05651 1.45803 -0.09336
v -1.03363 1.44274 -0.09336
v -1.00663 1.43737 -0.09336
v -0.97964 1.44274 -0.09336
v -0.95676 1.45803 -0.09336
v -0.94147 1.48091 -0.09336
v -0.96955 1.50790 -0.11040
v -0.97237 1.52209 -0.11040
v -0.98041 1.53412 -0.11040
v -0.99244 1.54216 -0.11040
v -1.00663 1.54498 -0.11040
v -1.02082 1.54216 -0.11040
v -1.03285 1.53412 -0.11040
v -1.04089 1.52209 -0.11040
v -1.04372 1.50790 -0.11040
v -1.04089 1.49371 -0.11040
v -1.03285 1.48168 -0.11040
v -1.02082 1.47364 -0.11040
v -1.00663 1.47082 -0.11040
v -0.99244 1.47364 -0.11040
v -0.98041 1.48168 -0.11040
v -0.97237 1.49371 -0.11040
v -1.00663 1.50790 -0.11628
v -1.00663 1.50790 -0.11628
v -1.00663 1.50790 -0.11628
v -1.00663 1.50790 -0.11628
v -1.00663 1.50790 -0.11628
v -1.00663 1.50790 -0.11628
v -1.00663 1.50790 -0.11628
v -1.00663 1.50790 -0.11628
v -1.00663 1.50790 -0.11628
v -1.00663 1.50790 -0.11628
v -1.00663 1.50790 -0.11628
v -1.00663 1.50790 -0.11628
v -1.00663 1.50790 -0.11628
v -1.00663 1.50790 -0.11628
v -1.00663 1.50790 -0.11628
v -1.00663 1.50790 -0.11628
v 0.71314 -1.21555 -0.00733
v 0.71314 -1.21555 -0.00733
v 0.71314 -1.21555 -0.00733
v 0.71314 -1.21555 -0.00733
v 0.71314 -1.21555 -0.00733
v 0.71314 -1.21555 -0.00733
v 0.71314 -1.21555 -0.00733
v 0.71314 -1.21555 -0.00733
v 0.71314 -1.21555 -0.00733
v 0.71314 -1.21555 -0.00733
v 0.71314 -1.21555 -0.00733
v 0.71314 -1.21555 -0.00733
v 0.71314 -1.21555 -0.00733
v 0.71314 -1.21555 -0.00733
v 0.71314 -1.21555 -0.00733
v 0.71314 -1.21555 -0.00733
v 0.75022 -1.21555 -0.01320
v 0.74740 -1.20136 -0.01320
v 0.73936 -1.18933 -0.01320
v 0.72733 -1.18129 -0.01320
v 0.71314 -1.17847 -0.01320
v 0.69895 -1.18129 -0.01320
v 0.68692 -1.18933 -0.01320
v 0.67888 -1.20136 -0.01320
v 0.67606 -1.21555 -0.01320
v 0.67888 -1.22974 -0.01320
v 0.68692 -1.24177 -0.01320
v 0.69895 -1.24981 -0.01320
v 0.71314 -1.25264 -0.01320
v 0.72733 -1.24981 -0.01320
v 0.73936 -1.24177 -0.01320
v 0.74740 -1.22974 -0.01320
v 0.78367 -1.21555 -0.03025
v 0.77830 -1.18856 -0.03025
v 0.76301 -1.16568 -0.03025
v 0.74013 -1.15039 -0.03025
v 0.71314 -1.14502 -0.03025
v 0.68615 -1.15039 -0.03025
v 0.66326 -1.16568 -0.03025
v 0.64797 -1.18856 -0.03025
v 0.64260 -1.21555 -0.03025
v 0.64797 -1.24255 -0.03025
v 0.66326 -1.26543 -0.03025
v 0.68615 -1.28072 -0.03025
v 0.71314 -1.28609 -0.03025
v 0.74013 -1.28072 -0.03025
v 0.76301 -1.26543 -0.03025
v 0.77830 -1.24255 -0.03025
v 0.81022 -1.21555 -0.05680
v 0.80283 -1.17840 -0.05680
v 0.78179 -1.14691 -0.05680
v 0.75029 -1.12586 -0.05680
v 0.71314 -1.11847 -0.05680
v 0.67599 -1.12586 -0.05680
v 0.64449 -1.14691 -0.05680
v 0.62345 -1.17840 -0.05680
v 0.61606 -1.21555 -0.05680
v 0.62345 -1.25271 -0.05680
v 0.64449 -1.28420 -0.05680
v 0.67599 -1.30525 -0.05680
v 0.71314 -1.31264 -0.05680
v 0.75029 -1.30525 -0.05680
v 0.78179 -1.28420 -0.05680
v 0.80283 -1.25271 -0.05680
v 0.82727 -1.21555 -0.09025
v 0.81858 -1.17188 -0.09025
v 0.79384 -1.13485 -0.09025
v 0.75681 -1.11011 -0.09025
v 0.71314 -1.10143 -0.09025
v 0.66946 -1.11011 -0.09025
v 0.63244 -1.13485 -0.09025
v 0.60770 -1.17188 -0.09025
v 0.59901 -1.21555 -0.09025
v 0.60770 -1.25923 -0.09025
v 0.63244 -1.29625 -0.09025
v 0.66946 -1.32099 -0.09025
v 0.71314 -1.32968 -0.09025
v 0.75681 -1.32099 -0.09025
v 0.79384 -1.29625 -0.09025
v 0.81858 -1.25923 -0.09025
v 0.83314 -1.21555 -0.12733
v 0.82400 -1.16963 -0.12733
v 0.79799 -1.13070 -0.12733
v 0.75906 -1.10469 -0.12733
v 0.71314 -1.09555 -0.12733
v 0.66722 -1.10469 -0.12733
v 0.62829 -1.13070 -0.12733
v 0.60227 -1.16963 -0.12733
v 0.59314 -1.21555 -0.12733
v 0.60227 -1.26148 -0.12733
v 0.62829 -1.30041 -0.12733
v 0.66722 -1.32642 -0.12733
v 0.71314 -1.33555 -0.12733
v 0.75906 -1.32642 -0.12733
v 0.79799 -1.30041 -0.12733
v 0.82400 -1.26148 -0.12733
v 0.82727 -1.21555 -0.16441
v 0.81858 -1.17188 -0.16441
v 0.79384 -1.13485 -0.16441
v 0.75681 -1.11011 -0.16441
v 0.71314 -1.10143 -0.16441
v 0.66946 -1.11011 -0.16441
v 0.63244 -1.13485 -0.16441
v 0.60770 -1.17188 -0.16441
v 0.59901 -1.21555 -0.16441
v 0.60770 -1.25923 -0.16441
v 0.63244 -1.29625 -0.16441
v 0.66946 -1.32099 -0.16441
v 0.71314 -1.32968 -0.16441
v 0.75681 -1.32099 -0.16441
v 0.79384 -1.29625 -0.16441
v 0.81858 -1.25923 -0.16441
v 0.81022 -1.21555 -0.19787
v 0.80283 -1.17840 -0.19787
v 0.78179 -1.14691 -0.19787
v 0.75029 -1.12586 -0.19787
v 0.71314 -1.11847 -0.19787
v 0.67599 -1.12586 -0.19787
v 0.64449 -1.14691 -0.19787
v 0.62345 -1.17840 -0.19787
v 0.61606 -1.21555 -0.19787
v 0.62345 -1.25271 -0.19787
v 0.64449 -1.28420 -0.19787
v 0.67599 -1.30525 -0.19787
v 0.71314 -1.31264 -0.19787
v 0.75029 -1.30525 -0.19787
v 0.78179 -1.28420 -0.19787
v 0.80283 -1.25271 -0.19787
v 0.78367 -1.21555 -0.22441
v 0.77830 -1.18856 -0.22441
v 0.76301 -1.16568 -0.22441
v 0.74013 -1.15039 -0.22441
v 0.71314 -1.14502 -0.22441
v 0.68615 -1.15039 -0.22441
v 0.66326 -1.16568 -0.22441
v 0.64797 -1.18856 -0.22441
v 0.64260 -1.21555 -0.22441
v 0.64797 -1.24255 -0.22441
v 0.66326 -1.26543 -0.22441
v 0.68615 -1.28072 -0.22441
v 0.71314 -1.28609 -0.22441
v 0.74013 -1.28072 -0.22441
v 0.76301 -1.26543 -0.22441
v 0.77830 -1.24255 -0.22441
v 0.75022 -1.21555 -0.24146
v 0.74740 -1.20136 -0.24146
v 0.73936 -1.18933 -0.24146
v 0.72733 -1.18129 -0.24146
v 0.71314 -1.17847 -0.24146
v 0.69895 -1.18129 -0.24146
v 0.68692 -1.18933 -0.24146
v 0.67888 -1.20136 -0.24146
v 0.67606 -1.21555 -0.24146
v 0.67888 -1.22974 -0.24146
v 0.68692 -1.24177 -0.24146
v 0.69895 -1.24981 -0.24146
v 0.71314 -1.25264 -0.24146
v 0.72733 -1.24981 -0.24146
v 0.73936 -1.24177 -0.24146
v 0.74740 -1.22974 -0.24146
v 0.71314 -1.21555 -0.24733
v 0.71314 -1.21555 -0.24733
v 0.71314 -1.21555 -0.24733
v 0.71314 -1.21555 -0.24733
v 0.71314 -1.21555 -0.24733
v 0.71314 -1.21555 -0.24733
v 0.71314 -1.21555 -0.24733
v 0.71314 -1.21555 -0.24733
v 0.71314 -1.21555 -0.24733
v 0.71314 -1.21555 -0.24733
v 0.71314 -1.21555 -0.24733
v 0.71314 -1.21555 -0.24733
v 0.71314 -1.21555 -0.24733
v 0.71314 -1.21555 -0.24733
v 0.71314 -1.21555 -0.24733
v 0.71314 -1.21555 -0.24733
v 0.38351 1.23436 -0.78045
v 0.38351 1.23436 -0.78045
v 0.38351 1.23436 -0.78045
v 0.38351 1.23436 -0.78045
v 0.38351 1.23436 -0.78045
v 0.38351 1.23436 -0.78045
v 0.38351 1.23436 -0.78045
v 0.38351 1.23436 -0.78045
v 0.38351 1.23436 -0.78045
v 0.38351 1.23436 -0.78045
v 0.38351 1.23436 -0.78045
v 0.38351 1.23436 -0.78045
v 0.38351 1.23436 -0.78045
v 0.38351 1.23436 -0.78045
v 0.38351 1.23436 -0.78045
v 0.38351 1.23436 -0.78045
v 0.42059 1.23436 -0.78632
v 0.41777 1.24855 -0.78632
v 0.40973 1.26058 -0.78632
v 0.39770 1.26862 -0.78632
v 0.38351 1.27144 -0.78632
v 0.36932 1.26862 -0.78632
v 0.35729 1.26058 -0.78632
v 0.34925 1.24855 -0.78632
v 0.34643 1.23436 -0.78632
v 0.34925 1.22017 -0.78632
v 0.35729 1.20814 -0.78632
v 0.36932 1.20010 -0.78632
v 0.38351 1.19728 -0.78632
v 0.39770 1.20010 -0.78632
v 0.40973 1.20814 -0.78632
v 0.41777 1.22017 -0.78632
v 0.45404 1.23436 -0.80336
v 0.44867 1.26135 -0.80336
v 0.43338 1.28423 -0.80336
v 0.41050 1.29952 -0.80336
v 0.38351 1.30489 -0.80336
v 0.35652 1.29952 -0.80336
v 0.33363 1.28423 -0.80336
v 0.31834 1.26135 -0.80336
v 0.31297 1.23436 -0.80336
v 0.31834 1.20737 -0.80336
v 0.33363 1.18448 -0.80336
v 0.35652 1.16919 -0.80336
v 0.38351 1.16382 -0.80336
v 0.41050 1.16919 -0.80336
v 0.43338 1.18448 -0.80336
v 0.44867 1.20737 -0.80336
v 0.48059 1.23436 -0.82991
v 0.47320 1.27151 -0.82991
v 0.45216 1.30301 -0.82991
v 0.42066 1.32405 -0.82991
v 0.38351 1.33144 -0.82991
v 0.34636 1.32405 -0.82991
v 0.31486 1.30301 -0.82991
v 0.29382 1.27151 -0.82991
v 0.28643 1.23436 -0.82991
v 0.29382 1.19721 -0.82991
v 0.31486 1.16571 -0.82991
v 0.34636 1.14467 -0.82991
v 0.38351 1.13728 -0.82991
v 0.42066 1.14467 -0.82991
v 0.45216 1.16571 -0.82991
v 0.47320 1.19721 -0.82991
v 0.49764 1.23436 -0.86336
v 0.48895 1.27803 -0.86336
v 0.46421 1.31506 -0.86336
v 0.42718 1.33980 -0.86336
v 0.38351 1.34849 -0.86336
v 0.33983 1.33980 -0.86336
v 0.30281 1.31506 -0.86336
v 0.27807 1.27803 -0.86336
v 0.26938 1.23436 -0.86336
v 0.27807 1.19068 -0.86336
v 0.30281 1.15366 -0.86336
v 0.33983 1.12892 -0.86336
v 0.38351 1.12023 -0.86336
v 0.42718 1.12892 -0.86336
v 0.46421 1.15366 -0.86336
v 0.48895 1.19068 -0.86336
v 0.50351 1.23436 -0.90045
v 0.49437 1.28028 -0.90045
v 0.46836 1.31921 -0.90045
v 0.42943 1.34522 -0.90045
v 0.38351 1.35436 -0.90045
v 0.33759 1.34522 -0.90045
v 0.29866 1.31921 -0.90045
v 0.27264 1.28028 -0.90045
v 0.26351 1.23436 -0.90045
v 0.27264 1.18844 -0.90045
v 0.29866 1.14951 -0.90045
v 0.33759 1.12349 -0.90045
v 0.38351 1.11436 -0.90045
v 0.42943 1.12349 -0.90045
v 0.46836 1.14951 -0.90045
v 0.49437 1.18844 -0.90045
v 0.49764 1.23436 -0.93753
v 0.48895 1.27803 -0.93753
v 0.46421 1.31506 -0.93753
v 0.42718 1.33980 -0.93753
v 0.38351 1.34849 -0.93753
v 0.33983 1.33980 -0.93753
v 0.30281 1.31506 -0.93753
v 0.27807 1.27803 -0.93753
v 0.26938 1.23436 -0.93753
v 0.27807 1.19068 -0.93753
v 0.30281 1.15366 -0.93753
v 0.33983 1.12892 -0.93753
v 0.38351 1.12023 -0.93753
v 0.42718 1.12892 -0.93753
v 0.46421 1.15366 -0.93753
v 0.48895 1.19068 -0.93753
v 0.48059 1.23436 -0.97098
v 0.47320 1.27151 -0.97098
v 0.45216 1.30301 -0.97098
v 0.42066 1.32405 -0.97098
v 0.38351 1.33144 -0.97098
v 0.34636 1.32405 -0.97098
v 0.31486 1.30301 -0.97098
v 0.29382 1.27151 -0.97098
v 0.28643 1.23436 -0.97098
v 0.29382 1.19721 -0.97098
v 0.31486 1.16571 -0.97098
v 0.34636 1.14467 -0.97098
v 0.38351 1.13728 -0.97098
v 0.42066 1.14467 -0.97098
v 0.45216 1.16571 -0.97098
v 0.47320 1.19721 -0.97098
v 0.45404 1.23436 -0.99753
v 0.44867 1.26135 -0.99753
v 0.43338 1.28423 -0.99753
v 0.41050 1.29952 -0.99753
v 0.38351 1.30489 -0.99753
v 0.35652 1.29952 -0.99753
v 0.33363 1.28423 -0.99753
v 0.31834 1.26135 -0.99753
v 0.31297 1.23436 -0.99753
v 0.31834 1.20737 -0.99753
v 0.33363 1.18448 -0.99753
v 0.35652 1.16919 -0.99753
v 0.38351 1.16382 -0.99753
v 0.41050 1.16919 -0.99753
v 0.43338 1.18448 -0.99753
v 0.44867 1.20737 -0.99753
v 0.42059 1.23436 -1.01457
v 0.41777 1.24855 -1.01457
v 0.40973 1.26058 -1.01457
v 0.39770 1.26862 -1.01457
v 0.38351 1.27144 -1.01457
v 0.36932 1.26862 -1.01457
v 0.35729 1.26058 -1.01457
v 0.34925 1.24855 -1.01457
v 0.34643 1.23436 -1.01457
v 0.34925 1.22017 -1.01457
v 0.35729 1.20814 -1.01457
v 0.36932 1.20010 -1.01457
v 0.38351 1.19728 -1.01457
v 0.39770 1.20010 -1.01457
v 0.40973 1.20814 -1.01457
v 0.41777 1.22017 -1.01457
v 0.38351 1.23436 -1.02045
v 0.38351 1.23436 -1.02045
v 0.38351 1.23436 -1.02045
v 0.38351 1.23436 -1.02045
v 0.38351 1.23436 -1.02045
v 0.38351 1.23436 -1.02045
v 0.38351 1.23436 -1.02045
v 0.38351 1.23436 -1.02045
v 0.38351 1.23436 -1.02045
v 0.38351 1.23436 -1.02045
v 0.38351 1.23436 -1.02045
v 0.38351 1.23436 -1.02045
v 0.38351 1.23436 -1.02045
v 0.38351 1.23436 -1.02045
v 0.38351 1.23436 -1.02045
v 0.38351 1.23436 -1.02045
v -0.14532 1.27735 1.31401
v -0.14532 1.27735 1.31401
v -0.14532 1.27735 1.31401
v -0.14532 1.27735 1.31401
v -0.14532 1.27735 1.31401
v -0.14532 1.27735 1.31401
v -0.14532 1.27735 1.31401
v -0.14532 1.27735 1.31401
v -0.14532 1.27735 1.31401
v -0.14532 1.27735 1.31401
v -0.14532 1.27735 1.31401
v -0.14532 1.27735 1.31401
v -0.14532 1.27735 1.31401
v -0.14532 1.27735 1.31401
v -0.14532 1.27735 1.31401
v -0.14532 1.27735 1.31401
v -0.10824 1.27735 1.30814
v -0.11107 1.29154 1.30814
v -0.11910 1.30357 1.30814
v -0.13113 1.31161 1.30814
v -0.14532 1.31443 1.30814
v -0.15952 1.31161 1.30814
v -0.17155 1.30357 1.30814
v -0.17958 1.29154 1.30814
v -0.18241 1.27735 1.30814
v -0.17958 1.26316 1.30814
v -0.17155 1.25113 1.30814
v -0.15952 1.24309 1.30814
v -0.14532 1.24027 1.30814
v -0.13113 1.24309 1.30814
v -0.11910 1.25113 1.30814
v -0.11107 1.26316 1.30814
v -0.07479 1.27735 1.29109
v -0.08016 1.30434 1.29109
v -0.09545 1.32723 1.29109
v -0.11833 1.34252 1.29109
v -0.14532 1.34789 1.29109
v -0.17232 1.34252 1.29109
v -0.19520 1.32723 1.29109
v -0.21049 1.30434 1.29109
v -0.21586 1.27735 1.29109
v -0.21049 1.25036 1.29109
v -0.19520 1.22748 1.29109
v -0.17232 1.21219 1.29109
v -0.14532 1.20682 1.29109
v -0.11833 1.21219 1.29109
v -0.09545 1.22748 1.29109
v -0.08016 1.25036 1.29109
v -0.04824 1.27735 1.26455
v -0.05563 1.31450 1.26455
v -0.07668 1.34600 1.26455
v -0.10817 1.36704 1.26455
v -0.14532 1.37443 1.26455
v -0.18248 1.36704 1.26455
v -0.21397 1.34600 1.26455
v -0.23502 1.31450 1.26455
v -0.24241 1.27735 1.26455
v -0.23502 1.24020 1.26455
v -0.21397 1.20870 1.26455
v -0.18248 1.18766 1.26455
v -0.14532 1.18027 1.26455
v -0.10817 1.18766 1.26455
v -0.07668 1.20870 1.26455
v -0.05563 1.24020 1.26455
v -0.03120 1.27735 1.23109
v -0.03989 1.32103 1.23109
v -0.06463 1.35805 1.23109
v -0.10165 1.38279 1.23109
v -0.14532 1.39148 1.23109
v -0.18900 1.38279 1.23109
v -0.22602 1.35805 1.23109
v -0.25076 1.32103 1.23109
v -0.25945 1.27735 1.23109
v -0.25076 1.23368 1.23109
v -0.22602 1.19665 1.23109
v -0.18900 1.17191 1.23109
v -0.14532 1.16322 1.23109
v -0.10165 1.17191 1.23109
v -0.06463 1.19665 1.23109
v -0.03989 1.23368 1.23109
v -0.02532 1.27735 1.19401
v -0.03446 1.32327 1.19401
v -0.06047 1.36220 1.19401
v -0.09940 1.38822 1.19401
v -0.14532 1.39735 1.19401
v -0.19125 1.38822 1.19401
v -0.23018 1.36220 1.19401
v -0.25619 1.32327 1.19401
v -0.26532 1.27735 1.19401
v -0.25619 1.23143 1.19401
v -0.23018 1.19250 1.19401
v -0.19125 1.16649 1.19401
v -0.14532 1.15735 1.19401
v -0.09940 1.16649 1.19401
v -0.06047 1.19250 1.19401
v -0.03446 1.23143 1.19401
v -0.03120 1.27735 1.15693
v -0.03989 1.32103 1.15693
v -0.06463 1.35805 1.15693
v -0.10165 1.38279 1.15693
v -0.14532 1.39148 1.15693
v -0.18900 1.38279 1.15693
v -0.22602 1.35805 1.15693
v -0.25076 1.32103 1.15693
v -0.25945 1.27735 1.15693
v -0.25076 1.23368 1.15693
v -0.22602 1.19665 1.15693
v -0.18900 1.17191 1.15693
v -0.14532 1.16322 1.15693
v -0.10165 1.17191 1.15693
v -0.06463 1.19665 1.15693
v -0.03989 1.23368 1.15693
v -0.04824 1.27735 1.12348
v -0.05563 1.31450 1.12348
v -0.07668 1.34600 1.12348
v -0.10817 1.36704 1.12348
v -0.14532 1.37443 1.12348
v -0.18248 1.36704 1.12348
v -0.21397 1.34600 1.12348
v -0.23502 1.31450 1.12348
v -0.24241 1.27735 1.12348
v -0.23502 1.24020 1.12348
v -0.21397 1.20870 1.12348
v -0.18248 1.18766 1.12348
v -0.14532 1.18027 1.12348
v -0.10817 1.18766 1.12348
v -0.07668 1.20870 1.12348
v -0.05563 1.24020 1.12348
v -0.07479 1.27735 1.09693
v -0.08016 1.30434 1.09693
v -0.09545 1.32723 1.09693
v -0.11833 1.34252 1.09693
v -0.14532 1.34789 1.09693
v -0.17232 1.34252 1.09693
v -0.19520 1.32723 1.09693
v -0.21049 1.30434 1.09693
v -0.21586 1.27735 1.09693
v -0.21049 1.25036 1.09693
v -0.19520 1.22748 1.09693
v -0.17232 1.21219 1.09693
v -0.14532 1.20682 1.09693
v -0.11833 1.21219 1.09693
v -0.09545 1.22748 1.09693
v -0.08016 1.25036 1.09693
v -0.10824 1.27735 1.07989
v -0.11107 1.29154 1.07989
v -0.11910 1.30357 1.07989
v -0.13113 1.31161 1.07989
v -0.14532 1.31443 1.07989
v -0.15952 1.31161 1.07989
v -0.17155 1.30357 1.07989
v -0.17958 1.29154 1.07989
v -0.18241 1.27735 1.07989
v -0.17958 1.26316 1.07989
v -0.17155 1.25113 1.07989
v -0.15952 1.24309 1.07989
v -0.14532 1.24027 1.07989
v -0.13113 1.24309 1.07989
v -0.11910 1.25113 1.07989
v -0.11107 1.26316 1.07989
v -0.14532 1.27735 1.07401
v -0.14532 1.27735 1.07401
v -0.14532 1.27735 1.07401
v -0.14532 1.27735 1.07401
v -0.14532 1.27735 1.07401
v -0.14532 1.27735 1.07401
v -0.14532 1.27735 1.07401
v -0.14532 1.27735 1.07401
v -0.14532 1.27735 1.07401
v -0.14532 1.27735 1.07401
v -0.14532 1.27735 1.07401
v -0.14532 1.27735 1.07401
v -0.14532 1.27735 1.07401
v -0.14532 1.27735 1.07401
v -0.14532 1.27735 1.07401
v -0.14532 1.27735 1.07401
v -0.98098 0.13677 1.06067
v -0.98098 0.13677 1.06067
v -0.98098 0.13677 1.06067
v -0.98098 0.13677 1.06067
v -0.98098 0.13677 1.06067
v -0.98098 0.13677 1.06067
v -0.98098 0.13677 1.06067
v -0.98098 0.13677 1.06067
v -0.98098 0.13677 1.06067
v -0.98098 0.13677 1.06067
v -0.98098 0.13677 1.06067
v -0.98098 0.13677 1.06067
v -0.98098 0.13677 1.06067
v -0.98098 0.13677 1.06067
v -0.98098 0.13677 1.06067
v -0.98098 0.13677 1.06067
v -0.94390 0.13677 1.05480
v -0.94672 0.15096 1.05480
v -0.95476 0.16299 1.05480
v -0.96679 0.17102 1.05480
v -0.98098 0.17385 1.05480
v -0.99517 0.17102 1.05480
v -1.00720 0.16299 1.05480
v -1.01524 0.15096 1.05480
v -1.01806 0.13677 1.05480
v -1.01524 0.12257 1.05480
v -1.00720 0.11054 1.05480
v -0.99517 0.10251 1.05480
v -0.98098 0.09968 1.05480
v -0.96679 0.10251 1.05480
v -0.95476 0.11054 1.05480
v -0.94672 0.12257 1.05480
v -0.91045 0.13677 1.03775
v -0.91582 0.16376 1.03775
v -0.93111 0.18664 1.03775
v -0.95399 0.20193 1.03775
v -0.98098 0.20730 1.03775
v -1.00797 0.20193 1.03775
v -1.03086 0.18664 1.03775
v -1.04615 0.16376 1.03775
v -1.05152 0.13677 1.03775
v -1.04615 0.10977 1.03775
v -1.03086 0.08689 1.03775
v -1.00797 0.07160 1.03775
v -0.98098 0.06623 1.03775
v -0.95399 0.07160 1.03775
v -0.93111 0.08689 1.03775
v -0.91582 0.10977 1.03775
v -0.88390 0.13677 1.01121
v -0.89129 0.17392 1.01121
v -0.91234 0.20541 1.01121
v -0.94383 0.22646 1.01121
v -0.98098 0.23385 1.01121
v -1.01813 0.22646 1.01121
v -1.04963 0.20541 1.01121
v -1.07067 0.17392 1.01121
v -1.07806 0.13677 1.01121
v -1.07067 0.09961 1.01121
v -1.04963 0.06812 1.01121
v -1.01813 0.04707 1.01121
v -0.98098 0.03968 1.01121
v -0.94383 0.04707 1.01121
v -0.91234 0.06812 1.01121
v -0.89129 0.09961 1.01121
v -0.86686 0.13677 0.97775
v -0.87554 0.18044 0.97775
v -0.90028 0.21747 0.97775
v -0.93731 0.24220 0.97775
v -0.98098 0.25089 0.97775
v -1.02466 0.24220 0.97775
v -1.06168 0.21747 0.97775
v -1.08642 0.18044 0.97775
v -1.09511 0.13677 0.97775
v -1.08642 0.09309 0.97775
v -1.06168 0.05607 0.97775
v -1.02466 0.03133 0.97775
v -0.98098 0.02264 0.97775
v -0.93731 0.03133 0.97775
v -0.90028 0.05607 0.97775
v -0.87554 0.09309 0.97775
v -0.86098 0.13677 0.94067
v -0.87012 0.18269 0.94067
v -0.89613 0.22162 0.94067
v -0.93506 0.24763 0.94067
v -0.98098 0.25677 0.94067
v -1.02690 0.24763 0.94067
v -1.06584 0.22162 0.94067
v -1.09185 0.18269 0.94067
v -1.10098 0.13677 0.94067
v -1.09185 0.09084 0.94067
v -1.06584 0.05191 0.94067
v -1.02690 0.02590 0.94067
v -0.98098 0.01677 0.94067
v -0.93506 0.02590 0.94067
v -0.89613 0.05191 0.94067
v -0.87012 0.09084 0.94067
v -0.86686 0.13677 0.90359
v -0.87554 0.18044 0.90359
v -0.90028 0.21747 0.90359
v -0.93731 0.24220 0.90359
v -0.98098 0.25089 0.90359
v -1.02466 0.24220 0.90359
v -1.06168 0.21747 0.90359
v -1.08642 0.18044 0.90359
v -1.09511 0.13677 0.90359
v -1.08642 0.09309 0.90359
v -1.06168 0.05607 0.90359
v -1.02466 0.03133 0.90359
v -0.98098 0.02264 0.90359
v -0.93731 0.03133 0.90359
v -0.90028 0.05607 0.90359
v -0.87554 0.09309 0.90359
v -0.88390 0.13677 0.87014
v -0.89129 0.17392 0.87014
v -0.91234 0.20541 0.87014
v -0.94383 0.22646 0.87014
v -0.98098 0.23385 0.87014
v -1.01813 0.22646 0.87014
v -1.04963 0.20541 0.87014
v -1.07067 0.17392 0.87014
v -1.07806 0.13677 0.87014
v -1.07067 0.09961 0.87014
v -1.04963 0.06812 0.87014
v -1.01813 0.04707 0.87014
v -0.98098 0.03968 0.87014
v -0.94383 0.04707 0.87014
v -0.91234 0.06812 0.87014
v -0.89129 0.09961 0.87014
v -0.91045 0.13677 0.84359
v -0.91582 0.16376 0.84359
v -0.93111 0.18664 0.84359
v -0.95399 0.20193 0.84359
v -0.98098 0.20730 0.84359
v -1.00797 0.20193 0.84359
v -1.03086 0.18664 0.84359
v -1.04615 0.16376 0.84359
v -1.05152 0.13677 0.84359
v -1.04615 0.10977 0.84359
v -1.03086 0.08689 0.84359
v -1.00797 0.07160 0.84359
v -0.98098 0.06623 0.84359
v -0.95399 0.07160 0.84359
v -0.93111 0.08689 0.84359
v -0.91582 0.10977 0.84359
v -0.94390 0.13677 0.82655
v -0.94672 0.15096 0.82655
v -0.95476 0.16299 0.82655
v -0.96679 0.17102 0.82655
v -0.98098 0.17385 0.82655
v -0.99517 0.17102 0.82655
v -1.00720 0.16299 0.82655
v -1.01524 0.15096 0.82655
v -1.01806 0.13677 0.82655
v -1.01524 0.12257 0.82655
v -1.00720 0.11054 0.82655
v -0.99517 0.10251 0.82655
v -0.98098 0.09968 0.82655
v -0.96679 0.10251 0.82655
v -0.95476 0.11054 0.82655
v -0.94672 0.12257 0.82655
v -0.98098 0.13677 0.82067
v -0.98098 0.13677 0.82067
v -0.98098 0.13677 0.82067
v -0.98098 0.13677 0.82067
v -0.98098 0.13677 0.82067
v -0.98098 0.13677 0.82067
v -0.98098 0.13677 0.82067
v -0.98098 0.13677 0.82067
v -0.98098 0.13677 0.82067
v -0.98098 0.13677 0.82067
v -0.98098 0.13677 0.82067
v -0.98098 0.13677 0.82067
v -0.98098 0.13677 0.82067
v -0.98098 0.13677 0.82067
v -0.98098 0.13677 0.82067
v -0.98098 0.13677 0.82067
v -0.37696 0.62420 0.70778
v -0.37696 0.62420 0.70778
v -0.37696 0.62420 0.70778
v -0.37696 0.62420 0.70778
v -0.37696 0.62420 0.70778
v -0.37696 0.62420 0.70778
v -0.37696 0.62420 0.70778
v -0.37696 0.62420 0.70778
v -0.37696 0.62420 0.70778
v -0.37696 0.62420 0.70778
v -0.37696 0.62420 0.70778
v -0.37696 0.62420 0.70778
v -0.37696 0.62420 0.70778
v -0.37696 0.62420 0.70778
v -0.37696 0.62420 0.70778
v -0.37696 0.62420 0.70778
v -0.33987 0.62420 0.70191
v -0.34270 0.63839 0.70191
v -0.35073 0.65042 0.70191
v -0.36276 0.65846 0.70191
v -0.37696 0.66128 0.70191
v -0.39115 0.65846 0.70191
v -0.40318 0.65042 0.70191
v -0.41121 0.63839 0.70191
v -0.41404 0.62420 0.70191
v -0.41121 0.61001 0.70191
v -0.40318 0.59798 0.70191
v -0.39115 0.58994 0.70191
v -0.37696 0.58712 0.70191
v -0.36276 0.58994 0.70191
v -0.35073 0.59798 0.70191
v -0.34270 0.61001 0.70191
v -0.30642 0.62420 0.68487
v -0.31179 0.65119 0.68487
v -0.32708 0.67407 0.68487
v -0.34996 0.68936 0.68487
v -0.37696 0.69473 0.68487
v -0.40395 0.68936 0.68487
v -0.42683 0.67407 0.68487
v -0.44212 0.65119 0.68487
v -0.44749 0.62420 0.68487
v -0.44212 0.59721 0.68487
v -0.42683 0.57432 0.68487
v -0.40395 0.55903 0.68487
v -0.37696 0.55366 0.68487
v -0.34996 0.55903 0.68487
v -0.32708 0.57432 0.68487
v -0.31179 0.59721 0.68487
v -0.27987 0.62420 0.65832
v -0.28726 0.66135 0.65832
v -0.30831 0.69285 0.65832
v -0.33980 0.71389 0.65832
v -0.37696 0.72128 0.65832
v -0.41411 0.71389 0.65832
v -0.44560 0.69285 0.65832
v -0.46665 0.66135 0.65832
v -0.47404 0.62420 0.65832
v -0.46665 0.58705 0.65832
v -0.44560 0.55555 0.65832
v -0.41411 0.53451 0.65832
v -0.37696 0.52712 0.65832
v -0.33980 0.53451 0.65832
v -0.30831 0.55555 0.65832
v -0.28726 0.58705 0.65832
v -0.26283 0.62420 0.62487
v -0.27152 0.66787 0.62487
v -0.29626 0.70490 0.62487
v -0.33328 0.72964 0.62487
v -0.37696 0.73833 0.62487
v -0.42063 0.72964 0.62487
v -0.45766 0.70490 0.62487
v -0.48239 0.66787 0.62487
v -0.49108 0.62420 0.62487
v -0.48239 0.58052 0.62487
v -0.45766 0.54350 0.62487
v -0.42063 0.51876 0.62487
v -0.37696 0.51007 0.62487
v -0.33328 0.51876 0.62487
v -0.29626 0.54350 0.62487
v -0.27152 0.58052 0.62487
v -0.25696 0.62420 0.58778
v -0.26609 0.67012 0.58778
v -0.29210 0.70905 0.58778
v -0.33103 0.73506 0.58778
v -0.37696 0.74420 0.58778
v -0.42288 0.73506 0.58778
v -0.46181 0.70905 0.58778
v -0.48782 0.67012 0.58778
v -0.49696 0.62420 0.58778
v -0.48782 0.57828 0.58778
v -0.46181 0.53935 0.58778
v -0.42288 0.51333 0.58778
v -0.37696 0.50420 0.58778
v -0.33103 0.51333 0.58778
v -0.29210 0.53935 0.58778
v -0.26609 0.57828 0.58778
v -0.26283 0.62420 0.55070
v -0.27152 0.66787 0.55070
v -0.29626 0.70490 0.55070
v -0.33328 0.72964 0.55070
v -0.37696 0.73833 0.55070
v -0.42063 0.72964 0.55070
v -0.45766 0.70490 0.55070
v -0.48239 0.66787 0.55070
v -0.49108 0.62420 0.55070
v -0.48239 0.58052 0.55070
v -0.45766 0.54350 0.55070
v -0.42063 0.51876 0.55070
v -0.37696 0.51007 0.55070
v -0.33328 0.51876 0.55070
v -0.29626 0.54350 0.55070
v -0.27152 0.58052 0.55070
v -0.27987 0.62420 0.51725
v -0.28726 0.66135 0.51725
v -0.30831 0.69285 0.51725
v -0.33980 0.71389 0.51725
v -0.37696 0.72128 0.51725
v -0.41411 0.71389 0.51725
v -0.44560 0.69285 0.51725
v -0.46665 0.66135 0.51725
v -0.47404 0.62420 0.51725
v -0.46665 0.58705 0.51725
v -0.44560 0.55555 0.51725
v -0.41411 0.53451 0.51725
v -0.37696 0.52712 0.51725
v -0.33980 0.53451 0.51725
v -0.30831 0.55555 0.51725
v -0.28726 0.58705 0.51725
v -0.30642 0.62420 0.49070
v -0.31179 0.65119 0.49070
v -0.32708 0.67407 0.49070
v -0.34996 0.68936 0.49070
v -0.37696 0.69473 0.49070
v -0.40395 0.68936 0.49070
v -0.42683 0.67407 0.49070
v -0.44212 0.65119 0.49070
v -0.44749 0.62420 0.49070
v -0.44212 0.59721 0.49070
v -0.42683 0.57432 0.49070
v -0.40395 0.55903 0.49070
v -0.37696 0.55366 0.49070
v -0.34996 0.55903 0.49070
v -0.32708 0.57432 0.49070
v -0.31179 0.59721 0.49070
v -0.33987 0.62420 0.47366
v -0.34270 0.63839 0.47366
v -0.35073 0.65042 0.47366
v -0.36276 0.65846 0.47366
v -0.37696 0.66128 0.47366
v -0.39115 0.65846 0.47366
v -0.40318 0.65042 0.47366
v -0.41121 0.63839 0.47366
v -0.41404 0.62420 0.47366
v -0.41121 0.61001 0.47366
v -0.40318 0.59798 0.47366
v -0.39115 0.58994 0.47366
v -0.37696 0.58712 0.47366
v -0.36276 0.58994 0.47366
v -0.35073 0.59798 0.47366
v -0.34270 0.61001 0.47366
v -0.37696 0.62420 0.46778
v -0.37696 0.62420 0.46778
v -0.37696 0.62420 0.46778
v -0.37696 0.62420 0.46778
v -0.37696 0.62420 0.46778
v -0.37696 0.62420 0.46778
v -0.37696 0.62420 0.46778
v -0.37696 0.62420 0.46778
v -0.37696 0.62420 0.46778
v -0.37696 0.62420 0.46778
v -0.37696 0.62420 0.46778
v -0.37696 0.62420 0.46778
v -0.37696 0.62420 0.46778
v -0.37696 0.62420 0.46778
v -0.37696 0.62420 0.46778
v -0.37696 0.62420 0.46778
v 1.70077 0.19397 0.77082
v 1.70077 0.19397 0.77082
v 1.70077 0.19397 0.77082
v 1.70077 0.19397 0.77082
v 1.70077 0.19397 0.77082
v 1.70077 0.19397 0.77082
v 1.70077 0.19397 0.77082
v 1.70077 0.19397 0.77082
v 1.70077 0.19397 0.77082
v 1.70077 0.19397 0.77082
v 1.70077 0.19397 0.77082
v 1.70077 0.19397 0.77082
v 1.70077 0.19397 0.77082
v 1.70077 0.19397 0.77082
v 1.70077 0.19397 0.77082
v 1.70077 0.19397 0.77082
v 1.73785 0.19397 0.76495
v 1.73503 0.20816 0.76495
v 1.72699 0.22020 0.76495
v 1.71496 0.22823 0.76495
v 1.70077 0.23106 0.76495
v 1.68658 0.22823 0.76495
v 1.67455 0.22020 0.76495
v 1.66651 0.20816 0.76495
v 1.66369 0.19397 0.76495
v 1.66651 0.17978 0.76495
v 1.67455 0.16775 0.76495
v 1.68658 0.15971 0.76495
v 1.70077 0.15689 0.76495
v 1.71496 0.15971 0.76495
v 1.72699 0.16775 0.76495
v 1.73503 0.17978 0.76495
v 1.77130 0.19397 0.74790
v 1.76593 0.22097 0.74790
v 1.75064 0.24385 0.74790
v 1.72776 0.25914 0.74790
v 1.70077 0.26451 0.74790
v 1.67378 0.25914 0.74790
v 1.65089 0.24385 0.74790
v 1.63560 0.22097 0.74790
v 1.63023 0.19397 0.74790
v 1.63560 0.16698 0.74790
v 1.65089 0.14410 0.74790
v 1.67378 0.12881 0.74790
v 1.70077 0.12344 0.74790
v 1.72776 0.12881 0.74790
v 1.75064 0.14410 0.74790
v 1.76593 0.16698 0.74790
v 1.79785 0.19397 0.72135
v 1.79046 0.23113 0.72135
v 1.76942 0.26262 0.72135
v 1.73792 0.28367 0.72135
v 1.70077 0.29106 0.72135
v 1.66362 0.28367 0.72135
v 1.63212 0.26262 0.72135
v 1.61108 0.23113 0.72135
v 1.60369 0.19397 0.72135
v 1.61108 0.15682 0.72135
v 1.63212 0.12533 0.72135
v 1.66362 0.10428 0.72135
v 1.70077 0.09689 0.72135
v 1.73792 0.10428 0.72135
v 1.76942 0.12533 0.72135
v 1.79046 0.15682 0.72135
v 1.81489 0.19397 0.68790
v 1.80621 0.23765 0.68790
v 1.78147 0.27467 0.68790
v 1.74444 0.29941 0.68790
v 1.70077 0.30810 0.68790
v 1.65709 0.29941 0.68790
v 1.62007 0.27467 0.68790
v 1.59533 0.23765 0.68790
v 1.58664 0.19397 0.68790
v 1.59533 0.15030 0.68790
v 1.62007 0.11327 0.68790
v 1.65709 0.08853 0.68790
v 1.70077 0.07985 0.68790
v 1.74444 0.08853 0.68790
v 1.78147 0.11327 0.68790
v 1.80621 0.15030 0.68790
v 1.82077 0.19397 0.65082
v 1.81163 0.23990 0.65082
v 1.78562 0.27883 0.65082
v 1.74669 0.30484 0.65082
v 1.70077 0.31397 0.65082
v 1.65485 0.30484 0.65082
v 1.61592 0.27883 0.65082
v 1.58990 0.23990 0.65082
v 1.58077 0.19397 0.65082
v 1.58990 0.14805 0.65082
v 1.61592 0.10912 0.65082
v 1.65485 0.08311 0.65082
v 1.70077 0.07397 0.65082
v 1.74669 0.08311 0.65082
v 1.78562 0.10912 0.65082
v 1.81163 0.14805 0.65082
v 1.81489 0.19397 0.61374
v 1.80621 0.23765 0.61374
v 1.78147 0.27467 0.61374
v 1.74444 0.29941 0.61374
v 1.70077 0.30810 0.61374
v 1.65709 0.29941 0.61374
v 1.62007 0.27467 0.61374
v 1.59533 0.23765 0.61374
v 1.58664 0.19397 0.61374
v 1.59533 0.15030 0.61374
v 1.62007 0.11327 0.61374
v 1.65709 0.08853 0.61374
v 1.70077 0.07985 0.61374
v 1.74444 0.08853 0.61374
v 1.78147 0.11327 0.61374
v 1.80621 0.15030 0.61374
v 1.79785 0.19397 0.58029
v 1.79046 0.23113 0.58029
v 1.76942 0.26262 0.58029
v 1.73792 0.28367 0.58029
v 1.70077 0.29106 0.58029
v 1.66362 0.28367 0.58029
v 1.63212 0.26262 0.58029
v 1.61108 0.23113 0.58029
v 1.60369 0.19397 0.58029
v 1.61108 0.15682 0.58029
v 1.63212 0.12533 0.58029
v 1.66362 0.10428 0.58029
v 1.70077 0.09689 0.58029
v 1.73792 0.10428 0.58029
v 1.76942 0.12533 0.58029
v 1.79046 0.15682 0.58029
v 1.77130 0.19397 0.55374
v 1.76593 0.22097 0.55374
v 1.75064 0.24385 0.55374
v 1.72776 0.25914 0.55374
v 1.70077 0.26451 0.55374
v 1.67378 0.25914 0.55374
v 1.65089 0.24385 0.55374
v 1.63560 0.22097 0.55374
v 1.63023 0.19397 0.55374
v 1.63560 0.16698 0.55374
v 1.65089 0.14410 0.55374
v 1.67378 0.12881 0.55374
v 1.70077 0.12344 0.55374
v 1.72776 0.12881 0.55374
v 1.75064 0.14410 0.55374
v 1.76593 0.16698 0.55374
v 1.73785 0.19397 0.53669
v 1.73503 0.20816 0.53669
v 1.72699 0.22020 0.53669
v 1.71496 0.22823 0.53669
v 1.70077 0.23106 0.53669
v 1.68658 0.22823 0.53669
v 1.67455 0.22020 0.53669
v 1.66651 0.20816 0.53669
v 1.66369 0.19397 0.53669
v 1.66651 0.17978 0.53669
v 1.67455 0.16775 0.53669
v 1.68658 0.15971 0.53669
v 1.70077 0.15689 0.53669
v 1.71496 0.15971 0.53669
v 1.72699 0.16775 0.53669
v 1.73503 0.17978 0.53669
v 1.70077 0.19397 0.53082
v 1.70077 0.19397 0.53082
v 1.70077 0.19397 0.53082
v 1.70077 0.19397 0.53082
v 1.70077 0.19397 0.53082
v 1.70077 0.19397 0.53082
v 1.70077 0.19397 0.53082
v 1.70077 0.19397 0.53082
v 1.70077 0.19397 0.53082
v 1.70077 0.19397 0.53082
v 1.70077 0.19397 0.53082
v 1.70077 0.19397 0.53082
v 1.70077 0.19397 0.53082
v 1.70077 0.19397 0.53082
v 1.70077 0.19397 0.53082
v 1.70077 0.19397 0.53082
v 2.00000 0.20000 0.22000
v 2.00000 0.20000 0.22000
v 2.00000 0.20000 0.22000
v 2.00000 0.20000 0.22000
v 2.00000 0.20000 0.22000
v 2.00000 0.20000 0.22000
v 2.00000 0.20000 0.22000
v 2.00000 0.20000 0.22000
v 2.00000 0.20000 0.22000
v 2.00000 0.20000 0.22000
v 2.00000 0.20000 0.22000
v 2.00000 0.20000 0.22000
v 2.00000 0.20000 0.22000
v 2.00000 0.20000 0.22000
v 2.00000 0.20000 0.22000
v 2.00000 0.20000 0.22000
v 2.03708 0.20000 0.21413
v 2.03426 0.21419 0.21413
v 2.02622 0.22622 0.21413
v 2.01419 0.23426 0.21413
v 2.00000 0.23708 0.21413
v 1.98581 0.23426 0.21413
v 1.97378 0.22622 0.21413
v 1.96574 0.21419 0.21413
v 1.96292 0.20000 0.21413
v 1.96574 0.18581 0.21413
v 1.97378 0.17378 0.21413
v 1.98581 0.16574 0.21413
v 2.00000 0.16292 0.21413
v 2.01419 0.16574 0.21413
v 2.02622 0.17378 0.21413
v 2.03426 0.18581 0.21413
v 2.07053 0.20000 0.19708
v 2.06517 0.22699 0.19708
v 2.04988 0.24988 0.19708
v 2.02699 0.26517 0.19708
v 2.00000 0.27053 0.19708
v 1.97301 0.26517 0.19708
v 1.95012 0.24988 0.19708
v 1.93483 0.22699 0.19708
v 1.92947 0.20000 0.19708
v 1.93483 0.17301 0.19708
v 1.95012 0.15012 0.19708
v 1.97301 0.13483 0.19708
v 2.00000 0.12947 0.19708
v 2.02699 0.13483 0.19708
v 2.04988 0.15012 0.19708
v 2.06517 0.17301 0.19708
v 2.09708 0.20000 0.17053
v 2.08969 0.23715 0.17053
v 2.06865 0.26865 0.17053
v 2.03715 0.28969 0.17053
v 2.00000 0.29708 0.17053
v 1.96285 0.28969 0.17053
v 1.93135 0.26865 0.17053
v 1.91031 0.23715 0.17053
v 1.90292 0.20000 0.17053
v 1.91031 0.16285 0.17053
v 1.93135 0.13135 0.17053
v 1.96285 0.11031 0.17053
v 2.00000 0.10292 0.17053
v 2.03715 0.11031 0.17053
v 2.06865 0.13135 0.17053
v 2.08969 0.16285 0.17053
v 2.11413 0.20000 0.13708
v 2.10544 0.24367 0.13708
v 2.08070 0.28070 0.13708
v 2.04367 0.30544 0.13708
v 2.00000 0.31413 0.13708
v 1.95633 0.30544 0.13708
v 1.91930 0.28070 0.13708
v 1.89456 0.24367 0.13708
v 1.88587 0.20000 0.13708
v 1.89456 0.15633 0.13708
v 1.91930 0.11930 0.13708
v 1.95633 0.09456 0.13708
v 2.00000 0.08587 0.13708
v 2.04367 0.09456 0.13708
v 2.08070 0.11930 0.13708
v 2.10544 0.15633 0.13708
v 2.12000 0.20000 0.10000
v 2.11087 0.24592 0.10000
v 2.08485 0.28485 0.10000
v 2.04592 0.31087 0.10000
v 2.00000 0.32000 0.10000
v 1.95408 0.31087 0.10000
v 1.91515 0.28485 0.10000
v 1.88913 0.24592 0.10000
v 1.88000 0.20000 0.10000
v 1.88913 0.15408 0.10000
v 1.91515 0.11515 0.10000
v 1.95408 0.08913 0.10000
v 2.00000 0.08000 0.10000
v 2.04592 0.08913 0.10000
v 2.08485 0.11515 0.10000
v 2.11087 0.15408 0.10000
v 2.11413 0.20000 0.06292
v 2.10544 0.24367 0.06292
v 2.08070 0.28070 0.06292
v 2.04367 0.30544 0.06292
v 2.00000 0.31413 0.06292
v 1.95633 0.30544 0.06292
v 1.91930 0.28070 0.06292
v 1.89456 0.24367 0.06292
v 1.88587 0.20000 0.06292
v 1.89456 0.15633 0.06292
v 1.91930 0.11930 0.06292
v 1.95633 0.09456 0.06292
v 2.00000 0.08587 0.06292
v 2.04367 0.09456 0.06292
v 2.08070 0.11930 0.06292
v 2.10544 0.15633 0.06292
v 2.09708 0.20000 0.02947
v 2.08969 0.23715 0.02947
v 2.06865 0.26865 0.02947
v 2.03715 0.28969 0.02947
v 2.00000 0.29708 0.02947
v 1.96285 0.28969 0.02947
v 1.93135 0.26865 0.02947
v 1.91031 0.23715 0.02947
v 1.90292 0.20000 0.02947
v 1.91031 0.16285 0.02947
v 1.93135 0.13135 0.02947
v 1.96285 0.11031 0.02947
v 2.00000 0.10292 0.02947
v 2.03715 0.11031 0.02947
v 2.06865 0.13135 0.02947
v 2.08969 0.16285 0.02947
v 2.07053 0.20000 0.00292
v 2.06517 0.22699 0.00292
v 2.04988 0.24988 0.00292
v 2.02699 0.26517 0.00292
v 2.00000 0.27053 0.00292
v 1.97301 0.26517 0.00292
v 1.95012 0.24988 0.00292
v 1.93483 0.22699 0.00292
v 1.92947 0.20000 0.00292
v 1.93483 0.17301 0.00292
v 1.95012 0.15012 0.00292
v 1.97301 0.13483 0.00292
v 2.00000 0.12947 0.00292
v 2.02699 0.13483 0.00292
v 2.04988 0.15012 0.00292
v 2.06517 0.17301 0.00292
v 2.03708 0.20000 -0.01413
v 2.03426 0.21419 -0.01413
v 2.02622 0.22622 -0.01413
v 2.01419 0.23426 -0.01413
v 2.00000 0.23708 -0.01413
v 1.98581 0.23426 -0.01413
v 1.97378 0.22622 -0.01413
v 1.96574 0.21419 -0.01413
v 1.96292 0.20000 -0.01413
v 1.96574 0.18581 -0.01413
v 1.97378 0.17378 -0.01413
v 1.98581 0.16574 -0.01413
v 2.00000 0.16292 -0.01413
v 2.01419 0.16574 -0.01413
v 2.02622 0.17378 -0.01413
v 2.03426 0.18581 -0.01413
v 2.00000 0.20000 -0.02000
v 2.00000 0.20000 -0.02000
v 2.00000 0.20000 -0.02000
v 2.00000 0.20000 -0.02000
v 2.00000 0.20000 -0.02000
v 2.00000 0.20000 -0.02000
v 2.00000 0.20000 -0.02000
v 2.00000 0.20000 -0.02000
v 2.00000 0.20000 -0.02000
v 2.00000 0.20000 -0.02000
v 2.00000 0.20000 -0.02000
v 2.00000 0.20000 -0.02000
v 2.00000 0.20000 -0.02000
v 2.00000 0.20000 -0.02000
v 2.00000 0.20000 -0.02000
v 2.00000 0.20000 -0.02000
v 2.35000 -0.15000 0.37000
v 2.35000 -0.15000 0.37000
v 2.35000 -0.15000 0.37000
v 2.35000 -0.15000 0.37000
v 2.35000 -0.15000 0.37000
v 2.35000 -0.15000 0.37000
v 2.35000 -0.15000 0.37000
v 2.35000 -0.15000 0.37000
v 2.35000 -0.15000 0.37000
v 2.35000 -0.15000 0.37000
v 2.35000 -0.15000 0.37000
v 2.35000 -0.15000 0.37000
v 2.35000 -0.15000 0.37000
v 2.35000 -0.15000 0.37000
v 2.35000 -0.15000 0.37000
v 2.35000 -0.15000 0.37000
v 2.38708 -0.15000 0.36413
v 2.38426 -0.13581 0.36413
v 2.37622 -0.12378 0.36413
v 2.36419 -0.11574 0.36413
v 2.35000 -0.11292 0.36413
v 2.33581 -0.11574 0.36413
v 2.32378 -0.12378 0.36413
v 2.31574 -0.13581 0.36413
v 2.31292 -0.15000 0.36413
v 2.31574 -0.16419 0.36413
v 2.32378 -0.17622 0.36413
v 2.33581 -0.18426 0.36413
v 2.35000 -0.18708 0.36413
v 2.36419 -0.18426 0.36413
v 2.37622 -0.17622 0.36413
v 2.38426 -0.16419 0.36413
v 2.42053 -0.15000 0.34708
v 2.41517 -0.12301 0.34708
v 2.39988 -0.10012 0.34708
v 2.37699 -0.08483 0.34708
v 2.35000 -0.07947 0.34708
v 2.32301 -0.08483 0.34708
v 2.30012 -0.10012 0.34708
v 2.28483 -0.12301 0.34708
v 2.27947 -0.15000 0.34708
v 2.28483 -0.17699 0.34708
v 2.30012 -0.19988 0.34708
v 2.32301 -0.21517 0.34708
v 2.35000 -0.22053 0.34708
v 2.37699 -0.21517 0.34708
v 2.39988 -0.19988 0.34708
v 2.41517 -0.17699 0.34708
v 2.44708 -0.15000 0.32053
v 2.43969 -0.11285 0.32053
v 2.41865 -0.08135 0.32053
v 2.38715 -0.06031 0.32053
v 2.35000 -0.05292 0.32053
v 2.31285 -0.06031 0.32053
v 2.28135 -0.08135 0.32053
v 2.26031 -0.11285 0.32053
v 2.25292 -0.15000 0.32053
v 2.26031 -0.18715 0.32053
v 2.28135 -0.21865 0.32053
v 2.31285 -0.23969 0.32053
v 2.35000 -0.24708 0.32053
v 2.38715 -0.23969 0.32053
v 2.41865 -0.21865 0.32053
v 2.43969 -0.18715 0.32053
v 2.46413 -0.15000 0.28708
v 2.45544 -0.10633 0.28708
v 2.43070 -0.06930 0.28708
v 2.39367 -0.04456 0.28708
v 2.35000 -0.03587 0.28708
v 2.30633 -0.04456 0.28708
v 2.26930 -0.06930 0.28708
v 2.24456 -0.10633 0.28708
v 2.23587 -0.15000 0.28708
v 2.24456 -0.19367 0.28708
v 2.26930 -0.23070 0.28708
v 2.30633 -0.25544 0.28708
v 2.35000 -0.26413 0.28708
v 2.39367 -0.25544 0.28708
v 2.43070 -0.23070 0.28708
v 2.45544 -0.19367 0.28708
v 2.47000 -0.15000 0.25000
v 2.46087 -0.10408 0.25000
v 2.43485 -0.06515 0.25000
v 2.39592 -0.03913 0.25000
v 2.35000 -0.03000 0.25000
v 2.30408 -0.03913 0.25000
v 2.26515 -0.06515 0.25000
v 2.23913 -0.10408 0.25000
v 2.23000 -0.15000 0.25000
v 2.23913 -0.19592 0.25000
v 2.26515 -0.23485 0.25000
v 2.30408 -0.26087 0.25000
v 2.35000 -0.27000 0.25000
v 2.39592 -0.26087 0.25000
v 2.43485 -0.23485 0.25000
v 2.46087 -0.19592 0.25000
v 2.46413 -0.15000 0.21292
v 2.45544 -0.10633 0.21292
v 2.43070 -0.06930 0.21292
v 2.39367 -0.04456 0.21292
v 2.35000 -0.03587 0.21292
v 2.30633 -0.04456 0.21292
v 2.26930 -0.06930 0.21292
v 2.24456 -0.10633 0.21292
v 2.23587 -0.15000 0.21292
v 2.24456 -0.19367 0.21292
v 2.26930 -0.23070 0.21292
v 2.30633 -0.25544 0.21292
v 2.35000 -0.26413 0.21292
v 2.39367 -0.25544 0.21292
v 2.43070 -0.23070 0.21292
v 2.45544 -0.19367 0.21292
v 2.44708 -0.15000 0.17947
v 2.43969 -0.11285 0.17947
v 2.41865 -0.08135 0.17947
v 2.38715 -0.06031 0.17947
v 2.35000 -0.05292 0.17947
v 2.31285 -0.06031 0.17947
v 2.28135 -0.08135 0.17947
v 2.26031 -0.11285 0.17947
v 2.25292 -0.15000 0.17947
v 2.26031 -0.18715 0.17947
v 2.28135 -0.21865 0.17947
v 2.31285 -0.23969 0.17947
v 2.35000 -0.24708 0.17947
v 2.38715 -0.23969 0.17947
v 2.41865 -0.21865 0.17947
v 2.43969 -0.18715 0.17947
v 2.42053 -0.15000 0.15292
v 2.41517 -0.12301 0.15292
v 2.39988 -0.10012 0.15292
v 2.37699 -0.08483 0.15292
v 2.35000 -0.07947 0.15292
v 2.32301 -0.08483 0.15292
v 2.30012 -0.10012 0.15292
v 2.28483 -0.12301 0.15292
v 2.27947 -0.15000 0.15292
v 2.28483 -0.17699 0.15292
v 2.30012 -0.19988 0.15292
v 2.32301 -0.21517 0.15292
v 2.35000 -0.22053 0.15292
v 2.37699 -0.21517 0.15292
v 2.39988 -0.19988 0.15292
v 2.41517 -0.17699 0.15292
v 2.38708 -0.15000 0.13587
v 2.38426 -0.13581 0.13587
v 2.37622 -0.12378 0.13587
v 2.36419 -0.11574 0.13587
v 2.35000 -0.11292 0.13587
v 2.33581 -0.11574 0.13587
v 2.32378 -0.12378 0.13587
v 2.31574 -0.13581 0.13587
v 2.31292 -0.15000 0.13587
v 2.31574 -0.16419 0.13587
v 2.32378 -0.17622 0.13587
v 2.33581 -0.18426 0.13587
v 2.35000 -0.18708 0.13587
v 2.36419 -0.18426 0.13587
v 2.37622 -0.17622 0.13587
v 2.38426 -0.16419 0.13587
v 2.35000 -0.15000 0.13000
v 2.35000 -0.15000 0.13000
v 2.35000 -0.15000 0.13000
v 2.35000 -0.15000 0.13000
v 2.35000 -0.15000 0.13000
v 2.35000 -0.15000 0.13000
v 2.35000 -0.15000 0.13000
v 2.35000 -0.15000 0.13000
v 2.35000 -0.15000 0.13000
v 2.35000 -0.15000 0.13000
v 2.35000 -0.15000 0.13000
v 2.35000 -0.15000 0.13000
v 2.35000 -0.15000 0.13000
v 2.35000 -0.15000 0.13000
v 2.35000 -0.15000 0.13000
v 2.35000 -0.15000 0.13000
v 2.70000 0.10000 0.02000
v 2.70000 0.10000 0.02000
v 2.70000 0.10000 0.02000
v 2.70000 0.10000 0.02000
v 2.70000 0.10000 0.02000
v 2.70000 0.10000 0.02000
v 2.70000 0.10000 0.02000
v 2.70000 0.10000 0.02000
v 2.70000 0.10000 0.02000
v 2.70000 0.10000 0.02000
v 2.70000 0.10000 0.02000
v 2.70000 0.10000 0.02000
v 2.70000 0.10000 0.02000
v 2.70000 0.10000 0.02000
v 2.70000 0.10000 0.02000
v 2.70000 0.10000 0.02000
v 2.73708 0.10000 0.01413
v 2.73426 0.11419 0.01413
v 2.72622 0.12622 0.01413
v 2.71419 0.13426 0.01413
v 2.70000 0.13708 0.01413
v 2.68581 0.13426 0.01413
v 2.67378 0.12622 0.01413
v 2.66574 0.11419 0.01413
v 2.66292 0.10000 0.01413
v 2.66574 0.08581 0.01413
v 2.67378 0.07378 0.01413
v 2.68581 0.06574 0.01413
v 2.70000 0.06292 0.01413
v 2.71419 0.06574 0.01413
v 2.72622 0.07378 0.01413
v 2.73426 0.08581 0.01413
v 2.77053 0.10000 -0.00292
v 2.76517 0.12699 -0.00292
v 2.74988 0.14988 -0.00292
v 2.72699 0.16517 -0.00292
v 2.70000 0.17053 -0.00292
v 2.67301 0.16517 -0.00292
v 2.65012 0.14988 -0.00292
v 2.63483 0.12699 -0.00292
v 2.62947 0.10000 -0.00292
v 2.63483 0.07301 -0.00292
v 2.65012 0.05012 -0.00292
v 2.67301 0.03483 -0.00292
v 2.70000 0.02947 -0.00292
v 2.72699 0.03483 -0.00292
v 2.74988 0.05012 -0.00292
v 2.76517 0.07301 -0.00292
v 2.79708 0.10000 -0.02947
v 2.78969 0.13715 -0.02947
v 2.76865 0.16865 -0.02947
v 2.73715 0.18969 -0.02947
v 2.70000 0.19708 -0.02947
v 2.66285 0.18969 -0.02947
v 2.63135 0.16865 -0.02947
v 2.61031 0.13715 -0.02947
v 2.60292 0.10000 -0.02947
v 2.61031 0.06285 -0.02947
v 2.63135 0.03135 -0.02947
v 2.66285 0.01031 -0.02947
v 2.70000 0.00292 -0.02947
v 2.73715 0.01031 -0.02947
v 2.76865 0.03135 -0.02947
v 2.78969 0.06285 -0.02947
v 2.81413 0.10000 -0.06292
v 2.80544 0.14367 -0.06292
v 2.78070 0.18070 -0.06292
v 2.74367 0.20544 -0.06292
v 2.70000 0.21413 -0.06292
v 2.65633 0.20544 -0.06292
v 2.61930 0.18070 -0.06292
v 2.59456 0.14367 -0.06292
v 2.58587 0.10000 -0.06292
v 2.59456 0.05633 -0.06292
v 2.61930 0.01930 -0.06292
v 2.65633 -0.00544 -0.06292
v 2.70000 -0.01413 -0.06292
v 2.74367 -0.00544 -0.06292
v 2.78070 0.01930 -0.06292
v 2.80544 0.05633 -0.06292
v 2.82000 0.10000 -0.10000
v 2.81087 0.14592 -0.10000
v 2.78485 0.18485 -0.10000
v 2.74592 0.21087 -0.10000
v 2.70000 0.22000 -0.10000
v 2.65408 0.21087 -0.10000
v 2.61515 0.18485 -0.10000
v 2.58913 0.14592 -0.10000
v 2.58000 0.10000 -0.10000
v 2.58913 0.05408 -0.10000
v 2.61515 0.01515 -0.10000
v 2.65408 -0.01087 -0.10000
v 2.70000 -0.02000 -0.10000
v 2.74592 -0.01087 -0.10000
v 2.78485 0.01515 -0.10000
v 2.81087 0.05408 -0.10000
v 2.81413 0.10000 -0.13708
v 2.80544 0.14367 -0.13708
v 2.78070 0.18070 -0.13708
v 2.74367 0.20544 -0.13708
v 2.70000 0.21413 -0.13708
v 2.65633 0.20544 -0.13708
v 2.61930 0.18070 -0.13708
v 2.59456 0.14367 -0.13708
v 2.58587 0.10000 -0.13708
v 2.59456 0.05633 -0.13708
v 2.61930 0.01930 -0.13708
v 2.65633 -0.00544 -0.13708
v 2.70000 -0.01413 -0.13708
v 2.74367 -0.00544 -0.13708
v 2.78070 0.01930 -0.13708
v 2.80544 0.05633 -0.13708
v 2.79708 0.10000 -0.17053
v 2.78969 0.13715 -0.17053
v 2.76865 0.16865 -0.17053
v 2.73715 0.18969 -0.17053
v 2.70000 0.19708 -0.17053
v 2.66285 0.18969 -0.17053
v 2.63135 0.16865 -0.17053
v 2.61031 0.13715 -0.17053
v 2.60292 0.10000 -0.17053
v 2.61031 0.06285 -0.17053
v 2.63135 0.03135 -0.17053
v 2.66285 0.01031 -0.17053
v 2.70000 0.00292 -0.17053
v 2.73715 0.01031 -0.17053
v 2.76865 0.03135 -0.17053
v 2.78969 0.06285 -0.17053
v 2.77053 0.10000 -0.19708
v 2.76517 0.12699 -0.19708
v 2.74988 0.14988 -0.19708
v 2.72699 0.16517 -0.19708
v 2.70000 0.17053 -0.19708
v 2.67301 0.16517 -0.19708
v 2.65012 0.14988 -0.19708
v 2.63483 0.12699 -0.19708
v 2.62947 0.10000 -0.19708
v 2.63483 0.07301 -0.19708
v 2.65012 0.05012 -0.19708
v 2.67301 0.03483 -0.19708
v 2.70000 0.02947 -0.19708
v 2.72699 0.03483 -0.19708
v 2.74988 0.05012 -0.19708
v 2.76517 0.07301 -0.19708
v 2.73708 0.10000 -0.21413
v 2.73426 0.11419 -0.21413
v 2.72622 0.12622 -0.21413
v 2.71419 0.13426 -0.21413
v 2.70000 0.13708 -0.21413
v 2.68581 0.13426 -0.21413
v 2.67378 0.12622 -0.21413
v 2.66574 0.11419 -0.21413
v 2.66292 0.10000 -0.21413
v 2.66574 0.08581 -0.21413
v 2.67378 0.07378 -0.21413
v 2.68581 0.06574 -0.21413
v 2.70000 0.06292 -0.21413
v 2.71419 0.06574 -0.21413
v 2.72622 0.07378 -0.21413
v 2.73426 0.08581 -0.21413
v 2.70000 0.10000 -0.22000
v 2.70000 0.10000 -0.22000
v 2.70000 0.10000 -0.22000
v 2.70000 0.10000 -0.22000
v 2.70000 0.10000 -0.22000
v 2.70000 0.10000 -0.22000
v 2.70000 0.10000 -0.22000
v 2.70000 0.10000 -0.22000
v 2.70000 0.10000 -0.22000
v 2.70000 0.10000 -0.22000
v 2.70000 0.10000 -0.22000
v 2.70000 0.10000 -0.22000
v 2.70000 0.10000 -0.22000
v 2.70000 0.10000 -0.22000
v 2.70000 0.10000 -0.22000
v 2.70000 0.10000 -0.22000
v -2.10000 0.20000 0.12000
v -2.10000 0.20000 0.12000
v -2.10000 0.20000 0.12000
v -2.10000 0.20000 0.12000
v -2.10000 0.20000 0.12000
v -2.10000 0.20000 0.12000
v -2.10000 0.20000 0.12000
v -2.10000 0.20000 0.12000
v -2.10000 0.20000 0.12000
v -2.10000 0.20000 0.12000
v -2.10000 0.20000 0.12000
v -2.10000 0.20000 0.12000
v -2.10000 0.20000 0.12000
v -2.10000 0.20000 0.12000
v -2.10000 0.20000 0.12000
v -2.10000 0.20000 0.12000
v -2.06292 0.20000 0.11413
v -2.06574 0.21419 0.11413
v -2.07378 0.22622 0.11413
v -2.08581 0.23426 0.11413
v -2.10000 0.23708 0.11413
v -2.11419 0.23426 0.11413
v -2.12622 0.22622 0.11413
v -2.13426 0.21419 0.11413
v -2.13708 0.20000 0.11413
v -2.13426 0.18581 0.11413
v -2.12622 0.17378 0.11413
v -2.11419 0.16574 0.11413
v -2.10000 0.16292 0.11413
v -2.08581 0.16574 0.11413
v -2.07378 0.17378 0.11413
v -2.06574 0.18581 0.11413
v -2.02947 0.20000 0.09708
v -2.03483 0.22699 0.09708
v -2.05012 0.24988 0.09708
v -2.07301 0.26517 0.09708
v -2.10000 0.27053 0.09708
v -2.12699 0.26517 0.09708
v -2.14988 0.24988 0.09708
v -2.16517 0.22699 0.09708
v -2.17053 0.20000 0.09708
v -2.16517 0.17301 0.09708
v -2.14988 0.15012 0.09708
v -2.12699 0.13483 0.09708
v -2.10000 0.12947 0.09708
v -2.07301 0.13483 0.09708
v -2.05012 0.15012 0.09708
v -2.03483 0.17301 0.09708
v -2.00292 0.20000 0.07053
v -2.01031 0.23715 0.07053
v -2.03135 0.26865 0.07053
v -2.06285 0.28969 0.07053
v -2.10000 0.29708 0.07053
v -2.13715 0.28969 0.07053
v -2.16865 0.26865 0.07053
v -2.18969 0.23715 0.07053
v -2.19708 0.20000 0.07053
v -2.18969 0.16285 0.07053
v -2.16865 0.13135 0.07053
v -2.13715 0.11031 0.07053
v -2.10000 0.10292 0.07053
v -2.06285 0.11031 0.07053
v -2.03135 0.13135 0.07053
v -2.01031 0.16285 0.07053
v -1.98587 0.20000 0.03708
v -1.99456 0.24367 0.03708
v -2.01930 0.28070 0.03708
v -2.05633 0.30544 0.03708
v -2.10000 0.31413 0.03708
v -2.14367 0.30544 0.03708
v -2.18070 0.28070 0.03708
v -2.20544 0.24367 0.03708
v -2.21413 0.20000 0.03708
v -2.20544 0.15633 0.03708
v -2.18070 0.11930 0.03708
v -2.14367 0.09456 0.03708
v -2.10000 0.08587 0.03708
v -2.05633 0.09456 0.03708
v -2.01930 0.11930 0.03708
v -1.99456 0.15633 0.03708
v -1.98000 0.20000 0.00000
v -1.98913 0.24592 0.00000
v -2.01515 0.28485 0.00000
v -2.05408 0.31087 0.00000
v -2.10000 0.32000 0.00000
v -2.14592 0.31087 0.00000
v -2.18485 0.28485 0.00000
v -2.21087 0.24592 0.00000
v -2.22000 0.20000 0.00000
v -2.21087 0.15408 0.00000
v -2.18485 0.11515 0.00000
v -2.14592 0.08913 0.00000
v -2.10000 0.08000 0.00000
v -2.05408 0.08913 0.00000
v -2.01515 0.11515 0.00000
v -1.98913 0.15408 0.00000
v -1.98587 0.20000 -0.03708
v -1.99456 0.24367 -0.03708
v -2.01930 0.28070 -0.03708
v -2.05633 0.30544 -0.03708
v -2.10000 0.31413 -0.03708
v -2.14367 0.30544 -0.03708
v -2.18070 0.28070 -0.03708
v -2.20544 0.24367 -0.03708
v -2.21413 0.20000 -0.03708
v -2.20544 0.15633 -0.03708
v -2.18070 0.11930 -0.03708
v -2.14367 0.09456 -0.03708
v -2.10000 0.08587 -0.03708
v -2.05633 0.09456 -0.03708
v -2.01930 0.11930 -0.03708
v -1.99456 0.15633 -0.03708
v -2.00292 0.20000 -0.07053
v -2.01031 0.23715 -0.07053
v -2.03135 0.26865 -0.07053
v -2.06285 0.28969 -0.07053
v -2.10000 0.29708 -0.07053
v -2.13715 0.28969 -0.07053
v -2.16865 0.26865 -0.07053
v -2.18969 0.23715 -0.07053
v -2.19708 0.20000 -0.07053
v -2.18969 0.16285 -0.07053
v -2.16865 0.13135 -0.07053
v -2.13715 0.11031 -0.07053
v -2.10000 0.10292 -0.07053
v -2.06285 0.11031 -0.07053
v -2.03135 0.13135 -0.07053
v -2.01031 0.16285 -0.07053
v -2.02947 0.20000 -0.09708
v -2.03483 0.22699 -0.09708
v -2.05012 0.24988 -0.09708
v -2.07301 0.26517 -0.09708
v -2.10000 0.27053 -0.09708
v -2.12699 0.26517 -0.09708
v -2.14988 0.24988 -0.09708
v -2.16517 0.22699 -0.09708
v -2.17053 0.20000 -0.09708
v -2.16517 0.17301 -0.09708
v -2.14988 0.15012 -0.09708
v -2.12699 0.13483 -0.09708
v -2.10000 0.12947 -0.09708
v -2.07301 0.13483 -0.09708
v -2.05012 0.15012 -0.09708
v -2.03483 0.17301 -0.09708
v -2.06292 0.20000 -0.11413
v -2.06574 0.21419 -0.11413
v -2.07378 0.22622 -0.11413
v -2.08581 0.23426 -0.11413
v -2.10000 0.23708 -0.11413
v -2.11419 0.23426 -0.11413
v -2.12622 0.22622 -0.11413
v -2.13426 0.21419 -0.11413
v -2.13708 0.20000 -0.11413
v -2.13426 0.18581 -0.11413
v -2.12622 0.17378 -0.11413
v -2.11419 0.16574 -0.11413
v -2.10000 0.16292 -0.11413
v -2.08581 0.16574 -0.11413
v -2.07378 0.17378 -0.11413
v -2.06574 0.18581 -0.11413
v -2.10000 0.20000 -0.12000
v -2.10000 0.20000 -0.12000
v -2.10000 0.20000 -0.12000
v -2.10000 0.20000 -0.12000
v -2.10000 0.20000 -0.12000
v -2.10000 0.20000 -0.12000
v -2.10000 0.20000 -0.12000
v -2.10000 0.20000 -0.12000
v -2.10000 0.20000 -0.12000
v -2.10000 0.20000 -0.12000
v -2.10000 0.20000 -0.12000
v -2.10000 0.20000 -0.12000
v -2.10000 0.20000 -0.12000
v -2.10000 0.20000 -0.12000
v -2.10000 0.20000 -0.12000
v -2.10000 0.20000 -0.12000
v -2.45000 0.35000 0.22000
v -2.45000 0.35000 0.22000
v -2.45000 0.35000 0.22000
v -2.45000 0.35000 0.22000
v -2.45000 0.35000 0.22000
v -2.45000 0.35000 0.22000
v -2.45000 0.35000 0.22000
v -2.45000 0.35000 0.22000
v -2.45000 0.35000 0.22000
v -2.45000 0.35000 0.22000
v -2.45000 0.35000 0.22000
v -2.45000 0.35000 0.22000
v -2.45000 0.35000 0.22000
v -2.45000 0.35000 0.22000
v -2.45000 0.35000 0.22000
v -2.45000 0.35000 0.22000
v -2.41292 0.35000 0.21413
v -2.41574 0.36419 0.21413
v -2.42378 0.37622 0.21413
v -2.43581 0.38426 0.21413
v -2.45000 0.38708 0.21413
v -2.46419 0.38426 0.21413
v -2.47622 0.37622 0.21413
v -2.48426 0.36419 0.21413
v -2.48708 0.35000 0.21413
v -2.48426 0.33581 0.21413
v -2.47622 0.32378 0.21413
v -2.46419 0.31574 0.21413
v -2.45000 0.31292 0.21413
v -2.43581 0.31574 0.21413
v -2.42378 0.32378 0.21413
v -2.41574 0.33581 0.21413
v -2.37947 0.35000 0.19708
v -2.38483 0.37699 0.19708
v -2.40012 0.39988 0.19708
v -2.42301 0.41517 0.19708
v -2.45000 0.42053 0.19708
v -2.47699 0.41517 0.19708
v -2.49988 0.39988 0.19708
v -2.51517 0.37699 0.19708
v -2.52053 0.35000 0.19708
v -2.51517 0.32301 0.19708
v -2.49988 0.30012 0.19708
v -2.47699 0.28483 0.19708
v -2.45000 0.27947 0.19708
v -2.42301 0.28483 0.19708
v -2.40012 0.30012 0.19708
v -2.38483 0.32301 0.19708
v -2.35292 0.35000 0.17053
v -2.36031 0.38715 0.17053
v -2.38135 0.41865 0.17053
v -2.41285 0.43969 0.17053
v -2.45000 0.44708 0.17053
v -2.48715 0.43969 0.17053
v -2.51865 0.41865 0.17053
v -2.53969 0.38715 0.17053
v -2.54708 0.35000 0.17053
v -2.53969 0.31285 0.17053
v -2.51865 0.28135 0.17053
v -2.48715 0.26031 0.17053
v -2.45000 0.25292 0.17053
v -2.41285 0.26031 0.17053
v -2.38135 0.28135 0.17053
v -2.36031 0.31285 0.17053
v -2.33587 0.35000 0.13708
v -2.34456 0.39367 0.13708
v -2.36930 0.43070 0.13708
v -2.40633 0.45544 0.13708
v -2.45000 0.46413 0.13708
v -2.49367 0.45544 0.13708
v -2.53070 0.43070 0.13708
v -2.55544 0.39367 0.13708
v -2.56413 0.35000 0.13708
v -2.55544 0.30633 0.13708
v -2.53070 0.26930 0.13708
v -2.49367 0.24456 0.13708
v -2.45000 0.23587 0.13708
v -2.40633 0.24456 0.13708
v -2.36930 0.26930 0.13708
v -2.34456 0.30633 0.13708
v -2.33000 0.35000 0.10000
v -2.33913 0.39592 0.10000
v -2.36515 0.43485 0.10000
v -2.40408 0.46087 0.10000
v -2.45000 0.47000 0.10000
v -2.49592 0.46087 0.10000
v -2.53485 0.43485 0.10000
v -2.56087 0.39592 0.10000
v -2.57000 0.35000 0.10000
v -2.56087 0.30408 0.10000
v -2.53485 0.26515 0.10000
v -2.49592 0.23913 0.10000
v -2.45000 0.23000 0.10000
v -2.40408 0.23913 0.10000
v -2.36515 0.26515 0.10000
v -2.33913 0.30408 0.10000
v -2.33587 0.35000 0.06292
v -2.34456 0.39367 0.06292
v -2.36930 0.43070 0.06292
v -2.40633 0.45544 0.06292
v -2.45000 0.46413 0.06292
v -2.49367 0.45544 0.06292
v -2.53070 0.43070 0.06292
v -2.55544 0.39367 0.06292
v -2.56413 0.35000 0.06292
v -2.55544 0.30633 0.06292
v -2.53070 0.26930 0.06292
v -2.49367 0.24456 0.06292
v -2.45000 0.23587 0.06292
v -2.40633 0.24456 0.06292
v -2.36930 0.26930 0.06292
v -2.34456 0.30633 0.06292
v -2.35292 0.35000 0.02947
v -2.36031 0.38715 0.02947
v -2.38135 0.41865 0.02947
v -2.41285 0.43969 0.02947
v -2.45000 0.44708 0.02947
v -2.48715 0.43969 0.02947
v -2.51865 0.41865 0.02947
v -2.53969 0.38715 0.02947
v -2.54708 0.35000 0.02947
v -2.53969 0.31285 0.02947
v -2.51865 0.28135 0.02947
v -2.48715 0.26031 0.02947
v -2.45000 0.25292 0.02947
v -2.41285 0.26031 0.02947
v -2.38135 0.28135 0.02947
v -2.36031 0.31285 0.02947
v -2.37947 0.35000 0.00292
v -2.38483 0.37699 0.00292
v -2.40012 0.39988 0.00292
v -2.42301 0.41517 0.00292
v -2.45000 0.42053 0.00292
v -2.47699 0.41517 0.00292
v -2.49988 0.39988 0.00292
v -2.51517 0.37699 0.00292
v -2.52053 0.35000 0.00292
v -2.51517 0.32301 0.00292
v -2.49988 0.30012 0.00292
v -2.47699 0.28483 0.00292
v -2.45000 0.27947 0.00292
v -2.42301 0.28483 0.00292
v -2.40012 0.30012 0.00292
v -2.38483 0.32301 0.00292
v -2.41292 0.35000 -0.01413
v -2.41574 0.36419 -0.01413
v -2.42378 0.37622 -0.01413
v -2.43581 0.38426 -0.01413
v -2.45000 0.38708 -0.01413
v -2.46419 0.38426 -0.01413
v -2.47622 0.37622 -0.01413
v -2.48426 0.36419 -0.01413
v -2.48708 0.35000 -0.01413
v -2.48426 0.33581 -0.01413
v -2.47622 0.32378 -0.01413
v -2.46419 0.31574 -0.01413
v -2.45000 0.31292 -0.01413
v -2.43581 0.31574 -0.01413
v -2.42378 0.32378 -0.01413
v -2.41574 0.33581 -0.01413
v -2.45000 0.35000 -0.02000
v -2.45000 0.35000 -0.02000
v -2.45000 0.35000 -0.02000
v -2.45000 0.35000 -0.02000
v -2.45000 0.35000 -0.02000
v -2.45000 0.35000 -0.02000
v -2.45000 0.35000 -0.02000
v -2.45000 0.35000 -0.02000
v -2.45000 0.35000 -0.02000
v -2.45000 0.35000 -0.02000
v -2.45000 0.35000 -0.02000
v -2.45000 0.35000 -0.02000
v -2.45000 0.35000 -0.02000
v -2.45000 0.35000 -0.02000
v -2.45000 0.35000 -0.02000
v -2.45000 0.35000 -0.02000
v 0.20000 2.05000 0.27000
v 0.20000 2.05000 0.27000
v 0.20000 2.05000 0.27000
v 0.20000 2.05000 0.27000
v 0.20000 2.05000 0.27000
v 0.20000 2.05000 0.27000
v 0.20000 2.05000 0.27000
v 0.20000 2.05000 0.27000
v 0.20000 2.05000 0.27000
v 0.20000 2.05000 0.27000
v 0.20000 2.05000 0.27000
v 0.20000 2.05000 0.27000
v 0.20000 2.05000 0.27000
v 0.20000 2.05000 0.27000
v 0.20000 2.05000 0.27000
v 0.20000 2.05000 0.27000
v 0.23708 2.05000 0.26413
v 0.23426 2.06419 0.26413
v 0.22622 2.07622 0.26413
v 0.21419 2.08426 0.26413
v 0.20000 2.08708 0.26413
v 0.18581 2.08426 0.26413
v 0.17378 2.07622 0.26413
v 0.16574 2.06419 0.26413
v 0.16292 2.05000 0.26413
v 0.16574 2.03581 0.26413
v 0.17378 2.02378 0.26413
v 0.18581 2.01574 0.26413
v 0.20000 2.01292 0.26413
v 0.21419 2.01574 0.26413
v 0.22622 2.02378 0.26413
v 0.23426 2.03581 0.26413
v 0.27053 2.05000 0.24708
v 0.26517 2.07699 0.24708
v 0.24988 2.09988 0.24708
v 0.22699 2.11517 0.24708
v 0.20000 2.12053 0.24708
v 0.17301 2.11517 0.24708
v 0.15012 2.09988 0.24708
v 0.13483 2.07699 0.24708
v 0.12947 2.05000 0.24708
v 0.13483 2.02301 0.24708
v 0.15012 2.00012 0.24708
v 0.17301 1.98483 0.24708
v 0.20000 1.97947 0.24708
v 0.22699 1.98483 0.24708
v 0.24988 2.00012 0.24708
v 0.26517 2.02301 0.24708
v 0.29708 2.05000 0.22053
v 0.28969 2.08715 0.22053
v 0.26865 2.11865 0.22053
v 0.23715 2.13969 0.22053
v 0.20000 2.14708 0.22053
v 0.16285 2.13969 0.22053
v 0.13135 2.11865 0.22053
v 0.11031 2.08715 0.22053
v 0.10292 2.05000 0.22053
v 0.11031 2.01285 0.22053
v 0.13135 1.98135 0.22053
v 0.16285 1.96031 0.22053
v 0.20000 1.95292 0.22053
v 0.23715 1.96031 0.22053
v 0.26865 1.98135 0.22053
v 0.28969 2.01285 0.22053
v 0.31413 2.05000 0.18708
v 0.30544 2.09367 0.18708
v 0.28070 2.13070 0.18708
v 0.24367 2.15544 0.18708
v 0.20000 2.16413 0.18708
v 0.15633 2.15544 0.18708
v 0.11930 2.13070 0.18708
v 0.09456 2.09367 0.18708
v 0.08587 2.05000 0.18708
v 0.09456 2.00633 0.18708
v 0.11930 1.96930 0.18708
v 0.15633 1.94456 0.18708
v 0.20000 1.93587 0.18708
v 0.24367 1.94456 0.18708
v 0.28070 1.96930 0.18708
v 0.30544 2.00633 0.18708
v 0.32000 2.05000 0.15000
v 0.31087 2.09592 0.15000
v 0.28485 2.13485 0.15000
v 0.24592 2.16087 0.15000
v 0.20000 2.17000 0.15000
v 0.15408 2.16087 0.15000
v 0.11515 2.13485 0.15000
v 0.08913 2.09592 0.15000
v 0.08000 2.05000 0.15000
v 0.08913 2.00408 0.15000
v 0.11515 1.96515 0.15000
v 0.15408 1.93913 0.15000
v 0.20000 1.93000 0.15000
v 0.24592 1.93913 0.15000
v 0.28485 1.96515 0.15000
v 0.31087 2.00408 0.15000
v 0.31413 2.05000 0.11292
v 0.30544 2.09367 0.11292
v 0.28070 2.13070 0.11292
v 0.24367 2.15544 0.11292
v 0.20000 2.16413 0.11292
v 0.15633 2.15544 0.11292
v 0.11930 2.13070 0.11292
v 0.09456 2.09367 0.11292
v 0.08587 2.05000 0.11292
v 0.09456 2.00633 0.11292
v 0.11930 1.96930 0.11292
v 0.15633 1.94456 0.11292
v 0.20000 1.93587 0.11292
v 0.24367 1.94456 0.11292
v 0.28070 1.96930 0.11292
v 0.30544 2.00633 0.11292
v 0.29708 2.05000 0.07947
v 0.28969 2.08715 0.07947
v 0.26865 2.11865 0.07947
v 0.23715 2.13969 0.07947
v 0.20000 2.14708 0.07947
v 0.16285 2.13969 0.07947
v 0.13135 2.11865 0.07947
v 0.11031 2.08715 0.07947
v 0.10292 2.05000 0.07947
v 0.11031 2.01285 0.07947
v 0.13135 1.98135 0.07947
v 0.16285 1.96031 0.07947
v 0.20000 1.95292 0.07947
v 0.23715 1.96031 0.07947
v 0.26865 1.98135 0.07947
v 0.28969 2.01285 0.07947
v 0.27053 2.05000 0.05292
v 0.26517 2.07699 0.05292
v 0.24988 2.09988 0.05292
v 0.22699 2.11517 0.05292
v 0.20000 2.12053 0.05292
v 0.17301 2.11517 0.05292
v 0.15012 2.09988 0.05292
v 0.13483 2.07699 0.05292
v 0.12947 2.05000 0.05292
v 0.13483 2.02301 0.05292
v 0.15012 2.00012 0.05292
v 0.17301 1.98483 0.05292
v 0.20000 1.97947 0.05292
v 0.22699 1.98483 0.05292
v 0.24988 2.00012 0.05292
v 0.26517 2.02301 0.05292
v 0.23708 2.05000 0.03587
v 0.23426 2.06419 0.03587
v 0.22622 2.07622 0.03587
v 0.21419 2.08426 0.03587
v 0.20000 2.08708 0.03587
v 0.18581 2.08426 0.03587
v 0.17378 2.07622 0.03587
v 0.16574 2.06419 0.03587
v 0.16292 2.05000 0.03587
v 0.16574 2.03581 0.03587
v 0.17378 2.02378 0.03587
v 0.18581 2.01574 0.03587
v 0.20000 2.01292 0.03587
v 0.21419 2.01574 0.03587
v 0.22622 2.02378 0.03587
v 0.23426 2.03581 0.03587
v 0.20000 2.05000 0.03000
v 0.20000 2.05000 0.03000
v 0.20000 2.05000 0.03000
v 0.20000 2.05000 0.03000
v 0.20000 2.05000 0.03000
v 0.20000 2.05000 0.03000
v 0.20000 2.05000 0.03000
v 0.20000 2.05000 0.03000
v 0.20000 2.05000 0.03000
v 0.20000 2.05000 0.03000
v 0.20000 2.05000 0.03000
v 0.20000 2.05000 0.03000
v 0.20000 2.05000 0.03000
v 0.20000 2.05000 0.03000
v 0.20000 2.05000 0.03000
v 0.20000 2.05000 0.03000
v 0.35000 2.45000 0.32000
v 0.35000 2.45000 0.32000
v 0.35000 2.45000 0.32000
v 0.35000 2.45000 0.32000
v 0.35000 2.45000 0.32000
v 0.35000 2.45000 0.32000
v 0.35000 2.45000 0.32000
v 0.35000 2.45000 0.32000
v 0.35000 2.45000 0.32000
v 0.35000 2.45000 0.32000
v 0.35000 2.45000 0.32000
v 0.35000 2.45000 0.32000
v 0.35000 2.45000 0.32000
v 0.35000 2.45000 0.32000
v 0.35000 2.45000 0.32000
v 0.35000 2.45000 0.32000
v 0.38708 2.45000 0.31413
v 0.38426 2.46419 0.31413
v 0.37622 2.47622 0.31413
v 0.36419 2.48426 0.31413
v 0.35000 2.48708 0.31413
v 0.33581 2.48426 0.31413
v 0.32378 2.47622 0.31413
v 0.31574 2.46419 0.31413
v 0.31292 2.45000 0.31413
v 0.31574 2.43581 0.31413
v 0.32378 2.42378 0.31413
v 0.33581 2.41574 0.31413
v 0.35000 2.41292 0.31413
v 0.36419 2.41574 0.31413
v 0.37622 2.42378 0.31413
v 0.38426 2.43581 0.31413
v 0.42053 2.45000 0.29708
v 0.41517 2.47699 0.29708
v 0.39988 2.49988 0.29708
v 0.37699 2.51517 0.29708
v 0.35000 2.52053 0.29708
v 0.32301 2.51517 0.29708
v 0.30012 2.49988 0.29708
v 0.28483 2.47699 0.29708
v 0.27947 2.45000 0.29708
v 0.28483 2.42301 0.29708
v 0.30012 2.40012 0.29708
v 0.32301 2.38483 0.29708
v 0.35000 2.37947 0.29708
v 0.37699 2.38483 0.29708
v 0.39988 2.40012 0.29708
v 0.41517 2.42301 0.29708
v 0.44708 2.45000 0.27053
v 0.43969 2.48715 0.27053
v 0.41865 2.51865 0.27053
v 0.38715 2.53969 0.27053
v 0.35000 2.54708 0.27053
v 0.31285 2.53969 0.27053
v 0.28135 2.51865 0.27053
v 0.26031 2.48715 0.27053
v 0.25292 2.45000 0.27053
v 0.26031 2.41285 0.27053
v 0.28135 2.38135 0.27053
v 0.31285 2.36031 0.27053
v 0.35000 2.35292 0.27053
v 0.38715 2.36031 0.27053
v 0.41865 2.38135 0.27053
v 0.43969 2.41285 0.27053
v 0.46413 2.45000 0.23708
v 0.45544 2.49367 0.23708
v 0.43070 2.53070 0.23708
v 0.39367 2.55544 0.23708
v 0.35000 2.56413 0.23708
v 0.30633 2.55544 0.23708
v 0.26930 2.53070 0.23708
v 0.24456 2.49367 0.23708
v 0.23587 2.45000 0.23708
v 0.24456 2.40633 0.23708
v 0.26930 2.36930 0.23708
v 0.30633 2.34456 0.23708
v 0.35000 2.33587 0.23708
v 0.39367 2.34456 0.23708
v 0.43070 2.36930 0.23708
v 0.45544 2.40633 0.23708
v 0.47000 2.45000 0.20000
v 0.46087 2.49592 0.20000
v 0.43485 2.53485 0.20000
v 0.39592 2.56087 0.20000
v 0.35000 2.57000 0.20000
v 0.30408 2.56087 0.20000
v 0.26515 2.53485 0.20000
v 0.23913 2.49592 0.20000
v 0.23000 2.45000 0.20000
v 0.23913 2.40408 0.20000
v 0.26515 2.36515 0.20000
v 0.30408 2.33913 0.20000
v 0.35000 2.33000 0.20000
v 0.39592 2.33913 0.20000
v 0.43485 2.36515 0.20000
v 0.46087 2.40408 0.20000
v 0.46413 2.45000 0.16292
v 0.45544 2.49367 0.16292
v 0.43070 2.53070 0.16292
v 0.39367 2.55544 0.16292
v 0.35000 2.56413 0.16292
v 0.30633 2.55544 0.16292
v 0.26930 2.53070 0.16292
v 0.24456 2.49367 0.16292
v 0.23587 2.45000 0.16292
v 0.24456 2.40633 0.16292
v 0.26930 2.36930 0.16292
v 0.30633 2.34456 0.16292
v 0.35000 2.33587 0.16292
v 0.39367 2.34456 0.16292
v 0.43070 2.36930 0.16292
v 0.45544 2.40633 0.16292
v 0.44708 2.45000 0.12947
v 0.43969 2.48715 0.12947
v 0.41865 2.51865 0.12947
v 0.38715 2.53969 0.12947
v 0.35000 2.54708 0.12947
v 0.31285 2.53969 0.12947
v 0.28135 2.51865 0.12947
v 0.26031 2.48715 0.12947
v 0.25292 2.45000 0.12947
v 0.26031 2.41285 0.12947
v 0.28135 2.38135 0.12947
v 0.31285 2.36031 0.12947
v 0.35000 2.35292 0.12947
v 0.38715 2.36031 0.12947
v 0.41865 2.38135 0.12947
v 0.43969 2.41285 0.12947
v 0.42053 2.45000 0.10292
v 0.41517 2.47699 0.10292
v 0.39988 2.49988 0.10292
v 0.37699 2.51517 0.10292
v 0.35000 2.52053 0.10292
v 0.32301 2.51517 0.10292
v 0.30012 2.49988 0.10292
v 0.28483 2.47699 0.10292
v 0.27947 2.45000 0.10292
v 0.28483 2.42301 0.10292
v 0.30012 2.40012 0.10292
v 0.32301 2.38483 0.10292
v 0.35000 2.37947 0.10292
v 0.37699 2.38483 0.10292
v 0.39988 2.40012 0.10292
v 0.41517 2.42301 0.10292
v 0.38708 2.45000 0.08587
v 0.38426 2.46419 0.08587
v 0.37622 2.47622 0.08587
v 0.36419 2.48426 0.08587
v 0.35000 2.48708 0.08587
v 0.33581 2.48426 0.08587
v 0.32378 2.47622 0.08587
v 0.31574 2.46419 0.08587
v 0.31292 2.45000 0.08587
v 0.31574 2.43581 0.08587
v 0.32378 2.42378 0.08587
v 0.33581 2.41574 0.08587
v 0.35000 2.41292 0.08587
v 0.36419 2.41574 0.08587
v 0.37622 2.42378 0.08587
v 0.38426 2.43581 0.08587
v 0.35000 2.45000 0.08000
v 0.35000 2.45000 0.08000
v 0.35000 2.45000 0.08000
v 0.35000 2.45000 0.08000
v 0.35000 2.45000 0.08000
v 0.35000 2.45000 0.08000
v 0.35000 2.45000 0.08000
v 0.35000 2.45000 0.08000
v 0.35000 2.45000 0.08000
v 0.35000 2.45000 0.08000
v 0.35000 2.45000 0.08000
v 0.35000 2.45000 0.08000
v 0.35000 2.45000 0.08000
v 0.35000 2.45000 0.08000
v 0.35000 2.45000 0.08000
v 0.35000 2.45000 0.08000
v 0.10000 2.80000 0.12000
v 0.10000 2.80000 0.12000
v 0.10000 2.80000 0.12000
v 0.10000 2.80000 0.12000
v 0.10000 2.80000 0.12000
v 0.10000 2.80000 0.12000
v 0.10000 2.80000 0.12000
v 0.10000 2.80000 0.12000
v 0.10000 2.80000 0.12000
v 0.10000 2.80000 0.12000
v 0.10000 2.80000 0.12000
v 0.10000 2.80000 0.12000
v 0.10000 2.80000 0.12000
v 0.10000 2.80000 0.12000
v 0.10000 2.80000 0.12000
v 0.10000 2.80000 0.12000
v 0.13708 2.80000 0.11413
v 0.13426 2.81419 0.11413
v 0.12622 2.82622 0.11413
v 0.11419 2.83426 0.11413
v 0.10000 2.83708 0.11413
v 0.08581 2.83426 0.11413
v 0.07378 2.82622 0.11413
v 0.06574 2.81419 0.11413
v 0.06292 2.80000 0.11413
v 0.06574 2.78581 0.11413
v 0.07378 2.77378 0.11413
v 0.08581 2.76574 0.11413
v 0.10000 2.76292 0.11413
v 0.11419 2.76574 0.11413
v 0.12622 2.77378 0.11413
v 0.13426 2.78581 0.11413
v 0.17053 2.80000 0.09708
v 0.16517 2.82699 0.09708
v 0.14988 2.84988 0.09708
v 0.12699 2.86517 0.09708
v 0.10000 2.87053 0.09708
v 0.07301 2.86517 0.09708
v 0.05012 2.84988 0.09708
v 0.03483 2.82699 0.09708
v 0.02947 2.80000 0.09708
v 0.03483 2.77301 0.09708
v 0.05012 2.75012 0.09708
v 0.07301 2.73483 0.09708
v 0.10000 2.72947 0.09708
v 0.12699 2.73483 0.09708
v 0.14988 2.75012 0.09708
v 0.16517 2.77301 0.09708
v 0.19708 2.80000 0.07053
v 0.18969 2.83715 0.07053
v 0.16865 2.86865 0.07053
v 0.13715 2.88969 0.07053
v 0.10000 2.89708 0.07053
v 0.06285 2.88969 0.07053
v 0.03135 2.86865 0.07053
v 0.01031 2.83715 0.07053
v 0.00292 2.80000 0.07053
v 0.01031 2.76285 0.07053
v 0.03135 2.73135 0.07053
v 0.06285 2.71031 0.07053
v 0.10000 2.70292 0.07053
v 0.13715 2.71031 0.07053
v 0.16865 2.73135 0.07053
v 0.18969 2.76285 0.07053
v 0.21413 2.80000 0.03708
v 0.20544 2.84367 0.03708
v 0.18070 2.88070 0.03708
v 0.14367 2.90544 0.03708
v 0.10000 2.91413 0.03708
v 0.05633 2.90544 0.03708
v 0.01930 2.88070 0.03708
v -0.00544 2.84367 0.03708
v -0.01413 2.80000 0.03708
v -0.00544 2.75633 0.03708
v 0.01930 2.71930 0.03708
v 0.05633 2.69456 0.03708
v 0.10000 2.68587 0.03708
v 0.14367 2.69456 0.03708
v 0.18070 2.71930 0.03708
v 0.20544 2.75633 0.03708
v 0.22000 2.80000 0.00000
v 0.21087 2.84592 0.00000
v 0.18485 2.88485 0.00000
v 0.14592 2.91087 0.00000
v 0.10000 2.92000 0.00000
v 0.05408 2.91087 0.00000
v 0.01515 2.88485 0.00000
v -0.01087 2.84592 0.00000
v -0.02000 2.80000 0.00000
v -0.01087 2.75408 0.00000
v 0.01515 2.71515 0.00000
v 0.05408 2.68913 0.00000
v 0.10000 2.68000 0.00000
v 0.14592 2.68913 0.00000
v 0.18485 2.71515 0.00000
v 0.21087 2.75408 0.00000
v 0.21413 2.80000 -0.03708
v 0.20544 2.84367 -0.03708
v 0.18070 2.88070 -0.03708
v 0.14367 2.90544 -0.03708
v 0.10000 2.91413 -0.03708
v 0.05633 2.90544 -0.03708
v 0.01930 2.88070 -0.03708
v -0.00544 2.84367 -0.03708
v -0.01413 2.80000 -0.03708
v -0.00544 2.75633 -0.03708
v 0.01930 2.71930 -0.03708
v 0.05633 2.69456 -0.03708
v 0.10000 2.68587 -0.03708
v 0.14367 2.69456 -0.03708
v 0.18070 2.71930 -0.03708
v 0.20544 2.75633 -0.03708
v 0.19708 2.80000 -0.07053
v 0.18969 2.83715 -0.07053
v 0.16865 2.86865 -0.07053
v 0.13715 2.88969 -0.07053
v 0.10000 2.89708 -0.07053
v 0.06285 2.88969 -0.07053
v 0.03135 2.86865 -0.07053
v 0.01031 2.83715 -0.07053
v 0.00292 2.80000 -0.07053
v 0.01031 2.76285 -0.07053
v 0.03135 2.73135 -0.07053
v 0.06285 2.71031 -0.07053
v 0.10000 2.70292 -0.07053
v 0.13715 2.71031 -0.07053
v 0.16865 2.73135 -0.07053
v 0.18969 2.76285 -0.07053
v 0.17053 2.80000 -0.09708
v 0.16517 2.82699 -0.09708
v 0.14988 2.84988 -0.09708
v 0.12699 2.86517 -0.09708
v 0.10000 2.87053 -0.09708
v 0.07301 2.86517 -0.09708
v 0.05012 2.84988 -0.09708
v 0.03483 2.82699 -0.09708
v 0.02947 2.80000 -0.09708
v 0.03483 2.77301 -0.09708
v 0.05012 2.75012 -0.09708
v 0.07301 2.73483 -0.09708
v 0.10000 2.72947 -0.09708
v 0.12699 2.73483 -0.09708
v 0.14988 2.75012 -0.09708
v 0.16517 2.77301 -0.09708
v 0.13708 2.80000 -0.11413
v 0.13426 2.81419 -0.11413
v 0.12622 2.82622 -0.11413
v 0.11419 2.83426 -0.11413
v 0.10000 2.83708 -0.11413
v 0.08581 2.83426 -0.11413
v 0.07378 2.82622 -0.11413
v 0.06574 2.81419 -0.11413
v 0.06292 2.80000 -0.11413
v 0.06574 2.78581 -0.11413
v 0.07378 2.77378 -0.11413
v 0.08581 2.76574 -0.11413
v 0.10000 2.76292 -0.11413
v 0.11419 2.76574 -0.11413
v 0.12622 2.77378 -0.11413
v 0.13426 2.78581 -0.11413
v 0.10000 2.80000 -0.12000
v 0.10000 2.80000 -0.12000
v 0.10000 2.80000 -0.12000
v 0.10000 2.80000 -0.12000
v 0.10000 2.80000 -0.12000
v 0.10000 2.80000 -0.12000
v 0.10000 2.80000 -0.12000
v 0.10000 2.80000 -0.12000
v 0.10000 2.80000 -0.12000
v 0.10000 2.80000 -0.12000
v 0.10000 2.80000 -0.12000
v 0.10000 2.80000 -0.12000
v 0.10000 2.80000 -0.12000
v 0.10000 2.80000 -0.12000
v 0.10000 2.80000 -0.12000
v 0.10000 2.80000 -0.12000
usemtl PLGA
f 1 2 18 17
f 2 3 19 18
f 3 4 20 19
f 4 5 21 20
f 5 6 22 21
f 6 7 23 22
f 7 8 24 23
f 8 9 25 24
f 9 10 26 25
f 10 11 27 26
f 11 12 28 27
f 12 13 29 28
f 13 14 30 29
f 14 15 31 30
f 15 16 32 31
f 16 1 17 32
f 17 18 34 33
f 18 19 35 34
f 19 20 36 35
f 20 21 37 36
f 21 22 38 37
f 22 23 39 38
f 23 24 40 39
f 24 25 41 40
f 25 26 42 41
f 26 27 43 42
f 27 28 44 43
f 28 29 45 44
f 29 30 46 45
f 30 31 47 46
f 31 32 48 47
f 32 17 33 48
f 33 34 50 49
f 34 35 51 50
f 35 36 52 51
f 36 37 53 52
f 37 38 54 53
f 38 39 55 54
f 39 40 56 55
f 40 41 57 56
f 41 42 58 57
f 42 43 59 58
f 43 44 60 59
f 44 45 61 60
f 45 46 62 61
f 46 47 63 62
f 47 48 64 63
f 48 33 49 64
f 49 50 66 65
f 50 51 67 66
f 51 52 68 67
f 52 53 69 68
f 53 54 70 69
f 54 55 71 70
f 55 56 72 71
f 56 57 73 72
f 57 58 74 73
f 58 59 75 74
f 59 60 76 75
f 60 61 77 76
f 61 62 78 77
f 62 63 79 78
f 63 64 80 79
f 64 49 65 80
f 65 66 82 81
f 66 67 83 82
f 67 68 84 83
f 68 69 85 84
f 69 70 86 85
f 70 71 87 86
f 71 72 88 87
f 72 73 89 88
f 73 74 90 89
f 74 75 91 90
f 75 76 92 91
f 76 77 93 92
f 77 78 94 93
f 78 79 95 94
f 79 80 96 95
f 80 65 81 96
f 81 82 98 97
f 82 83 99 98
f 83 84 100 99
f 84 85 101 100
f 85 86 102 101
f 86 87 103 102
f 87 88 104 103
f 88 89 105 104
f 89 90 106 105
f 90 91 107 106
f 91 92 108 107
f 92 93 109 108
f 93 94 110 109
f 94 95 111 110
f 95 96 112 111
f 96 81 97 112
f 97 98 114 113
f 98 99 115 114
f 99 100 116 115
f 100 101 117 116
f 101 102 118 117
f 102 103 119 118
f 103 104 120 119
f 104 105 121 120
f 105 106 122 121
f 106 107 123 122
f 107 108 124 123
f 108 109 125 124
f 109 110 126 125
f 110 111 127 126
f 111 112 128 127
f 112 97 113 128
f 113 114 130 129
f 114 115 131 130
f 115 116 132 131
f 116 117 133 132
f 117 118 134 133
f 118 119 135 134
f 119 120 136 135
f 120 121 137 136
f 121 122 138 137
f 122 123 139 138
f 123 124 140 139
f 124 125 141 140
f 125 126 142 141
f 126 127 143 142
f 127 128 144 143
f 128 113 129 144
f 129 130 146 145
f 130 131 147 146
f 131 132 148 147
f 132 133 149 148
f 133 134 150 149
f 134 135 151 150
f 135 136 152 151
f 136 137 153 152
f 137 138 154 153
f 138 139 155 154
f 139 140 156 155
f 140 141 157 156
f 141 142 158 157
f 142 143 159 158
f 143 144 160 159
f 144 129 145 160
f 145 146 162 161
f 146 147 163 162
f 147 148 164 163
f 148 149 165 164
f 149 150 166 165
f 150 151 167 166
f 151 152 168 167
f 152 153 169 168
f 153 154 170 169
f 154 155 171 170
f 155 156 172 171
f 156 157 173 172
f 157 158 174 173
f 158 159 175 174
f 159 160 176 175
f 160 145 161 176
usemtl Protein
f 177 178 194 193
f 178 179 195 194
f 179 180 196 195
f 180 181 197 196
f 181 182 198 197
f 182 183 199 198
f 183 184 200 199
f 184 185 201 200
f 185 186 202 201
f 186 187 203 202
f 187 188 204 203
f 188 189 205 204
f 189 190 206 205
f 190 191 207 206
f 191 192 208 207
f 192 177 193 208
f 193 194 210 209
f 194 195 211 210
f 195 196 212 211
f 196 197 213 212
f 197 198 214 213
f 198 199 215 214
f 199 200 216 215
f 200 201 217 216
f 201 202 218 217
f 202 203 219 218
f 203 204 220 219
f 204 205 221 220
f 205 206 222 221
f 206 207 223 222
f 207 208 224 223
f 208 193 209 224
f 209 210 226 225
f 210 211 227 226
f 211 212 228 227
f 212 213 229 228
f 213 214 230 229
f 214 215 231 230
f 215 216 232 231
f 216 217 233 232
f 217 218 234 233
f 218 219 235 234
f 219 220 236 235
f 220 221 237 236
f 221 222 238 237
f 222 223 239 238
f 223 224 240 239
f 224 209 225 240
f 225 226 242 241
f 226 227 243 242
f 227 228 244 243
f 228 229 245 244
f 229 230 246 245
f 230 231 247 246
f 231 232 248 247
f 232 233 249 248
f 233 234 250 249
f 234 235 251 250
f 235 236 252 251
f 236 237 253 252
f 237 238 254 253
f 238 239 255 254
f 239 240 256 255
f 240 225 241 256
f 241 242 258 257
f 242 243 259 258
f 243 244 260 259
f 244 245 261 260
f 245 246 262 261
f 246 247 263 262
f 247 248 264 263
f 248 249 265 264
f 249 250 266 265
f 250 251 267 266
f 251 252 268 267
f 252 253 269 268
f 253 254 270 269
f 254 255 271 270
f 255 256 272 271
f 256 241 257 272
f 257 258 274 273
f 258 259 275 274
f 259 260 276 275
f 260 261 277 276
f 261 262 278 277
f 262 263 279 278
f 263 264 280 279
f 264 265 281 280
f 265 266 282 281
f 266 267 283 282
f 267 268 284 283
f 268 269 285 284
f 269 270 286 285
f 270 271 287 286
f 271 272 288 287
f 272 257 273 288
f 273 274 290 289
f 274 275 291 290
f 275 276 292 291
f 276 277 293 292
f 277 278 294 293
f 278 279 295 294
f 279 280 296 295
f 280 281 297 296
f 281 282 298 297
f 282 283 299 298
f 283 284 300 299
f 284 285 301 300
f 285 286 302 301
f 286 287 303 302
f 287 288 304 303
f 288 273 289 304
f 289 290 306 305
f 290 291 307 306
f 291 292 308 307
f 292 293 309 308
f 293 294 310 309
f 294 295 311 310
f 295 296 312 311
f 296 297 313 312
f 297 298 314 313
f 298 299 315 314
f 299 300 316 315
f 300 301 317 316
f 301 302 318 317
f 302 303 319 318
f 303 304 320 319
f 304 289 305 320
f 305 306 322 321
f 306 307 323 322
f 307 308 324 323
f 308 309 325 324
f 309 310 326 325
f 310 311 327 326
f 311 312 328 327
f 312 313 329 328
f 313 314 330 329
f 314 315 331 330
f 315 316 332 331
f 316 317 333 332
f 317 318 334 333
f 318 319 335 334
f 319 320 336 335
f 320 305 321 336
f 321 322 338 337
f 322 323 339 338
f 323 324 340 339
f 324 325 341 340
f 325 326 342 341
f 326 327 343 342
f 327 328 344 343
f 328 329 345 344
f 329 330 346 345
f 330 331 347 346
f 331 332 348 347
f 332 333 349 348
f 333 334 350 349
f 334 335 351 350
f 335 336 352 351
f 336 321 337 352
f 353 354 370 369
f 354 355 371 370
f 355 356 372 371
f 356 357 373 372
f 357 358 374 373
f 358 359 375 374
f 359 360 376 375
f 360 361 377 376
f 361 362 378 377
f 362 363 379 378
f 363 364 380 379
f 364 365 381 380
f 365 366 382 381
f 366 367 383 382
f 367 368 384 383
f 368 353 369 384
f 369 370 386 385
f 370 371 387 386
f 371 372 388 387
f 372 373 389 388
f 373 374 390 389
f 374 375 391 390
f 375 376 392 391
f 376 377 393 392
f 377 378 394 393
f 378 379 395 394
f 379 380 396 395
f 380 381 397 396
f 381 382 398 397
f 382 383 399 398
f 383 384 400 399
f 384 369 385 400
f 385 386 402 401
f 386 387 403 402
f 387 388 404 403
f 388 389 405 404
f 389 390 406 405
f 390 391 407 406
f 391 392 408 407
f 392 393 409 408
f 393 394 410 409
f 394 395 411 410
f 395 396 412 411
f 396 397 413 412
f 397 398 414 413
f 398 399 415 414
f 399 400 416 415
f 400 385 401 416
f 401 402 418 417
f 402 403 419 418
f 403 404 420 419
f 404 405 421 420
f 405 406 422 421
f 406 407 423 422
f 407 408 424 423
f 408 409 425 424
f 409 410 426 425
f 410 411 427 426
f 411 412 428 427
f 412 413 429 428
f 413 414 430 429
f 414 415 431 430
f 415 416 432 431
f 416 401 417 432
f 417 418 434 433
f 418 419 435 434
f 419 420 436 435
f 420 421 437 436
f 421 422 438 437
f 422 423 439 438
f 423 424 440 439
f 424 425 441 440
f 425 426 442 441
f 426 427 443 442
f 427 428 444 443
f 428 429 445 444
f 429 430 446 445
f 430 431 447 446
f 431 432 448 447
f 432 417 433 448
f 433 434 450 449
f 434 435 451 450
f 435 436 452 451
f 436 437 453 452
f 437 438 454 453
f 438 439 455 454
f 439 440 456 455
f 440 441 457 456
f 441 442 458 457
f 442 443 459 458
f 443 444 460 459
f 444 445 461 460
f 445 446 462 461
f 446 447 463 462
f 447 448 464 463
f 448 433 449 464
f 449 450 466 465
f 450 451 467 466
f 451 452 468 467
f 452 453 469 468
f 453 454 470 469
f 454 455 471 470
f 455 456 472 471
f 456 457 473 472
f 457 458 474 473
f 458 459 475 474
f 459 460 476 475
f 460 461 477 476
f 461 462 478 477
f 462 463 479 478
f 463 464 480 479
f 464 449 465 480
f 465 466 482 481
f 466 467 483 482
f 467 468 484 483
f 468 469 485 484
f 469 470 486 485
f 470 471 487 486
f 471 472 488 487
f 472 473 489 488
f 473 474 490 489
f 474 475 491 490
f 475 476 492 491
f 476 477 493 492
f 477 478 494 493
f 478 479 495 494
f 479 480 496 495
f 480 465 481 496
f 481 482 498 497
f 482 483 499 498
f 483 484 500 499
f 484 485 501 500
f 485 486 502 501
f 486 487 503 502
f 487 488 504 503
f 488 489 505 504
f 489 490 506 505
f 490 491 507 506
f 491 492 508 507
f 492 493 509 508
f 493 494 510 509
f 494 495 511 510
f 495 496 512 511
f 496 481 497 512
f 497 498 514 513
f 498 499 515 514
f 499 500 516 515
f 500 501 517 516
f 501 502 518 517
f 502 503 519 518
f 503 504 520 519
f 504 505 521 520
f 505 506 522 521
f 506 507 523 522
f 507 508 524 523
f 508 509 525 524
f 509 510 526 525
f 510 511 527 526
f 511 512 528 527
f 512 497 513 528
f 529 530 546 545
f 530 531 547 546
f 531 532 548 547
f 532 533 549 548
f 533 534 550 549
f 534 535 551 550
f 535 536 552 551
f 536 537 553 552
f 537 538 554 553
f 538 539 555 554
f 539 540 556 555
f 540 541 557 556
f 541 542 558 557
f 542 543 559 558
f 543 544 560 559
f 544 529 545 560
f 545 546 562 561
f 546 547 563 562
f 547 548 564 563
f 548 549 565 564
f 549 550 566 565
f 550 551 567 566
f 551 552 568 567
f 552 553 569 568
f 553 554 570 569
f 554 555 571 570
f 555 556 572 571
f 556 557 573 572
f 557 558 574 573
f 558 559 575 574
f 559 560 576 575
f 560 545 561 576
f 561 562 578 577
f 562 563 579 578
f 563 564 580 579
f 564 565 581 580
f 565 566 582 581
f 566 567 583 582
f 567 568 584 583
f 568 569 585 584
f 569 570 586 585
f 570 571 587 586
f 571 572 588 587
f 572 573 589 588
f 573 574 590 589
f 574 575 591 590
f 575 576 592 591
f 576 561 577 592
f 577 578 594 593
f 578 579 595 594
f 579 580 596 595
f 580 581 597 596
f 581 582 598 597
f 582 583 599 598
f 583 584 600 599
f 584 585 601 600
f 585 586 602 601
f 586 587 603 602
f 587 588 604 603
f 588 589 605 604
f 589 590 606 605
f 590 591 607 606
f 591 592 608 607
f 592 577 593 608
f 593 594 610 609
f 594 595 611 610
f 595 596 612 611
f 596 597 613 612
f 597 598 614 613
f 598 599 615 614
f 599 600 616 615
f 600 601 617 616
f 601 602 618 617
f 602 603 619 618
f 603 604 620 619
f 604 605 621 620
f 605 606 622 621
f 606 607 623 622
f 607 608 624 623
f 608 593 609 624
f 609 610 626 625
f 610 611 627 626
f 611 612 628 627
f 612 613 629 628
f 613 614 630 629
f 614 615 631 630
f 615 616 632 631
f 616 617 633 632
f 617 618 634 633
f 618 619 635 634
f 619 620 636 635
f 620 621 637 636
f 621 622 638 637
f 622 623 639 638
f 623 624 640 639
f 624 609 625 640
f 625 626 642 641
f 626 627 643 642
f 627 628 644 643
f 628 629 645 644
f 629 630 646 645
f 630 631 647 646
f 631 632 648 647
f 632 633 649 648
f 633 634 650 649
f 634 635 651 650
f 635 636 652 651
f 636 637 653 652
f 637 638 654 653
f 638 639 655 654
f 639 640 656 655
f 640 625 641 656
f 641 642 658 657
f 642 643 659 658
f 643 644 660 659
f 644 645 661 660
f 645 646 662 661
f 646 647 663 662
f 647 648 664 663
f 648 649 665 664
f 649 650 666 665
f 650 651 667 666
f 651 652 668 667
f 652 653 669 668
f 653 654 670 669
f 654 655 671 670
f 655 656 672 671
f 656 641 657 672
f 657 658 674 673
f 658 659 675 674
f 659 660 676 675
f 660 661 677 676
f 661 662 678 677
f 662 663 679 678
f 663 664 680 679
f 664 665 681 680
f 665 666 682 681
f 666 667 683 682
f 667 668 684 683
f 668 669 685 684
f 669 670 686 685
f 670 671 687 686
f 671 672 688 687
f 672 657 673 688
f 673 674 690 689
f 674 675 691 690
f 675 676 692 691
f 676 677 693 692
f 677 678 694 693
f 678 679 695 694
f 679 680 696 695
f 680 681 697 696
f 681 682 698 697
f 682 683 699 698
f 683 684 700 699
f 684 685 701 700
f 685 686 702 701
f 686 687 703 702
f 687 688 704 703
f 688 673 689 704
f 705 706 722 721
f 706 707 723 722
f 707 708 724 723
f 708 709 725 724
f 709 710 726 725
f 710 711 727 726
f 711 712 728 727
f 712 713 729 728
f 713 714 730 729
f 714 715 731 730
f 715 716 732 731
f 716 717 733 732
f 717 718 734 733
f 718 719 735 734
f 719 720 736 735
f 720 705 721 736
f 721 722 738 737
f 722 723 739 738
f 723 724 740 739
f 724 725 741 740
f 725 726 742 741
f 726 727 743 742
f 727 728 744 743
f 728 729 745 744
f 729 730 746 745
f 730 731 747 746
f 731 732 748 747
f 732 733 749 748
f 733 734 750 749
f 734 735 751 750
f 735 736 752 751
f 736 721 737 752
f 737 738 754 753
f 738 739 755 754
f 739 740 756 755
f 740 741 757 756
f 741 742 758 757
f 742 743 759 758
f 743 744 760 759
f 744 745 761 760
f 745 746 762 761
f 746 747 763 762
f 747 748 764 763
f 748 749 765 764
f 749 750 766 765
f 750 751 767 766
f 751 752 768 767
f 752 737 753 768
f 753 754 770 769
f 754 755 771 770
f 755 756 772 771
f 756 757 773 772
f 757 758 774 773
f 758 759 775 774
f 759 760 776 775
f 760 761 777 776
f 761 762 778 777
f 762 763 779 778
f 763 764 780 779
f 764 765 781 780
f 765 766 782 781
f 766 767 783 782
f 767 768 784 783
f 768 753 769 784
f 769 770 786 785
f 770 771 787 786
f 771 772 788 787
f 772 773 789 788
f 773 774 790 789
f 774 775 791 790
f 775 776 792 791
f 776 777 793 792
f 777 778 794 793
f 778 779 795 794
f 779 780 796 795
f 780 781 797 796
f 781 782 798 797
f 782 783 799 798
f 783 784 800 799
f 784 769 785 800
f 785 786 802 801
f 786 787 803 802
f 787 788 804 803
f 788 789 805 804
f 789 790 806 805
f 790 791 807 806
f 791 792 808 807
f 792 793 809 808
f 793 794 810 809
f 794 795 811 810
f 795 796 812 811
f 796 797 813 812
f 797 798 814 813
f 798 799 815 814
f 799 800 816 815
f 800 785 801 816
f 801 802 818 817
f 802 803 819 818
f 803 804 820 819
f 804 805 821 820
f 805 806 822 821
f 806 807 823 822
f 807 808 824 823
f 808 809 825 824
f 809 810 826 825
f 810 811 827 826
f 811 812 828 827
f 812 813 829 828
f 813 814 830 829
f 814 815 831 830
f 815 816 832 831
f 816 801 817 832
f 817 818 834 833
f 818 819 835 834
f 819 820 836 835
f 820 821 837 836
f 821 822 838 837
f 822 823 839 838
f 823 824 840 839
f 824 825 841 840
f 825 826 842 841
f 826 827 843 842
f 827 828 844 843
f 828 829 845 844
f 829 830 846 845
f 830 831 847 846
f 831 832 848 847
f 832 817 833 848
f 833 834 850 849
f 834 835 851 850
f 835 836 852 851
f 836 837 853 852
f 837 838 854 853
f 838 839 855 854
f 839 840 856 855
f 840 841 857 856
f 841 842 858 857
f 842 843 859 858
f 843 844 860 859
f 844 845 861 860
f 845 846 862 861
f 846 847 863 862
f 847 848 864 863
f 848 833 849 864
f 849 850 866 865
f 850 851 867 866
f 851 852 868 867
f 852 853 869 868
f 853 854 870 869
f 854 855 871 870
f 855 856 872 871
f 856 857 873 872
f 857 858 874 873
f 858 859 875 874
f 859 860 876 875
f 860 861 877 876
f 861 862 878 877
f 862 863 879 878
f 863 864 880 879
f 864 849 865 880
f 881 882 898 897
f 882 883 899 898
f 883 884 900 899
f 884 885 901 900
f 885 886 902 901
f 886 887 903 902
f 887 888 904 903
f 888 889 905 904
f 889 890 906 905
f 890 891 907 906
f 891 892 908 907
f 892 893 909 908
f 893 894 910 909
f 894 895 911 910
f 895 896 912 911
f 896 881 897 912
f 897 898 914 913
f 898 899 915 914
f 899 900 916 915
f 900 901 917 916
f 901 902 918 917
f 902 903 919 918
f 903 904 920 919
f 904 905 921 920
f 905 906 922 921
f 906 907 923 922
f 907 908 924 923
f 908 909 925 924
f 909 910 926 925
f 910 911 927 926
f 911 912 928 927
f 912 897 913 928
f 913 914 930 929
f 914 915 931 930
f 915 916 932 931
f 916 917 933 932
f 917 918 934 933
f 918 919 935 934
f 919 920 936 935
f 920 921 937 936
f 921 922 938 937
f 922 923 939 938
f 923 924 940 939
f 924 925 941 940
f 925 926 942 941
f 926 927 943 942
f 927 928 944 943
f 928 913 929 944
f 929 930 946 945
f 930 931 947 946
f 931 932 948 947
f 932 933 949 948
f 933 934 950 949
f 934 935 951 950
f 935 936 952 951
f 936 937 953 952
f 937 938 954 953
f 938 939 955 954
f 939 940 956 955
f 940 941 957 956
f 941 942 958 957
f 942 943 959 958
f 943 944 960 959
f 944 929 945 960
f 945 946 962 961
f 946 947 963 962
f 947 948 964 963
f 948 949 965 964
f 949 950 966 965
f 950 951 967 966
f 951 952 968 967
f 952 953 969 968
f 953 954 970 969
f 954 955 971 970
f 955 956 972 971
f 956 957 973 972
f 957 958 974 973
f 958 959 975 974
f 959 960 976 975
f 960 945 961 976
f 961 962 978 977
f 962 963 979 978
f 963 964 980 979
f 964 965 981 980
f 965 966 982 981
f 966 967 983 982
f 967 968 984 983
f 968 969 985 984
f 969 970 986 985
f 970 971 987 986
f 971 972 988 987
f 972 973 989 988
f 973 974 990 989
f 974 975 991 990
f 975 976 992 991
f 976 961 977 992
f 977 978 994 993
f 978 979 995 994
f 979 980 996 995
f 980 981 997 996
f 981 982 998 997
f 982 983 999 998
f 983 984 1000 999
f 984 985 1001 1000
f 985 986 1002 1001
f 986 987 1003 1002
f 987 988 1004 1003
f 988 989 1005 1004
f 989 990 1006 1005
f 990 991 1007 1006
f 991 992 1008 1007
f 992 977 993 1008
f 993 994 1010 1009
f 994 995 1011 1010
f 995 996 1012 1011
f 996 997 1013 1012
f 997 998 1014 1013
f 998 999 1015 1014
f 999 1000 1016 1015
f 1000 1001 1017 1016
f 1001 1002 1018 1017
f 1002 1003 1019 1018
f 1003 1004 1020 1019
f 1004 1005 1021 1020
f 1005 1006 1022 1021
f 1006 1007 1023 1022
f 1007 1008 1024 1023
f 1008 993 1009 1024
f 1009 1010 1026 1025
f 1010 1011 1027 1026
f 1011 1012 1028 1027
f 1012 1013 1029 1028
f 1013 1014 1030 1029
f 1014 1015 1031 1030
f 1015 1016 1032 1031
f 1016 1017 1033 1032
f 1017 1018 1034 1033
f 1018 1019 1035 1034
f 1019 1020 1036 1035
f 1020 1021 1037 1036
f 1021 1022 1038 1037
f 1022 1023 1039 1038
f 1023 1024 1040 1039
f 1024 1009 1025 1040
f 1025 1026 1042 1041
f 1026 1027 1043 1042
f 1027 1028 1044 1043
f 1028 1029 1045 1044
f 1029 1030 1046 1045
f 1030 1031 1047 1046
f 1031 1032 1048 1047
f 1032 1033 1049 1048
f 1033 1034 1050 1049
f 1034 1035 1051 1050
f 1035 1036 1052 1051
f 1036 1037 1053 1052
f 1037 1038 1054 1053
f 1038 1039 1055 1054
f 1039 1040 1056 1055
f 1040 1025 1041 1056
f 1057 1058 1074 1073
f 1058 1059 1075 1074
f 1059 1060 1076 1075
f 1060 1061 1077 1076
f 1061 1062 1078 1077
f 1062 1063 1079 1078
f 1063 1064 1080 1079
f 1064 1065 1081 1080
f 1065 1066 1082 1081
f 1066 1067 1083 1082
f 1067 1068 1084 1083
f 1068 1069 1085 1084
f 1069 1070 1086 1085
f 1070 1071 1087 1086
f 1071 1072 1088 1087
f 1072 1057 1073 1088
f 1073 1074 1090 1089
f 1074 1075 1091 1090
f 1075 1076 1092 1091
f 1076 1077 1093 1092
f 1077 1078 1094 1093
f 1078 1079 1095 1094
f 1079 1080 1096 1095
f 1080 1081 1097 1096
f 1081 1082 1098 1097
f 1082 1083 1099 1098
f 1083 1084 1100 1099
f 1084 1085 1101 1100
f 1085 1086 1102 1101
f 1086 1087 1103 1102
f 1087 1088 1104 1103
f 1088 1073 1089 1104
f 1089 1090 1106 1105
f 1090 1091 1107 1106
f 1091 1092 1108 1107
f 1092 1093 1109 1108
f 1093 1094 1110 1109
f 1094 1095 1111 1110
f 1095 1096 1112 1111
f 1096 1097 1113 1112
f 1097 1098 1114 1113
f 1098 1099 1115 1114
f 1099 1100 1116 1115
f 1100 1101 1117 1116
f 1101 1102 1118 1117
f 1102 1103 1119 1118
f 1103 1104 1120 1119
f 1104 1089 1105 1120
f 1105 1106 1122 1121
f 1106 1107 1123 1122
f 1107 1108 1124 1123
f 1108 1109 1125 1124
f 1109 1110 1126 1125
f 1110 1111 1127 1126
f 1111 1112 1128 1127
f 1112 1113 1129 1128
f 1113 1114 1130 1129
f 1114 1115 1131 1130
f 1115 1116 1132 1131
f 1116 1117 1133 1132
f 1117 1118 1134 1133
f 1118 1119 1135 1134
f 1119 1120 1136 1135
f 1120 1105 1121 1136
f 1121 1122 1138 1137
f 1122 1123 1139 1138
f 1123 1124 1140 1139
f 1124 1125 1141 1140
f 1125 1126 1142 1141
f 1126 1127 1143 1142
f 1127 1128 1144 1143
f 1128 1129 1145 1144
f 1129 1130 1146 1145
f 1130 1131 1147 1146
f 1131 1132 1148 1147
f 1132 1133 1149 1148
f 1133 1134 1150 1149
f 1134 1135 1151 1150
f 1135 1136 1152 1151
f 1136 1121 1137 1152
f 1137 1138 1154 1153
f 1138 1139 1155 1154
f 1139 1140 1156 1155
f 1140 1141 1157 1156
f 1141 1142 1158 1157
f 1142 1143 1159 1158
f 1143 1144 1160 1159
f 1144 1145 1161 1160
f 1145 1146 1162 1161
f 1146 1147 1163 1162
f 1147 1148 1164 1163
f 1148 1149 1165 1164
f 1149 1150 1166 1165
f 1150 1151 1167 1166
f 1151 1152 1168 1167
f 1152 1137 1153 1168
f 1153 1154 1170 1169
f 1154 1155 1171 1170
f 1155 1156 1172 1171
f 1156 1157 1173 1172
f 1157 1158 1174 1173
f 1158 1159 1175 1174
f 1159 1160 1176 1175
f 1160 1161 1177 1176
f 1161 1162 1178 1177
f 1162 1163 1179 1178
f 1163 1164 1180 1179
f 1164 1165 1181 1180
f 1165 1166 1182 1181
f 1166 1167 1183 1182
f 1167 1168 1184 1183
f 1168 1153 1169 1184
f 1169 1170 1186 1185
f 1170 1171 1187 1186
f 1171 1172 1188 1187
f 1172 1173 1189 1188
f 1173 1174 1190 1189
f 1174 1175 1191 1190
f 1175 1176 1192 1191
f 1176 1177 1193 1192
f 1177 1178 1194 1193
f 1178 1179 1195 1194
f 1179 1180 1196 1195
f 1180 1181 1197 1196
f 1181 1182 1198 1197
f 1182 1183 1199 1198
f 1183 1184 1200 1199
f 1184 1169 1185 1200
f 1185 1186 1202 1201
f 1186 1187 1203 1202
f 1187 1188 1204 1203
f 1188 1189 1205 1204
f 1189 1190 1206 1205
f 1190 1191 1207 1206
f 1191 1192 1208 1207
f 1192 1193 1209 1208
f 1193 1194 1210 1209
f 1194 1195 1211 1210
f 1195 1196 1212 1211
f 1196 1197 1213 1212
f 1197 1198 1214 1213
f 1198 1199 1215 1214
f 1199 1200 1216 1215
f 1200 1185 1201 1216
f 1201 1202 1218 1217
f 1202 1203 1219 1218
f 1203 1204 1220 1219
f 1204 1205 1221 1220
f 1205 1206 1222 1221
f 1206 1207 1223 1222
f 1207 1208 1224 1223
f 1208 1209 1225 1224
f 1209 1210 1226 1225
f 1210 1211 1227 1226
f 1211 1212 1228 1227
f 1212 1213 1229 1228
f 1213 1214 1230 1229
f 1214 1215 1231 1230
f 1215 1216 1232 1231
f 1216 1201 1217 1232
f 1233 1234 1250 1249
f 1234 1235 1251 1250
f 1235 1236 1252 1251
f 1236 1237 1253 1252
f 1237 1238 1254 1253
f 1238 1239 1255 1254
f 1239 1240 1256 1255
f 1240 1241 1257 1256
f 1241 1242 1258 1257
f 1242 1243 1259 1258
f 1243 1244 1260 1259
f 1244 1245 1261 1260
f 1245 1246 1262 1261
f 1246 1247 1263 1262
f 1247 1248 1264 1263
f 1248 1233 1249 1264
f 1249 1250 1266 1265
f 1250 1251 1267 1266
f 1251 1252 1268 1267
f 1252 1253 1269 1268
f 1253 1254 1270 1269
f 1254 1255 1271 1270
f 1255 1256 1272 1271
f 1256 1257 1273 1272
f 1257 1258 1274 1273
f 1258 1259 1275 1274
f 1259 1260 1276 1275
f 1260 1261 1277 1276
f 1261 1262 1278 1277
f 1262 1263 1279 1278
f 1263 1264 1280 1279
f 1264 1249 1265 1280
f 1265 1266 1282 1281
f 1266 1267 1283 1282
f 1267 1268 1284 1283
f 1268 1269 1285 1284
f 1269 1270 1286 1285
f 1270 1271 1287 1286
f 1271 1272 1288 1287
f 1272 1273 1289 1288
f 1273 1274 1290 1289
f 1274 1275 1291 1290
f 1275 1276 1292 1291
f 1276 1277 1293 1292
f 1277 1278 1294 1293
f 1278 1279 1295 1294
f 1279 1280 1296 1295
f 1280 1265 1281 1296
f 1281 1282 1298 1297
f 1282 1283 1299 1298
f 1283 1284 1300 1299
f 1284 1285 1301 1300
f 1285 1286 1302 1301
f 1286 1287 1303 1302
f 1287 1288 1304 1303
f 1288 1289 1305 1304
f 1289 1290 1306 1305
f 1290 1291 1307 1306
f 1291 1292 1308 1307
f 1292 1293 1309 1308
f 1293 1294 1310 1309
f 1294 1295 1311 1310
f 1295 1296 1312 1311
f 1296 1281 1297 1312
f 1297 1298 1314 1313
f 1298 1299 1315 1314
f 1299 1300 1316 1315
f 1300 1301 1317 1316
f 1301 1302 1318 1317
f 1302 1303 1319 1318
f 1303 1304 1320 1319
f 1304 1305 1321 1320
f 1305 1306 1322 1321
f 1306 1307 1323 1322
f 1307 1308 1324 1323
f 1308 1309 1325 1324
f 1309 1310 1326 1325
f 1310 1311 1327 1326
f 1311 1312 1328 1327
f 1312 1297 1313 1328
f 1313 1314 1330 1329
f 1314 1315 1331 1330
f 1315 1316 1332 1331
f 1316 1317 1333 1332
f 1317 1318 1334 1333
f 1318 1319 1335 1334
f 1319 1320 1336 1335
f 1320 1321 1337 1336
f 1321 1322 1338 1337
f 1322 1323 1339 1338
f 1323 1324 1340 1339
f 1324 1325 1341 1340
f 1325 1326 1342 1341
f 1326 1327 1343 1342
f 1327 1328 1344 1343
f 1328 1313 1329 1344
f 1329 1330 1346 1345
f 1330 1331 1347 1346
f 1331 1332 1348 1347
f 1332 1333 1349 1348
f 1333 1334 1350 1349
f 1334 1335 1351 1350
f 1335 1336 1352 1351
f 1336 1337 1353 1352
f 1337 1338 1354 1353
f 1338 1339 1355 1354
f 1339 1340 1356 1355
f 1340 1341 1357 1356
f 1341 1342 1358 1357
f 1342 1343 1359 1358
f 1343 1344 1360 1359
f 1344 1329 1345 1360
f 1345 1346 1362 1361
f 1346 1347 1363 1362
f 1347 1348 1364 1363
f 1348 1349 1365 1364
f 1349 1350 1366 1365
f 1350 1351 1367 1366
f 1351 1352 1368 1367
f 1352 1353 1369 1368
f 1353 1354 1370 1369
f 1354 1355 1371 1370
f 1355 1356 1372 1371
f 1356 1357 1373 1372
f 1357 1358 1374 1373
f 1358 1359 1375 1374
f 1359 1360 1376 1375
f 1360 1345 1361 1376
f 1361 1362 1378 1377
f 1362 1363 1379 1378
f 1363 1364 1380 1379
f 1364 1365 1381 1380
f 1365 1366 1382 1381
f 1366 1367 1383 1382
f 1367 1368 1384 1383
f 1368 1369 1385 1384
f 1369 1370 1386 1385
f 1370 1371 1387 1386
f 1371 1372 1388 1387
f 1372 1373 1389 1388
f 1373 1374 1390 1389
f 1374 1375 1391 1390
f 1375 1376 1392 1391
f 1376 1361 1377 1392
f 1377 1378 1394 1393
f 1378 1379 1395 1394
f 1379 1380 1396 1395
f 1380 1381 1397 1396
f 1381 1382 1398 1397
f 1382 1383 1399 1398
f 1383 1384 1400 1399
f 1384 1385 1401 1400
f 1385 1386 1402 1401
f 1386 1387 1403 1402
f 1387 1388 1404 1403
f 1388 1389 1405 1404
f 1389 1390 1406 1405
f 1390 1391 1407 1406
f 1391 1392 1408 1407
f 1392 1377 1393 1408
f 1409 1410 1426 1425
f 1410 1411 1427 1426
f 1411 1412 1428 1427
f 1412 1413 1429 1428
f 1413 1414 1430 1429
f 1414 1415 1431 1430
f 1415 1416 1432 1431
f 1416 1417 1433 1432
f 1417 1418 1434 1433
f 1418 1419 1435 1434
f 1419 1420 1436 1435
f 1420 1421 1437 1436
f 1421 1422 1438 1437
f 1422 1423 1439 1438
f 1423 1424 1440 1439
f 1424 1409 1425 1440
f 1425 1426 1442 1441
f 1426 1427 1443 1442
f 1427 1428 1444 1443
f 1428 1429 1445 1444
f 1429 1430 1446 1445
f 1430 1431 1447 1446
f 1431 1432 1448 1447
f 1432 1433 1449 1448
f 1433 1434 1450 1449
f 1434 1435 1451 1450
f 1435 1436 1452 1451
f 1436 1437 1453 1452
f 1437 1438 1454 1453
f 1438 1439 1455 1454
f 1439 1440 1456 1455
f 1440 1425 1441 1456
f 1441 1442 1458 1457
f 1442 1443 1459 1458
f 1443 1444 1460 1459
f 1444 1445 1461 1460
f 1445 1446 1462 1461
f 1446 1447 1463 1462
f 1447 1448 1464 1463
f 1448 1449 1465 1464
f 1449 1450 1466 1465
f 1450 1451 1467 1466
f 1451 1452 1468 1467
f 1452 1453 1469 1468
f 1453 1454 1470 1469
f 1454 1455 1471 1470
f 1455 1456 1472 1471
f 1456 1441 1457 1472
f 1457 1458 1474 1473
f 1458 1459 1475 1474
f 1459 1460 1476 1475
f 1460 1461 1477 1476
f 1461 1462 1478 1477
f 1462 1463 1479 1478
f 1463 1464 1480 1479
f 1464 1465 1481 1480
f 1465 1466 1482 1481
f 1466 1467 1483 1482
f 1467 1468 1484 1483
f 1468 1469 1485 1484
f 1469 1470 1486 1485
f 1470 1471 1487 1486
f 1471 1472 1488 1487
f 1472 1457 1473 1488
f 1473 1474 1490 1489
f 1474 1475 1491 1490
f 1475 1476 1492 1491
f 1476 1477 1493 1492
f 1477 1478 1494 1493
f 1478 1479 1495 1494
f 1479 1480 1496 1495
f 1480 1481 1497 1496
f 1481 1482 1498 1497
f 1482 1483 1499 1498
f 1483 1484 1500 1499
f 1484 1485 1501 1500
f 1485 1486 1502 1501
f 1486 1487 1503 1502
f 1487 1488 1504 1503
f 1488 1473 1489 1504
f 1489 1490 1506 1505
f 1490 1491 1507 1506
f 1491 1492 1508 1507
f 1492 1493 1509 1508
f 1493 1494 1510 1509
f 1494 1495 1511 1510
f 1495 1496 1512 1511
f 1496 1497 1513 1512
f 1497 1498 1514 1513
f 1498 1499 1515 1514
f 1499 1500 1516 1515
f 1500 1501 1517 1516
f 1501 1502 1518 1517
f 1502 1503 1519 1518
f 1503 1504 1520 1519
f 1504 1489 1505 1520
f 1505 1506 1522 1521
f 1506 1507 1523 1522
f 1507 1508 1524 1523
f 1508 1509 1525 1524
f 1509 1510 1526 1525
f 1510 1511 1527 1526
f 1511 1512 1528 1527
f 1512 1513 1529 1528
f 1513 1514 1530 1529
f 1514 1515 1531 1530
f 1515 1516 1532 1531
f 1516 1517 1533 1532
f 1517 1518 1534 1533
f 1518 1519 1535 1534
f 1519 1520 1536 1535
f 1520 1505 1521 1536
f 1521 1522 1538 1537
f 1522 1523 1539 1538
f 1523 1524 1540 1539
f 1524 1525 1541 1540
f 1525 1526 1542 1541
f 1526 1527 1543 1542
f 1527 1528 1544 1543
f 1528 1529 1545 1544
f 1529 1530 1546 1545
f 1530 1531 1547 1546
f 1531 1532 1548 1547
f 1532 1533 1549 1548
f 1533 1534 1550 1549
f 1534 1535 1551 1550
f 1535 1536 1552 1551
f 1536 1521 1537 1552
f 1537 1538 1554 1553
f 1538 1539 1555 1554
f 1539 1540 1556 1555
f 1540 1541 1557 1556
f 1541 1542 1558 1557
f 1542 1543 1559 1558
f 1543 1544 1560 1559
f 1544 1545 1561 1560
f 1545 1546 1562 1561
f 1546 1547 1563 1562
f 1547 1548 1564 1563
f 1548 1549 1565 1564
f 1549 1550 1566 1565
f 1550 1551 1567 1566
f 1551 1552 1568 1567
f 1552 1537 1553 1568
f 1553 1554 1570 1569
f 1554 1555 1571 1570
f 1555 1556 1572 1571
f 1556 1557 1573 1572
f 1557 1558 1574 1573
f 1558 1559 1575 1574
f 1559 1560 1576 1575
f 1560 1561 1577 1576
f 1561 1562 1578 1577
f 1562 1563 1579 1578
f 1563 1564 1580 1579
f 1564 1565 1581 1580
f 1565 1566 1582 1581
f 1566 1567 1583 1582
f 1567 1568 1584 1583
f 1568 1553 1569 1584
f 1585 1586 1602 1601
f 1586 1587 1603 1602
f 1587 1588 1604 1603
f 1588 1589 1605 1604
f 1589 1590 1606 1605
f 1590 1591 1607 1606
f 1591 1592 1608 1607
f 1592 1593 1609 1608
f 1593 1594 1610 1609
f 1594 1595 1611 1610
f 1595 1596 1612 1611
f 1596 1597 1613 1612
f 1597 1598 1614 1613
f 1598 1599 1615 1614
f 1599 1600 1616 1615
f 1600 1585 1601 1616
f 1601 1602 1618 1617
f 1602 1603 1619 1618
f 1603 1604 1620 1619
f 1604 1605 1621 1620
f 1605 1606 1622 1621
f 1606 1607 1623 1622
f 1607 1608 1624 1623
f 1608 1609 1625 1624
f 1609 1610 1626 1625
f 1610 1611 1627 1626
f 1611 1612 1628 1627
f 1612 1613 1629 1628
f 1613 1614 1630 1629
f 1614 1615 1631 1630
f 1615 1616 1632 1631
f 1616 1601 1617 1632
f 1617 1618 1634 1633
f 1618 1619 1635 1634
f 1619 1620 1636 1635
f 1620 1621 1637 1636
f 1621 1622 1638 1637
f 1622 1623 1639 1638
f 1623 1624 1640 1639
f 1624 1625 1641 1640
f 1625 1626 1642 1641
f 1626 1627 1643 1642
f 1627 1628 1644 1643
f 1628 1629 1645 1644
f 1629 1630 1646 1645
f 1630 1631 1647 1646
f 1631 1632 1648 1647
f 1632 1617 1633 1648
f 1633 1634 1650 1649
f 1634 1635 1651 1650
f 1635 1636 1652 1651
f 1636 1637 1653 1652
f 1637 1638 1654 1653
f 1638 1639 1655 1654
f 1639 1640 1656 1655
f 1640 1641 1657 1656
f 1641 1642 1658 1657
f 1642 1643 1659 1658
f 1643 1644 1660 1659
f 1644 1645 1661 1660
f 1645 1646 1662 1661
f 1646 1647 1663 1662
f 1647 1648 1664 1663
f 1648 1633 1649 1664
f 1649 1650 1666 1665
f 1650 1651 1667 1666
f 1651 1652 1668 1667
f 1652 1653 1669 1668
f 1653 1654 1670 1669
f 1654 1655 1671 1670
f 1655 1656 1672 1671
f 1656 1657 1673 1672
f 1657 1658 1674 1673
f 1658 1659 1675 1674
f 1659 1660 1676 1675
f 1660 1661 1677 1676
f 1661 1662 1678 1677
f 1662 1663 1679 1678
f 1663 1664 1680 1679
f 1664 1649 1665 1680
f 1665 1666 1682 1681
f 1666 1667 1683 1682
f 1667 1668 1684 1683
f 1668 1669 1685 1684
f 1669 1670 1686 1685
f 1670 1671 1687 1686
f 1671 1672 1688 1687
f 1672 1673 1689 1688
f 1673 1674 1690 1689
f 1674 1675 1691 1690
f 1675 1676 1692 1691
f 1676 1677 1693 1692
f 1677 1678 1694 1693
f 1678 1679 1695 1694
f 1679 1680 1696 1695
f 1680 1665 1681 1696
f 1681 1682 1698 1697
f 1682 1683 1699 1698
f 1683 1684 1700 1699
f 1684 1685 1701 1700
f 1685 1686 1702 1701
f 1686 1687 1703 1702
f 1687 1688 1704 1703
f 1688 1689 1705 1704
f 1689 1690 1706 1705
f 1690 1691 1707 1706
f 1691 1692 1708 1707
f 1692 1693 1709 1708
f 1693 1694 1710 1709
f 1694 1695 1711 1710
f 1695 1696 1712 1711
f 1696 1681 1697 1712
f 1697 1698 1714 1713
f 1698 1699 1715 1714
f 1699 1700 1716 1715
f 1700 1701 1717 1716
f 1701 1702 1718 1717
f 1702 1703 1719 1718
f 1703 1704 1720 1719
f 1704 1705 1721 1720
f 1705 1706 1722 1721
f 1706 1707 1723 1722
f 1707 1708 1724 1723
f 1708 1709 1725 1724
f 1709 1710 1726 1725
f 1710 1711 1727 1726
f 1711 1712 1728 1727
f 1712 1697 1713 1728
f 1713 1714 1730 1729
f 1714 1715 1731 1730
f 1715 1716 1732 1731
f 1716 1717 1733 1732
f 1717 1718 1734 1733
f 1718 1719 1735 1734
f 1719 1720 1736 1735
f 1720 1721 1737 1736
f 1721 1722 1738 1737
f 1722 1723 1739 1738
f 1723 1724 1740 1739
f 1724 1725 1741 1740
f 1725 1726 1742 1741
f 1726 1727 1743 1742
f 1727 1728 1744 1743
f 1728 1713 1729 1744
f 1729 1730 1746 1745
f 1730 1731 1747 1746
f 1731 1732 1748 1747
f 1732 1733 1749 1748
f 1733 1734 1750 1749
f 1734 1735 1751 1750
f 1735 1736 1752 1751
f 1736 1737 1753 1752
f 1737 1738 1754 1753
f 1738 1739 1755 1754
f 1739 1740 1756 1755
f 1740 1741 1757 1756
f 1741 1742 1758 1757
f 1742 1743 1759 1758
f 1743 1744 1760 1759
f 1744 1729 1745 1760
f 1761 1762 1778 1777
f 1762 1763 1779 1778
f 1763 1764 1780 1779
f 1764 1765 1781 1780
f 1765 1766 1782 1781
f 1766 1767 1783 1782
f 1767 1768 1784 1783
f 1768 1769 1785 1784
f 1769 1770 1786 1785
f 1770 1771 1787 1786
f 1771 1772 1788 1787
f 1772 1773 1789 1788
f 1773 1774 1790 1789
f 1774 1775 1791 1790
f 1775 1776 1792 1791
f 1776 1761 1777 1792
f 1777 1778 1794 1793
f 1778 1779 1795 1794
f 1779 1780 1796 1795
f 1780 1781 1797 1796
f 1781 1782 1798 1797
f 1782 1783 1799 1798
f 1783 1784 1800 1799
f 1784 1785 1801 1800
f 1785 1786 1802 1801
f 1786 1787 1803 1802
f 1787 1788 1804 1803
f 1788 1789 1805 1804
f 1789 1790 1806 1805
f 1790 1791 1807 1806
f 1791 1792 1808 1807
f 1792 1777 1793 1808
f 1793 1794 1810 1809
f 1794 1795 1811 1810
f 1795 1796 1812 1811
f 1796 1797 1813 1812
f 1797 1798 1814 1813
f 1798 1799 1815 1814
f 1799 1800 1816 1815
f 1800 1801 1817 1816
f 1801 1802 1818 1817
f 1802 1803 1819 1818
f 1803 1804 1820 1819
f 1804 1805 1821 1820
f 1805 1806 1822 1821
f 1806 1807 1823 1822
f 1807 1808 1824 1823
f 1808 1793 1809 1824
f 1809 1810 1826 1825
f 1810 1811 1827 1826
f 1811 1812 1828 1827
f 1812 1813 1829 1828
f 1813 1814 1830 1829
f 1814 1815 1831 1830
f 1815 1816 1832 1831
f 1816 1817 1833 1832
f 1817 1818 1834 1833
f 1818 1819 1835 1834
f 1819 1820 1836 1835
f 1820 1821 1837 1836
f 1821 1822 1838 1837
f 1822 1823 1839 1838
f 1823 1824 1840 1839
f 1824 1809 1825 1840
f 1825 1826 1842 1841
f 1826 1827 1843 1842
f 1827 1828 1844 1843
f 1828 1829 1845 1844
f 1829 1830 1846 1845
f 1830 1831 1847 1846
f 1831 1832 1848 1847
f 1832 1833 1849 1848
f 1833 1834 1850 1849
f 1834 1835 1851 1850
f 1835 1836 1852 1851
f 1836 1837 1853 1852
f 1837 1838 1854 1853
f 1838 1839 1855 1854
f 1839 1840 1856 1855
f 1840 1825 1841 1856
f 1841 1842 1858 1857
f 1842 1843 1859 1858
f 1843 1844 1860 1859
f 1844 1845 1861 1860
f 1845 1846 1862 1861
f 1846 1847 1863 1862
f 1847 1848 1864 1863
f 1848 1849 1865 1864
f 1849 1850 1866 1865
f 1850 1851 1867 1866
f 1851 1852 1868 1867
f 1852 1853 1869 1868
f 1853 1854 1870 1869
f 1854 1855 1871 1870
f 1855 1856 1872 1871
f 1856 1841 1857 1872
f 1857 1858 1874 1873
f 1858 1859 1875 1874
f 1859 1860 1876 1875
f 1860 1861 1877 1876
f 1861 1862 1878 1877
f 1862 1863 1879 1878
f 1863 1864 1880 1879
f 1864 1865 1881 1880
f 1865 1866 1882 1881
f 1866 1867 1883 1882
f 1867 1868 1884 1883
f 1868 1869 1885 1884
f 1869 1870 1886 1885
f 1870 1871 1887 1886
f 1871 1872 1888 1887
f 1872 1857 1873 1888
f 1873 1874 1890 1889
f 1874 1875 1891 1890
f 1875 1876 1892 1891
f 1876 1877 1893 1892
f 1877 1878 1894 1893
f 1878 1879 1895 1894
f 1879 1880 1896 1895
f 1880 1881 1897 1896
f 1881 1882 1898 1897
f 1882 1883 1899 1898
f 1883 1884 1900 1899
f 1884 1885 1901 1900
f 1885 1886 1902 1901
f 1886 1887 1903 1902
f 1887 1888 1904 1903
f 1888 1873 1889 1904
f 1889 1890 1906 1905
f 1890 1891 1907 1906
f 1891 1892 1908 1907
f 1892 1893 1909 1908
f 1893 1894 1910 1909
f 1894 1895 1911 1910
f 1895 1896 1912 1911
f 1896 1897 1913 1912
f 1897 1898 1914 1913
f 1898 1899 1915 1914
f 1899 1900 1916 1915
f 1900 1901 1917 1916
f 1901 1902 1918 1917
f 1902 1903 1919 1918
f 1903 1904 1920 1919
f 1904 1889 1905 1920
f 1905 1906 1922 1921
f 1906 1907 1923 1922
f 1907 1908 1924 1923
f 1908 1909 1925 1924
f 1909 1910 1926 1925
f 1910 1911 1927 1926
f 1911 1912 1928 1927
f 1912 1913 1929 1928
f 1913 1914 1930 1929
f 1914 1915 1931 1930
f 1915 1916 1932 1931
f 1916 1917 1933 1932
f 1917 1918 1934 1933
f 1918 1919 1935 1934
f 1919 1920 1936 1935
f 1920 1905 1921 1936
f 1937 1938 1954 1953
f 1938 1939 1955 1954
f 1939 1940 1956 1955
f 1940 1941 1957 1956
f 1941 1942 1958 1957
f 1942 1943 1959 1958
f 1943 1944 1960 1959
f 1944 1945 1961 1960
f 1945 1946 1962 1961
f 1946 1947 1963 1962
f 1947 1948 1964 1963
f 1948 1949 1965 1964
f 1949 1950 1966 1965
f 1950 1951 1967 1966
f 1951 1952 1968 1967
f 1952 1937 1953 1968
f 1953 1954 1970 1969
f 1954 1955 1971 1970
f 1955 1956 1972 1971
f 1956 1957 1973 1972
f 1957 1958 1974 1973
f 1958 1959 1975 1974
f 1959 1960 1976 1975
f 1960 1961 1977 1976
f 1961 1962 1978 1977
f 1962 1963 1979 1978
f 1963 1964 1980 1979
f 1964 1965 1981 1980
f 1965 1966 1982 1981
f 1966 1967 1983 1982
f 1967 1968 1984 1983
f 1968 1953 1969 1984
f 1969 1970 1986 1985
f 1970 1971 1987 1986
f 1971 1972 1988 1987
f 1972 1973 1989 1988
f 1973 1974 1990 1989
f 1974 1975 1991 1990
f 1975 1976 1992 1991
f 1976 1977 1993 1992
f 1977 1978 1994 1993
f 1978 1979 1995 1994
f 1979 1980 1996 1995
f 1980 1981 1997 1996
f 1981 1982 1998 1997
f 1982 1983 1999 1998
f 1983 1984 2000 1999
f 1984 1969 1985 2000
f 1985 1986 2002 2001
f 1986 1987 2003 2002
f 1987 1988 2004 2003
f 1988 1989 2005 2004
f 1989 1990 2006 2005
f 1990 1991 2007 2006
f 1991 1992 2008 2007
f 1992 1993 2009 2008
f 1993 1994 2010 2009
f 1994 1995 2011 2010
f 1995 1996 2012 2011
f 1996 1997 2013 2012
f 1997 1998 2014 2013
f 1998 1999 2015 2014
f 1999 2000 2016 2015
f 2000 1985 2001 2016
f 2001 2002 2018 2017
f 2002 2003 2019 2018
f 2003 2004 2020 2019
f 2004 2005 2021 2020
f 2005 2006 2022 2021
f 2006 2007 2023 2022
f 2007 2008 2024 2023
f 2008 2009 2025 2024
f 2009 2010 2026 2025
f 2010 2011 2027 2026
f 2011 2012 2028 2027
f 2012 2013 2029 2028
f 2013 2014 2030 2029
f 2014 2015 2031 2030
f 2015 2016 2032 2031
f 2016 2001 2017 2032
f 2017 2018 2034 2033
f 2018 2019 2035 2034
f 2019 2020 2036 2035
f 2020 2021 2037 2036
f 2021 2022 2038 2037
f 2022 2023 2039 2038
f 2023 2024 2040 2039
f 2024 2025 2041 2040
f 2025 2026 2042 2041
f 2026 2027 2043 2042
f 2027 2028 2044 2043
f 2028 2029 2045 2044
f 2029 2030 2046 2045
f 2030 2031 2047 2046
f 2031 2032 2048 2047
f 2032 2017 2033 2048
f 2033 2034 2050 2049
f 2034 2035 2051 2050
f 2035 2036 2052 2051
f 2036 2037 2053 2052
f 2037 2038 2054 2053
f 2038 2039 2055 2054
f 2039 2040 2056 2055
f 2040 2041 2057 2056
f 2041 2042 2058 2057
f 2042 2043 2059 2058
f 2043 2044 2060 2059
f 2044 2045 2061 2060
f 2045 2046 2062 2061
f 2046 2047 2063 2062
f 2047 2048 2064 2063
f 2048 2033 2049 2064
f 2049 2050 2066 2065
f 2050 2051 2067 2066
f 2051 2052 2068 2067
f 2052 2053 2069 2068
f 2053 2054 2070 2069
f 2054 2055 2071 2070
f 2055 2056 2072 2071
f 2056 2057 2073 2072
f 2057 2058 2074 2073
f 2058 2059 2075 2074
f 2059 2060 2076 2075
f 2060 2061 2077 2076
f 2061 2062 2078 2077
f 2062 2063 2079 2078
f 2063 2064 2080 2079
f 2064 2049 2065 2080
f 2065 2066 2082 2081
f 2066 2067 2083 2082
f 2067 2068 2084 2083
f 2068 2069 2085 2084
f 2069 2070 2086 2085
f 2070 2071 2087 2086
f 2071 2072 2088 2087
f 2072 2073 2089 2088
f 2073 2074 2090 2089
f 2074 2075 2091 2090
f 2075 2076 2092 2091
f 2076 2077 2093 2092
f 2077 2078 2094 2093
f 2078 2079 2095 2094
f 2079 2080 2096 2095
f 2080 2065 2081 2096
f 2081 2082 2098 2097
f 2082 2083 2099 2098
f 2083 2084 2100 2099
f 2084 2085 2101 2100
f 2085 2086 2102 2101
f 2086 2087 2103 2102
f 2087 2088 2104 2103
f 2088 2089 2105 2104
f 2089 2090 2106 2105
f 2090 2091 2107 2106
f 2091 2092 2108 2107
f 2092 2093 2109 2108
f 2093 2094 2110 2109
f 2094 2095 2111 2110
f 2095 2096 2112 2111
f 2096 2081 2097 2112
f 2113 2114 2130 2129
f 2114 2115 2131 2130
f 2115 2116 2132 2131
f 2116 2117 2133 2132
f 2117 2118 2134 2133
f 2118 2119 2135 2134
f 2119 2120 2136 2135
f 2120 2121 2137 2136
f 2121 2122 2138 2137
f 2122 2123 2139 2138
f 2123 2124 2140 2139
f 2124 2125 2141 2140
f 2125 2126 2142 2141
f 2126 2127 2143 2142
f 2127 2128 2144 2143
f 2128 2113 2129 2144
f 2129 2130 2146 2145
f 2130 2131 2147 2146
f 2131 2132 2148 2147
f 2132 2133 2149 2148
f 2133 2134 2150 2149
f 2134 2135 2151 2150
f 2135 2136 2152 2151
f 2136 2137 2153 2152
f 2137 2138 2154 2153
f 2138 2139 2155 2154
f 2139 2140 2156 2155
f 2140 2141 2157 2156
f 2141 2142 2158 2157
f 2142 2143 2159 2158
f 2143 2144 2160 2159
f 2144 2129 2145 2160
f 2145 2146 2162 2161
f 2146 2147 2163 2162
f 2147 2148 2164 2163
f 2148 2149 2165 2164
f 2149 2150 2166 2165
f 2150 2151 2167 2166
f 2151 2152 2168 2167
f 2152 2153 2169 2168
f 2153 2154 2170 2169
f 2154 2155 2171 2170
f 2155 2156 2172 2171
f 2156 2157 2173 2172
f 2157 2158 2174 2173
f 2158 2159 2175 2174
f 2159 2160 2176 2175
f 2160 2145 2161 2176
f 2161 2162 2178 2177
f 2162 2163 2179 2178
f 2163 2164 2180 2179
f 2164 2165 2181 2180
f 2165 2166 2182 2181
f 2166 2167 2183 2182
f 2167 2168 2184 2183
f 2168 2169 2185 2184
f 2169 2170 2186 2185
f 2170 2171 2187 2186
f 2171 2172 2188 2187
f 2172 2173 2189 2188
f 2173 2174 2190 2189
f 2174 2175 2191 2190
f 2175 2176 2192 2191
f 2176 2161 2177 2192
f 2177 2178 2194 2193
f 2178 2179 2195 2194
f 2179 2180 2196 2195
f 2180 2181 2197 2196
f 2181 2182 2198 2197
f 2182 2183 2199 2198
f 2183 2184 2200 2199
f 2184 2185 2201 2200
f 2185 2186 2202 2201
f 2186 2187 2203 2202
f 2187 2188 2204 2203
f 2188 2189 2205 2204
f 2189 2190 2206 2205
f 2190 2191 2207 2206
f 2191 2192 2208 2207
f 2192 2177 2193 2208
f 2193 2194 2210 2209
f 2194 2195 2211 2210
f 2195 2196 2212 2211
f 2196 2197 2213 2212
f 2197 2198 2214 2213
f 2198 2199 2215 2214
f 2199 2200 2216 2215
f 2200 2201 2217 2216
f 2201 2202 2218 2217
f 2202 2203 2219 2218
f 2203 2204 2220 2219
f 2204 2205 2221 2220
f 2205 2206 2222 2221
f 2206 2207 2223 2222
f 2207 2208 2224 2223
f 2208 2193 2209 2224
f 2209 2210 2226 2225
f 2210 2211 2227 2226
f 2211 2212 2228 2227
f 2212 2213 2229 2228
f 2213 2214 2230 2229
f 2214 2215 2231 2230
f 2215 2216 2232 2231
f 2216 2217 2233 2232
f 2217 2218 2234 2233
f 2218 2219 2235 2234
f 2219 2220 2236 2235
f 2220 2221 2237 2236
f 2221 2222 2238 2237
f 2222 2223 2239 2238
f 2223 2224 2240 2239
f 2224 2209 2225 2240
f 2225 2226 2242 2241
f 2226 2227 2243 2242
f 2227 2228 2244 2243
f 2228 2229 2245 2244
f 2229 2230 2246 2245
f 2230 2231 2247 2246
f 2231 2232 2248 2247
f 2232 2233 2249 2248
f 2233 2234 2250 2249
f 2234 2235 2251 2250
f 2235 2236 2252 2251
f 2236 2237 2253 2252
f 2237 2238 2254 2253
f 2238 2239 2255 2254
f 2239 2240 2256 2255
f 2240 2225 2241 2256
f 2241 2242 2258 2257
f 2242 2243 2259 2258
f 2243 2244 2260 2259
f 2244 2245 2261 2260
f 2245 2246 2262 2261
f 2246 2247 2263 2262
f 2247 2248 2264 2263
f 2248 2249 2265 2264
f 2249 2250 2266 2265
f 2250 2251 2267 2266
f 2251 2252 2268 2267
f 2252 2253 2269 2268
f 2253 2254 2270 2269
f 2254 2255 2271 2270
f 2255 2256 2272 2271
f 2256 2241 2257 2272
f 2257 2258 2274 2273
f 2258 2259 2275 2274
f 2259 2260 2276 2275
f 2260 2261 2277 2276
f 2261 2262 2278 2277
f 2262 2263 2279 2278
f 2263 2264 2280 2279
f 2264 2265 2281 2280
f 2265 2266 2282 2281
f 2266 2267 2283 2282
f 2267 2268 2284 2283
f 2268 2269 2285 2284
f 2269 2270 2286 2285
f 2270 2271 2287 2286
f 2271 2272 2288 2287
f 2272 2257 2273 2288
f 2289 2290 2306 2305
f 2290 2291 2307 2306
f 2291 2292 2308 2307
f 2292 2293 2309 2308
f 2293 2294 2310 2309
f 2294 2295 2311 2310
f 2295 2296 2312 2311
f 2296 2297 2313 2312
f 2297 2298 2314 2313
f 2298 2299 2315 2314
f 2299 2300 2316 2315
f 2300 2301 2317 2316
f 2301 2302 2318 2317
f 2302 2303 2319 2318
f 2303 2304 2320 2319
f 2304 2289 2305 2320
f 2305 2306 2322 2321
f 2306 2307 2323 2322
f 2307 2308 2324 2323
f 2308 2309 2325 2324
f 2309 2310 2326 2325
f 2310 2311 2327 2326
f 2311 2312 2328 2327
f 2312 2313 2329 2328
f 2313 2314 2330 2329
f 2314 2315 2331 2330
f 2315 2316 2332 2331
f 2316 2317 2333 2332
f 2317 2318 2334 2333
f 2318 2319 2335 2334
f 2319 2320 2336 2335
f 2320 2305 2321 2336
f 2321 2322 2338 2337
f 2322 2323 2339 2338
f 2323 2324 2340 2339
f 2324 2325 2341 2340
f 2325 2326 2342 2341
f 2326 2327 2343 2342
f 2327 2328 2344 2343
f 2328 2329 2345 2344
f 2329 2330 2346 2345
f 2330 2331 2347 2346
f 2331 2332 2348 2347
f 2332 2333 2349 2348
f 2333 2334 2350 2349
f 2334 2335 2351 2350
f 2335 2336 2352 2351
f 2336 2321 2337 2352
f 2337 2338 2354 2353
f 2338 2339 2355 2354
f 2339 2340 2356 2355
f 2340 2341 2357 2356
f 2341 2342 2358 2357
f 2342 2343 2359 2358
f 2343 2344 2360 2359
f 2344 2345 2361 2360
f 2345 2346 2362 2361
f 2346 2347 2363 2362
f 2347 2348 2364 2363
f 2348 2349 2365 2364
f 2349 2350 2366 2365
f 2350 2351 2367 2366
f 2351 2352 2368 2367
f 2352 2337 2353 2368
f 2353 2354 2370 2369
f 2354 2355 2371 2370
f 2355 2356 2372 2371
f 2356 2357 2373 2372
f 2357 2358 2374 2373
f 2358 2359 2375 2374
f 2359 2360 2376 2375
f 2360 2361 2377 2376
f 2361 2362 2378 2377
f 2362 2363 2379 2378
f 2363 2364 2380 2379
f 2364 2365 2381 2380
f 2365 2366 2382 2381
f 2366 2367 2383 2382
f 2367 2368 2384 2383
f 2368 2353 2369 2384
f 2369 2370 2386 2385
f 2370 2371 2387 2386
f 2371 2372 2388 2387
f 2372 2373 2389 2388
f 2373 2374 2390 2389
f 2374 2375 2391 2390
f 2375 2376 2392 2391
f 2376 2377 2393 2392
f 2377 2378 2394 2393
f 2378 2379 2395 2394
f 2379 2380 2396 2395
f 2380 2381 2397 2396
f 2381 2382 2398 2397
f 2382 2383 2399 2398
f 2383 2384 2400 2399
f 2384 2369 2385 2400
f 2385 2386 2402 2401
f 2386 2387 2403 2402
f 2387 2388 2404 2403
f 2388 2389 2405 2404
f 2389 2390 2406 2405
f 2390 2391 2407 2406
f 2391 2392 2408 2407
f 2392 2393 2409 2408
f 2393 2394 2410 2409
f 2394 2395 2411 2410
f 2395 2396 2412 2411
f 2396 2397 2413 2412
f 2397 2398 2414 2413
f 2398 2399 2415 2414
f 2399 2400 2416 2415
f 2400 2385 2401 2416
f 2401 2402 2418 2417
f 2402 2403 2419 2418
f 2403 2404 2420 2419
f 2404 2405 2421 2420
f 2405 2406 2422 2421
f 2406 2407 2423 2422
f 2407 2408 2424 2423
f 2408 2409 2425 2424
f 2409 2410 2426 2425
f 2410 2411 2427 2426
f 2411 2412 2428 2427
f 2412 2413 2429 2428
f 2413 2414 2430 2429
f 2414 2415 2431 2430
f 2415 2416 2432 2431
f 2416 2401 2417 2432
f 2417 2418 2434 2433
f 2418 2419 2435 2434
f 2419 2420 2436 2435
f 2420 2421 2437 2436
f 2421 2422 2438 2437
f 2422 2423 2439 2438
f 2423 2424 2440 2439
f 2424 2425 2441 2440
f 2425 2426 2442 2441
f 2426 2427 2443 2442
f 2427 2428 2444 2443
f 2428 2429 2445 2444
f 2429 2430 2446 2445
f 2430 2431 2447 2446
f 2431 2432 2448 2447
f 2432 2417 2433 2448
f 2433 2434 2450 2449
f 2434 2435 2451 2450
f 2435 2436 2452 2451
f 2436 2437 2453 2452
f 2437 2438 2454 2453
f 2438 2439 2455 2454
f 2439 2440 2456 2455
f 2440 2441 2457 2456
f 2441 2442 2458 2457
f 2442 2443 2459 2458
f 2443 2444 2460 2459
f 2444 2445 2461 2460
f 2445 2446 2462 2461
f 2446 2447 2463 2462
f 2447 2448 2464 2463
f 2448 2433 2449 2464
f 2465 2466 2482 2481
f 2466 2467 2483 2482
f 2467 2468 2484 2483
f 2468 2469 2485 2484
f 2469 2470 2486 2485
f 2470 2471 2487 2486
f 2471 2472 2488 2487
f 2472 2473 2489 2488
f 2473 2474 2490 2489
f 2474 2475 2491 2490
f 2475 2476 2492 2491
f 2476 2477 2493 2492
f 2477 2478 2494 2493
f 2478 2479 2495 2494
f 2479 2480 2496 2495
f 2480 2465 2481 2496
f 2481 2482 2498 2497
f 2482 2483 2499 2498
f 2483 2484 2500 2499
f 2484 2485 2501 2500
f 2485 2486 2502 2501
f 2486 2487 2503 2502
f 2487 2488 2504 2503
f 2488 2489 2505 2504
f 2489 2490 2506 2505
f 2490 2491 2507 2506
f 2491 2492 2508 2507
f 2492 2493 2509 2508
f 2493 2494 2510 2509
f 2494 2495 2511 2510
f 2495 2496 2512 2511
f 2496 2481 2497 2512
f 2497 2498 2514 2513
f 2498 2499 2515 2514
f 2499 2500 2516 2515
f 2500 2501 2517 2516
f 2501 2502 2518 2517
f 2502 2503 2519 2518
f 2503 2504 2520 2519
f 2504 2505 2521 2520
f 2505 2506 2522 2521
f 2506 2507 2523 2522
f 2507 2508 2524 2523
f 2508 2509 2525 2524
f 2509 2510 2526 2525
f 2510 2511 2527 2526
f 2511 2512 2528 2527
f 2512 2497 2513 2528
f 2513 2514 2530 2529
f 2514 2515 2531 2530
f 2515 2516 2532 2531
f 2516 2517 2533 2532
f 2517 2518 2534 2533
f 2518 2519 2535 2534
f 2519 2520 2536 2535
f 2520 2521 2537 2536
f 2521 2522 2538 2537
f 2522 2523 2539 2538
f 2523 2524 2540 2539
f 2524 2525 2541 2540
f 2525 2526 2542 2541
f 2526 2527 2543 2542
f 2527 2528 2544 2543
f 2528 2513 2529 2544
f 2529 2530 2546 2545
f 2530 2531 2547 2546
f 2531 2532 2548 2547
f 2532 2533 2549 2548
f 2533 2534 2550 2549
f 2534 2535 2551 2550
f 2535 2536 2552 2551
f 2536 2537 2553 2552
f 2537 2538 2554 2553
f 2538 2539 2555 2554
f 2539 2540 2556 2555
f 2540 2541 2557 2556
f 2541 2542 2558 2557
f 2542 2543 2559 2558
f 2543 2544 2560 2559
f 2544 2529 2545 2560
f 2545 2546 2562 2561
f 2546 2547 2563 2562
f 2547 2548 2564 2563
f 2548 2549 2565 2564
f 2549 2550 2566 2565
f 2550 2551 2567 2566
f 2551 2552 2568 2567
f 2552 2553 2569 2568
f 2553 2554 2570 2569
f 2554 2555 2571 2570
f 2555 2556 2572 2571
f 2556 2557 2573 2572
f 2557 2558 2574 2573
f 2558 2559 2575 2574
f 2559 2560 2576 2575
f 2560 2545 2561 2576
f 2561 2562 2578 2577
f 2562 2563 2579 2578
f 2563 2564 2580 2579
f 2564 2565 2581 2580
f 2565 2566 2582 2581
f 2566 2567 2583 2582
f 2567 2568 2584 2583
f 2568 2569 2585 2584
f 2569 2570 2586 2585
f 2570 2571 2587 2586
f 2571 2572 2588 2587
f 2572 2573 2589 2588
f 2573 2574 2590 2589
f 2574 2575 2591 2590
f 2575 2576 2592 2591
f 2576 2561 2577 2592
f 2577 2578 2594 2593
f 2578 2579 2595 2594
f 2579 2580 2596 2595
f 2580 2581 2597 2596
f 2581 2582 2598 2597
f 2582 2583 2599 2598
f 2583 2584 2600 2599
f 2584 2585 2601 2600
f 2585 2586 2602 2601
f 2586 2587 2603 2602
f 2587 2588 2604 2603
f 2588 2589 2605 2604
f 2589 2590 2606 2605
f 2590 2591 2607 2606
f 2591 2592 2608 2607
f 2592 2577 2593 2608
f 2593 2594 2610 2609
f 2594 2595 2611 2610
f 2595 2596 2612 2611
f 2596 2597 2613 2612
f 2597 2598 2614 2613
f 2598 2599 2615 2614
f 2599 2600 2616 2615
f 2600 2601 2617 2616
f 2601 2602 2618 2617
f 2602 2603 2619 2618
f 2603 2604 2620 2619
f 2604 2605 2621 2620
f 2605 2606 2622 2621
f 2606 2607 2623 2622
f 2607 2608 2624 2623
f 2608 2593 2609 2624
f 2609 2610 2626 2625
f 2610 2611 2627 2626
f 2611 2612 2628 2627
f 2612 2613 2629 2628
f 2613 2614 2630 2629
f 2614 2615 2631 2630
f 2615 2616 2632 2631
f 2616 2617 2633 2632
f 2617 2618 2634 2633
f 2618 2619 2635 2634
f 2619 2620 2636 2635
f 2620 2621 2637 2636
f 2621 2622 2638 2637
f 2622 2623 2639 2638
f 2623 2624 2640 2639
f 2624 2609 2625 2640
f 2641 2642 2658 2657
f 2642 2643 2659 2658
f 2643 2644 2660 2659
f 2644 2645 2661 2660
f 2645 2646 2662 2661
f 2646 2647 2663 2662
f 2647 2648 2664 2663
f 2648 2649 2665 2664
f 2649 2650 2666 2665
f 2650 2651 2667 2666
f 2651 2652 2668 2667
f 2652 2653 2669 2668
f 2653 2654 2670 2669
f 2654 2655 2671 2670
f 2655 2656 2672 2671
f 2656 2641 2657 2672
f 2657 2658 2674 2673
f 2658 2659 2675 2674
f 2659 2660 2676 2675
f 2660 2661 2677 2676
f 2661 2662 2678 2677
f 2662 2663 2679 2678
f 2663 2664 2680 2679
f 2664 2665 2681 2680
f 2665 2666 2682 2681
f 2666 2667 2683 2682
f 2667 2668 2684 2683
f 2668 2669 2685 2684
f 2669 2670 2686 2685
f 2670 2671 2687 2686
f 2671 2672 2688 2687
f 2672 2657 2673 2688
f 2673 2674 2690 2689
f 2674 2675 2691 2690
f 2675 2676 2692 2691
f 2676 2677 2693 2692
f 2677 2678 2694 2693
f 2678 2679 2695 2694
f 2679 2680 2696 2695
f 2680 2681 2697 2696
f 2681 2682 2698 2697
f 2682 2683 2699 2698
f 2683 2684 2700 2699
f 2684 2685 2701 2700
f 2685 2686 2702 2701
f 2686 2687 2703 2702
f 2687 2688 2704 2703
f 2688 2673 2689 2704
f 2689 2690 2706 2705
f 2690 2691 2707 2706
f 2691 2692 2708 2707
f 2692 2693 2709 2708
f 2693 2694 2710 2709
f 2694 2695 2711 2710
f 2695 2696 2712 2711
f 2696 2697 2713 2712
f 2697 2698 2714 2713
f 2698 2699 2715 2714
f 2699 2700 2716 2715
f 2700 2701 2717 2716
f 2701 2702 2718 2717
f 2702 2703 2719 2718
f 2703 2704 2720 2719
f 2704 2689 2705 2720
f 2705 2706 2722 2721
f 2706 2707 2723 2722
f 2707 2708 2724 2723
f 2708 2709 2725 2724
f 2709 2710 2726 2725
f 2710 2711 2727 2726
f 2711 2712 2728 2727
f 2712 2713 2729 2728
f 2713 2714 2730 2729
f 2714 2715 2731 2730
f 2715 2716 2732 2731
f 2716 2717 2733 2732
f 2717 2718 2734 2733
f 2718 2719 2735 2734
f 2719 2720 2736 2735
f 2720 2705 2721 2736
f 2721 2722 2738 2737
f 2722 2723 2739 2738
f 2723 2724 2740 2739
f 2724 2725 2741 2740
f 2725 2726 2742 2741
f 2726 2727 2743 2742
f 2727 2728 2744 2743
f 2728 2729 2745 2744
f 2729 2730 2746 2745
f 2730 2731 2747 2746
f 2731 2732 2748 2747
f 2732 2733 2749 2748
f 2733 2734 2750 2749
f 2734 2735 2751 2750
f 2735 2736 2752 2751
f 2736 2721 2737 2752
f 2737 2738 2754 2753
f 2738 2739 2755 2754
f 2739 2740 2756 2755
f 2740 2741 2757 2756
f 2741 2742 2758 2757
f 2742 2743 2759 2758
f 2743 2744 2760 2759
f 2744 2745 2761 2760
f 2745 2746 2762 2761
f 2746 2747 2763 2762
f 2747 2748 2764 2763
f 2748 2749 2765 2764
f 2749 2750 2766 2765
f 2750 2751 2767 2766
f 2751 2752 2768 2767
f 2752 2737 2753 2768
f 2753 2754 2770 2769
f 2754 2755 2771 2770
f 2755 2756 2772 2771
f 2756 2757 2773 2772
f 2757 2758 2774 2773
f 2758 2759 2775 2774
f 2759 2760 2776 2775
f 2760 2761 2777 2776
f 2761 2762 2778 2777
f 2762 2763 2779 2778
f 2763 2764 2780 2779
f 2764 2765 2781 2780
f 2765 2766 2782 2781
f 2766 2767 2783 2782
f 2767 2768 2784 2783
f 2768 2753 2769 2784
f 2769 2770 2786 2785
f 2770 2771 2787 2786
f 2771 2772 2788 2787
f 2772 2773 2789 2788
f 2773 2774 2790 2789
f 2774 2775 2791 2790
f 2775 2776 2792 2791
f 2776 2777 2793 2792
f 2777 2778 2794 2793
f 2778 2779 2795 2794
f 2779 2780 2796 2795
f 2780 2781 2797 2796
f 2781 2782 2798 2797
f 2782 2783 2799 2798
f 2783 2784 2800 2799
f 2784 2769 2785 2800
f 2785 2786 2802 2801
f 2786 2787 2803 2802
f 2787 2788 2804 2803
f 2788 2789 2805 2804
f 2789 2790 2806 2805
f 2790 2791 2807 2806
f 2791 2792 2808 2807
f 2792 2793 2809 2808
f 2793 2794 2810 2809
f 2794 2795 2811 2810
f 2795 2796 2812 2811
f 2796 2797 2813 2812
f 2797 2798 2814 2813
f 2798 2799 2815 2814
f 2799 2800 2816 2815
f 2800 2785 2801 2816
f 2817 2818 2834 2833
f 2818 2819 2835 2834
f 2819 2820 2836 2835
f 2820 2821 2837 2836
f 2821 2822 2838 2837
f 2822 2823 2839 2838
f 2823 2824 2840 2839
f 2824 2825 2841 2840
f 2825 2826 2842 2841
f 2826 2827 2843 2842
f 2827 2828 2844 2843
f 2828 2829 2845 2844
f 2829 2830 2846 2845
f 2830 2831 2847 2846
f 2831 2832 2848 2847
f 2832 2817 2833 2848
f 2833 2834 2850 2849
f 2834 2835 2851 2850
f 2835 2836 2852 2851
f 2836 2837 2853 2852
f 2837 2838 2854 2853
f 2838 2839 2855 2854
f 2839 2840 2856 2855
f 2840 2841 2857 2856
f 2841 2842 2858 2857
f 2842 2843 2859 2858
f 2843 2844 2860 2859
f 2844 2845 2861 2860
f 2845 2846 2862 2861
f 2846 2847 2863 2862
f 2847 2848 2864 2863
f 2848 2833 2849 2864
f 2849 2850 2866 2865
f 2850 2851 2867 2866
f 2851 2852 2868 2867
f 2852 2853 2869 2868
f 2853 2854 2870 2869
f 2854 2855 2871 2870
f 2855 2856 2872 2871
f 2856 2857 2873 2872
f 2857 2858 2874 2873
f 2858 2859 2875 2874
f 2859 2860 2876 2875
f 2860 2861 2877 2876
f 2861 2862 2878 2877
f 2862 2863 2879 2878
f 2863 2864 2880 2879
f 2864 2849 2865 2880
f 2865 2866 2882 2881
f 2866 2867 2883 2882
f 2867 2868 2884 2883
f 2868 2869 2885 2884
f 2869 2870 2886 2885
f 2870 2871 2887 2886
f 2871 2872 2888 2887
f 2872 2873 2889 2888
f 2873 2874 2890 2889
f 2874 2875 2891 2890
f 2875 2876 2892 2891
f 2876 2877 2893 2892
f 2877 2878 2894 2893
f 2878 2879 2895 2894
f 2879 2880 2896 2895
f 2880 2865 2881 2896
f 2881 2882 2898 2897
f 2882 2883 2899 2898
f 2883 2884 2900 2899
f 2884 2885 2901 2900
f 2885 2886 2902 2901
f 2886 2887 2903 2902
f 2887 2888 2904 2903
f 2888 2889 2905 2904
f 2889 2890 2906 2905
f 2890 2891 2907 2906
f 2891 2892 2908 2907
f 2892 2893 2909 2908
f 2893 2894 2910 2909
f 2894 2895 2911 2910
f 2895 2896 2912 2911
f 2896 2881 2897 2912
f 2897 2898 2914 2913
f 2898 2899 2915 2914
f 2899 2900 2916 2915
f 2900 2901 2917 2916
f 2901 2902 2918 2917
f 2902 2903 2919 2918
f 2903 2904 2920 2919
f 2904 2905 2921 2920
f 2905 2906 2922 2921
f 2906 2907 2923 2922
f 2907 2908 2924 2923
f 2908 2909 2925 2924
f 2909 2910 2926 2925
f 2910 2911 2927 2926
f 2911 2912 2928 2927
f 2912 2897 2913 2928
f 2913 2914 2930 2929
f 2914 2915 2931 2930
f 2915 2916 2932 2931
f 2916 2917 2933 2932
f 2917 2918 2934 2933
f 2918 2919 2935 2934
f 2919 2920 2936 2935
f 2920 2921 2937 2936
f 2921 2922 2938 2937
f 2922 2923 2939 2938
f 2923 2924 2940 2939
f 2924 2925 2941 2940
f 2925 2926 2942 2941
f 2926 2927 2943 2942
f 2927 2928 2944 2943
f 2928 2913 2929 2944
f 2929 2930 2946 2945
f 2930 2931 2947 2946
f 2931 2932 2948 2947
f 2932 2933 2949 2948
f 2933 2934 2950 2949
f 2934 2935 2951 2950
f 2935 2936 2952 2951
f 2936 2937 2953 2952
f 2937 2938 2954 2953
f 2938 2939 2955 2954
f 2939 2940 2956 2955
f 2940 2941 2957 2956
f 2941 2942 2958 2957
f 2942 2943 2959 2958
f 2943 2944 2960 2959
f 2944 2929 2945 2960
f 2945 2946 2962 2961
f 2946 2947 2963 2962
f 2947 2948 2964 2963
f 2948 2949 2965 2964
f 2949 2950 2966 2965
f 2950 2951 2967 2966
f 2951 2952 2968 2967
f 2952 2953 2969 2968
f 2953 2954 2970 2969
f 2954 2955 2971 2970
f 2955 2956 2972 2971
f 2956 2957 2973 2972
f 2957 2958 2974 2973
f 2958 2959 2975 2974
f 2959 2960 2976 2975
f 2960 2945 2961 2976
f 2961 2962 2978 2977
f 2962 2963 2979 2978
f 2963 2964 2980 2979
f 2964 2965 2981 2980
f 2965 2966 2982 2981
f 2966 2967 2983 2982
f 2967 2968 2984 2983
f 2968 2969 2985 2984
f 2969 2970 2986 2985
f 2970 2971 2987 2986
f 2971 2972 2988 2987
f 2972 2973 2989 2988
f 2973 2974 2990 2989
f 2974 2975 2991 2990
f 2975 2976 2992 2991
f 2976 2961 2977 2992
f 2993 2994 3010 3009
f 2994 2995 3011 3010
f 2995 2996 3012 3011
f 2996 2997 3013 3012
f 2997 2998 3014 3013
f 2998 2999 3015 3014
f 2999 3000 3016 3015
f 3000 3001 3017 3016
f 3001 3002 3018 3017
f 3002 3003 3019 3018
f 3003 3004 3020 3019
f 3004 3005 3021 3020
f 3005 3006 3022 3021
f 3006 3007 3023 3022
f 3007 3008 3024 3023
f 3008 2993 3009 3024
f 3009 3010 3026 3025
f 3010 3011 3027 3026
f 3011 3012 3028 3027
f 3012 3013 3029 3028
f 3013 3014 3030 3029
f 3014 3015 3031 3030
f 3015 3016 3032 3031
f 3016 3017 3033 3032
f 3017 3018 3034 3033
f 3018 3019 3035 3034
f 3019 3020 3036 3035
f 3020 3021 3037 3036
f 3021 3022 3038 3037
f 3022 3023 3039 3038
f 3023 3024 3040 3039
f 3024 3009 3025 3040
f 3025 3026 3042 3041
f 3026 3027 3043 3042
f 3027 3028 3044 3043
f 3028 3029 3045 3044
f 3029 3030 3046 3045
f 3030 3031 3047 3046
f 3031 3032 3048 3047
f 3032 3033 3049 3048
f 3033 3034 3050 3049
f 3034 3035 3051 3050
f 3035 3036 3052 3051
f 3036 3037 3053 3052
f 3037 3038 3054 3053
f 3038 3039 3055 3054
f 3039 3040 3056 3055
f 3040 3025 3041 3056
f 3041 3042 3058 3057
f 3042 3043 3059 3058
f 3043 3044 3060 3059
f 3044 3045 3061 3060
f 3045 3046 3062 3061
f 3046 3047 3063 3062
f 3047 3048 3064 3063
f 3048 3049 3065 3064
f 3049 3050 3066 3065
f 3050 3051 3067 3066
f 3051 3052 3068 3067
f 3052 3053 3069 3068
f 3053 3054 3070 3069
f 3054 3055 3071 3070
f 3055 3056 3072 3071
f 3056 3041 3057 3072
f 3057 3058 3074 3073
f 3058 3059 3075 3074
f 3059 3060 3076 3075
f 3060 3061 3077 3076
f 3061 3062 3078 3077
f 3062 3063 3079 3078
f 3063 3064 3080 3079
f 3064 3065 3081 3080
f 3065 3066 3082 3081
f 3066 3067 3083 3082
f 3067 3068 3084 3083
f 3068 3069 3085 3084
f 3069 3070 3086 3085
f 3070 3071 3087 3086
f 3071 3072 3088 3087
f 3072 3057 3073 3088
f 3073 3074 3090 3089
f 3074 3075 3091 3090
f 3075 3076 3092 3091
f 3076 3077 3093 3092
f 3077 3078 3094 3093
f 3078 3079 3095 3094
f 3079 3080 3096 3095
f 3080 3081 3097 3096
f 3081 3082 3098 3097
f 3082 3083 3099 3098
f 3083 3084 3100 3099
f 3084 3085 3101 3100
f 3085 3086 3102 3101
f 3086 3087 3103 3102
f 3087 3088 3104 3103
f 3088 3073 3089 3104
f 3089 3090 3106 3105
f 3090 3091 3107 3106
f 3091 3092 3108 3107
f 3092 3093 3109 3108
f 3093 3094 3110 3109
f 3094 3095 3111 3110
f 3095 3096 3112 3111
f 3096 3097 3113 3112
f 3097 3098 3114 3113
f 3098 3099 3115 3114
f 3099 3100 3116 3115
f 3100 3101 3117 3116
f 3101 3102 3118 3117
f 3102 3103 3119 3118
f 3103 3104 3120 3119
f 3104 3089 3105 3120
f 3105 3106 3122 3121
f 3106 3107 3123 3122
f 3107 3108 3124 3123
f 3108 3109 3125 3124
f 3109 3110 3126 3125
f 3110 3111 3127 3126
f 3111 3112 3128 3127
f 3112 3113 3129 3128
f 3113 3114 3130 3129
f 3114 3115 3131 3130
f 3115 3116 3132 3131
f 3116 3117 3133 3132
f 3117 3118 3134 3133
f 3118 3119 3135 3134
f 3119 3120 3136 3135
f 3120 3105 3121 3136
f 3121 3122 3138 3137
f 3122 3123 3139 3138
f 3123 3124 3140 3139
f 3124 3125 3141 3140
f 3125 3126 3142 3141
f 3126 3127 3143 3142
f 3127 3128 3144 3143
f 3128 3129 3145 3144
f 3129 3130 3146 3145
f 3130 3131 3147 3146
f 3131 3132 3148 3147
f 3132 3133 3149 3148
f 3133 3134 3150 3149
f 3134 3135 3151 3150
f 3135 3136 3152 3151
f 3136 3121 3137 3152
f 3137 3138 3154 3153
f 3138 3139 3155 3154
f 3139 3140 3156 3155
f 3140 3141 3157 3156
f 3141 3142 3158 3157
f 3142 3143 3159 3158
f 3143 3144 3160 3159
f 3144 3145 3161 3160
f 3145 3146 3162 3161
f 3146 3147 3163 3162
f 3147 3148 3164 3163
f 3148 3149 3165 3164
f 3149 3150 3166 3165
f 3150 3151 3167 3166
f 3151 3152 3168 3167
f 3152 3137 3153 3168
f 3169 3170 3186 3185
f 3170 3171 3187 3186
f 3171 3172 3188 3187
f 3172 3173 3189 3188
f 3173 3174 3190 3189
f 3174 3175 3191 3190
f 3175 3176 3192 3191
f 3176 3177 3193 3192
f 3177 3178 3194 3193
f 3178 3179 3195 3194
f 3179 3180 3196 3195
f 3180 3181 3197 3196
f 3181 3182 3198 3197
f 3182 3183 3199 3198
f 3183 3184 3200 3199
f 3184 3169 3185 3200
f 3185 3186 3202 3201
f 3186 3187 3203 3202
f 3187 3188 3204 3203
f 3188 3189 3205 3204
f 3189 3190 3206 3205
f 3190 3191 3207 3206
f 3191 3192 3208 3207
f 3192 3193 3209 3208
f 3193 3194 3210 3209
f 3194 3195 3211 3210
f 3195 3196 3212 3211
f 3196 3197 3213 3212
f 3197 3198 3214 3213
f 3198 3199 3215 3214
f 3199 3200 3216 3215
f 3200 3185 3201 3216
f 3201 3202 3218 3217
f 3202 3203 3219 3218
f 3203 3204 3220 3219
f 3204 3205 3221 3220
f 3205 3206 3222 3221
f 3206 3207 3223 3222
f 3207 3208 3224 3223
f 3208 3209 3225 3224
f 3209 3210 3226 3225
f 3210 3211 3227 3226
f 3211 3212 3228 3227
f 3212 3213 3229 3228
f 3213 3214 3230 3229
f 3214 3215 3231 3230
f 3215 3216 3232 3231
f 3216 3201 3217 3232
f 3217 3218 3234 3233
f 3218 3219 3235 3234
f 3219 3220 3236 3235
f 3220 3221 3237 3236
f 3221 3222 3238 3237
f 3222 3223 3239 3238
f 3223 3224 3240 3239
f 3224 3225 3241 3240
f 3225 3226 3242 3241
f 3226 3227 3243 3242
f 3227 3228 3244 3243
f 3228 3229 3245 3244
f 3229 3230 3246 3245
f 3230 3231 3247 3246
f 3231 3232 3248 3247
f 3232 3217 3233 3248
f 3233 3234 3250 3249
f 3234 3235 3251 3250
f 3235 3236 3252 3251
f 3236 3237 3253 3252
f 3237 3238 3254 3253
f 3238 3239 3255 3254
f 3239 3240 3256 3255
f 3240 3241 3257 3256
f 3241 3242 3258 3257
f 3242 3243 3259 3258
f 3243 3244 3260 3259
f 3244 3245 3261 3260
f 3245 3246 3262 3261
f 3246 3247 3263 3262
f 3247 3248 3264 3263
f 3248 3233 3249 3264
f 3249 3250 3266 3265
f 3250 3251 3267 3266
f 3251 3252 3268 3267
f 3252 3253 3269 3268
f 3253 3254 3270 3269
f 3254 3255 3271 3270
f 3255 3256 3272 3271
f 3256 3257 3273 3272
f 3257 3258 3274 3273
f 3258 3259 3275 3274
f 3259 3260 3276 3275
f 3260 3261 3277 3276
f 3261 3262 3278 3277
f 3262 3263 3279 3278
f 3263 3264 3280 3279
f 3264 3249 3265 3280
f 3265 3266 3282 3281
f 3266 3267 3283 3282
f 3267 3268 3284 3283
f 3268 3269 3285 3284
f 3269 3270 3286 3285
f 3270 3271 3287 3286
f 3271 3272 3288 3287
f 3272 3273 3289 3288
f 3273 3274 3290 3289
f 3274 3275 3291 3290
f 3275 3276 3292 3291
f 3276 3277 3293 3292
f 3277 3278 3294 3293
f 3278 3279 3295 3294
f 3279 3280 3296 3295
f 3280 3265 3281 3296
f 3281 3282 3298 3297
f 3282 3283 3299 3298
f 3283 3284 3300 3299
f 3284 3285 3301 3300
f 3285 3286 3302 3301
f 3286 3287 3303 3302
f 3287 3288 3304 3303
f 3288 3289 3305 3304
f 3289 3290 3306 3305
f 3290 3291 3307 3306
f 3291 3292 3308 3307
f 3292 3293 3309 3308
f 3293 3294 3310 3309
f 3294 3295 3311 3310
f 3295 3296 3312 3311
f 3296 3281 3297 3312
f 3297 3298 3314 3313
f 3298 3299 3315 3314
f 3299 3300 3316 3315
f 3300 3301 3317 3316
f 3301 3302 3318 3317
f 3302 3303 3319 3318
f 3303 3304 3320 3319
f 3304 3305 3321 3320
f 3305 3306 3322 3321
f 3306 3307 3323 3322
f 3307 3308 3324 3323
f 3308 3309 3325 3324
f 3309 3310 3326 3325
f 3310 3311 3327 3326
f 3311 3312 3328 3327
f 3312 3297 3313 3328
f 3313 3314 3330 3329
f 3314 3315 3331 3330
f 3315 3316 3332 3331
f 3316 3317 3333 3332
f 3317 3318 3334 3333
f 3318 3319 3335 3334
f 3319 3320 3336 3335
f 3320 3321 3337 3336
f 3321 3322 3338 3337
f 3322 3323 3339 3338
f 3323 3324 3340 3339
f 3324 3325 3341 3340
f 3325 3326 3342 3341
f 3326 3327 3343 3342
f 3327 3328 3344 3343
f 3328 3313 3329 3344
f 3345 3346 3362 3361
f 3346 3347 3363 3362
f 3347 3348 3364 3363
f 3348 3349 3365 3364
f 3349 3350 3366 3365
f 3350 3351 3367 3366
f 3351 3352 3368 3367
f 3352 3353 3369 3368
f 3353 3354 3370 3369
f 3354 3355 3371 3370
f 3355 3356 3372 3371
f 3356 3357 3373 3372
f 3357 3358 3374 3373
f 3358 3359 3375 3374
f 3359 3360 3376 3375
f 3360 3345 3361 3376
f 3361 3362 3378 3377
f 3362 3363 3379 3378
f 3363 3364 3380 3379
f 3364 3365 3381 3380
f 3365 3366 3382 3381
f 3366 3367 3383 3382
f 3367 3368 3384 3383
f 3368 3369 3385 3384
f 3369 3370 3386 3385
f 3370 3371 3387 3386
f 3371 3372 3388 3387
f 3372 3373 3389 3388
f 3373 3374 3390 3389
f 3374 3375 3391 3390
f 3375 3376 3392 3391
f 3376 3361 3377 3392
f 3377 3378 3394 3393
f 3378 3379 3395 3394
f 3379 3380 3396 3395
f 3380 3381 3397 3396
f 3381 3382 3398 3397
f 3382 3383 3399 3398
f 3383 3384 3400 3399
f 3384 3385 3401 3400
f 3385 3386 3402 3401
f 3386 3387 3403 3402
f 3387 3388 3404 3403
f 3388 3389 3405 3404
f 3389 3390 3406 3405
f 3390 3391 3407 3406
f 3391 3392 3408 3407
f 3392 3377 3393 3408
f 3393 3394 3410 3409
f 3394 3395 3411 3410
f 3395 3396 3412 3411
f 3396 3397 3413 3412
f 3397 3398 3414 3413
f 3398 3399 3415 3414
f 3399 3400 3416 3415
f 3400 3401 3417 3416
f 3401 3402 3418 3417
f 3402 3403 3419 3418
f 3403 3404 3420 3419
f 3404 3405 3421 3420
f 3405 3406 3422 3421
f 3406 3407 3423 3422
f 3407 3408 3424 3423
f 3408 3393 3409 3424
f 3409 3410 3426 3425
f 3410 3411 3427 3426
f 3411 3412 3428 3427
f 3412 3413 3429 3428
f 3413 3414 3430 3429
f 3414 3415 3431 3430
f 3415 3416 3432 3431
f 3416 3417 3433 3432
f 3417 3418 3434 3433
f 3418 3419 3435 3434
f 3419 3420 3436 3435
f 3420 3421 3437 3436
f 3421 3422 3438 3437
f 3422 3423 3439 3438
f 3423 3424 3440 3439
f 3424 3409 3425 3440
f 3425 3426 3442 3441
f 3426 3427 3443 3442
f 3427 3428 3444 3443
f 3428 3429 3445 3444
f 3429 3430 3446 3445
f 3430 3431 3447 3446
f 3431 3432 3448 3447
f 3432 3433 3449 3448
f 3433 3434 3450 3449
f 3434 3435 3451 3450
f 3435 3436 3452 3451
f 3436 3437 3453 3452
f 3437 3438 3454 3453
f 3438 3439 3455 3454
f 3439 3440 3456 3455
f 3440 3425 3441 3456
f 3441 3442 3458 3457
f 3442 3443 3459 3458
f 3443 3444 3460 3459
f 3444 3445 3461 3460
f 3445 3446 3462 3461
f 3446 3447 3463 3462
f 3447 3448 3464 3463
f 3448 3449 3465 3464
f 3449 3450 3466 3465
f 3450 3451 3467 3466
f 3451 3452 3468 3467
f 3452 3453 3469 3468
f 3453 3454 3470 3469
f 3454 3455 3471 3470
f 3455 3456 3472 3471
f 3456 3441 3457 3472
f 3457 3458 3474 3473
f 3458 3459 3475 3474
f 3459 3460 3476 3475
f 3460 3461 3477 3476
f 3461 3462 3478 3477
f 3462 3463 3479 3478
f 3463 3464 3480 3479
f 3464 3465 3481 3480
f 3465 3466 3482 3481
f 3466 3467 3483 3482
f 3467 3468 3484 3483
f 3468 3469 3485 3484
f 3469 3470 3486 3485
f 3470 3471 3487 3486
f 3471 3472 3488 3487
f 3472 3457 3473 3488
f 3473 3474 3490 3489
f 3474 3475 3491 3490
f 3475 3476 3492 3491
f 3476 3477 3493 3492
f 3477 3478 3494 3493
f 3478 3479 3495 3494
f 3479 3480 3496 3495
f 3480 3481 3497 3496
f 3481 3482 3498 3497
f 3482 3483 3499 3498
f 3483 3484 3500 3499
f 3484 3485 3501 3500
f 3485 3486 3502 3501
f 3486 3487 3503 3502
f 3487 3488 3504 3503
f 3488 3473 3489 3504
f 3489 3490 3506 3505
f 3490 3491 3507 3506
f 3491 3492 3508 3507
f 3492 3493 3509 3508
f 3493 3494 3510 3509
f 3494 3495 3511 3510
f 3495 3496 3512 3511
f 3496 3497 3513 3512
f 3497 3498 3514 3513
f 3498 3499 3515 3514
f 3499 3500 3516 3515
f 3500 3501 3517 3516
f 3501 3502 3518 3517
f 3502 3503 3519 3518
f 3503 3504 3520 3519
f 3504 3489 3505 3520
f 3521 3522 3538 3537
f 3522 3523 3539 3538
f 3523 3524 3540 3539
f 3524 3525 3541 3540
f 3525 3526 3542 3541
f 3526 3527 3543 3542
f 3527 3528 3544 3543
f 3528 3529 3545 3544
f 3529 3530 3546 3545
f 3530 3531 3547 3546
f 3531 3532 3548 3547
f 3532 3533 3549 3548
f 3533 3534 3550 3549
f 3534 3535 3551 3550
f 3535 3536 3552 3551
f 3536 3521 3537 3552
f 3537 3538 3554 3553
f 3538 3539 3555 3554
f 3539 3540 3556 3555
f 3540 3541 3557 3556
f 3541 3542 3558 3557
f 3542 3543 3559 3558
f 3543 3544 3560 3559
f 3544 3545 3561 3560
f 3545 3546 3562 3561
f 3546 3547 3563 3562
f 3547 3548 3564 3563
f 3548 3549 3565 3564
f 3549 3550 3566 3565
f 3550 3551 3567 3566
f 3551 3552 3568 3567
f 3552 3537 3553 3568
f 3553 3554 3570 3569
f 3554 3555 3571 3570
f 3555 3556 3572 3571
f 3556 3557 3573 3572
f 3557 3558 3574 3573
f 3558 3559 3575 3574
f 3559 3560 3576 3575
f 3560 3561 3577 3576
f 3561 3562 3578 3577
f 3562 3563 3579 3578
f 3563 3564 3580 3579
f 3564 3565 3581 3580
f 3565 3566 3582 3581
f 3566 3567 3583 3582
f 3567 3568 3584 3583
f 3568 3553 3569 3584
f 3569 3570 3586 3585
f 3570 3571 3587 3586
f 3571 3572 3588 3587
f 3572 3573 3589 3588
f 3573 3574 3590 3589
f 3574 3575 3591 3590
f 3575 3576 3592 3591
f 3576 3577 3593 3592
f 3577 3578 3594 3593
f 3578 3579 3595 3594
f 3579 3580 3596 3595
f 3580 3581 3597 3596
f 3581 3582 3598 3597
f 3582 3583 3599 3598
f 3583 3584 3600 3599
f 3584 3569 3585 3600
f 3585 3586 3602 3601
f 3586 3587 3603 3602
f 3587 3588 3604 3603
f 3588 3589 3605 3604
f 3589 3590 3606 3605
f 3590 3591 3607 3606
f 3591 3592 3608 3607
f 3592 3593 3609 3608
f 3593 3594 3610 3609
f 3594 3595 3611 3610
f 3595 3596 3612 3611
f 3596 3597 3613 3612
f 3597 3598 3614 3613
f 3598 3599 3615 3614
f 3599 3600 3616 3615
f 3600 3585 3601 3616
f 3601 3602 3618 3617
f 3602 3603 3619 3618
f 3603 3604 3620 3619
f 3604 3605 3621 3620
f 3605 3606 3622 3621
f 3606 3607 3623 3622
f 3607 3608 3624 3623
f 3608 3609 3625 3624
f 3609 3610 3626 3625
f 3610 3611 3627 3626
f 3611 3612 3628 3627
f 3612 3613 3629 3628
f 3613 3614 3630 3629
f 3614 3615 3631 3630
f 3615 3616 3632 3631
f 3616 3601 3617 3632
f 3617 3618 3634 3633
f 3618 3619 3635 3634
f 3619 3620 3636 3635
f 3620 3621 3637 3636
f 3621 3622 3638 3637
f 3622 3623 3639 3638
f 3623 3624 3640 3639
f 3624 3625 3641 3640
f 3625 3626 3642 3641
f 3626 3627 3643 3642
f 3627 3628 3644 3643
f 3628 3629 3645 3644
f 3629 3630 3646 3645
f 3630 3631 3647 3646
f 3631 3632 3648 3647
f 3632 3617 3633 3648
f 3633 3634 3650 3649
f 3634 3635 3651 3650
f 3635 3636 3652 3651
f 3636 3637 3653 3652
f 3637 3638 3654 3653
f 3638 3639 3655 3654
f 3639 3640 3656 3655
f 3640 3641 3657 3656
f 3641 3642 3658 3657
f 3642 3643 3659 3658
f 3643 3644 3660 3659
f 3644 3645 3661 3660
f 3645 3646 3662 3661
f 3646 3647 3663 3662
f 3647 3648 3664 3663
f 3648 3633 3649 3664
f 3649 3650 3666 3665
f 3650 3651 3667 3666
f 3651 3652 3668 3667
f 3652 3653 3669 3668
f 3653 3654 3670 3669
f 3654 3655 3671 3670
f 3655 3656 3672 3671
f 3656 3657 3673 3672
f 3657 3658 3674 3673
f 3658 3659 3675 3674
f 3659 3660 3676 3675
f 3660 3661 3677 3676
f 3661 3662 3678 3677
f 3662 3663 3679 3678
f 3663 3664 3680 3679
f 3664 3649 3665 3680
f 3665 3666 3682 3681
f 3666 3667 3683 3682
f 3667 3668 3684 3683
f 3668 3669 3685 3684
f 3669 3670 3686 3685
f 3670 3671 3687 3686
f 3671 3672 3688 3687
f 3672 3673 3689 3688
f 3673 3674 3690 3689
f 3674 3675 3691 3690
f 3675 3676 3692 3691
f 3676 3677 3693 3692
f 3677 3678 3694 3693
f 3678 3679 3695 3694
f 3679 3680 3696 3695
f 3680 3665 3681 3696
f 3697 3698 3714 3713
f 3698 3699 3715 3714
f 3699 3700 3716 3715
f 3700 3701 3717 3716
f 3701 3702 3718 3717
f 3702 3703 3719 3718
f 3703 3704 3720 3719
f 3704 3705 3721 3720
f 3705 3706 3722 3721
f 3706 3707 3723 3722
f 3707 3708 3724 3723
f 3708 3709 3725 3724
f 3709 3710 3726 3725
f 3710 3711 3727 3726
f 3711 3712 3728 3727
f 3712 3697 3713 3728
f 3713 3714 3730 3729
f 3714 3715 3731 3730
f 3715 3716 3732 3731
f 3716 3717 3733 3732
f 3717 3718 3734 3733
f 3718 3719 3735 3734
f 3719 3720 3736 3735
f 3720 3721 3737 3736
f 3721 3722 3738 3737
f 3722 3723 3739 3738
f 3723 3724 3740 3739
f 3724 3725 3741 3740
f 3725 3726 3742 3741
f 3726 3727 3743 3742
f 3727 3728 3744 3743
f 3728 3713 3729 3744
f 3729 3730 3746 3745
f 3730 3731 3747 3746
f 3731 3732 3748 3747
f 3732 3733 3749 3748
f 3733 3734 3750 3749
f 3734 3735 3751 3750
f 3735 3736 3752 3751
f 3736 3737 3753 3752
f 3737 3738 3754 3753
f 3738 3739 3755 3754
f 3739 3740 3756 3755
f 3740 3741 3757 3756
f 3741 3742 3758 3757
f 3742 3743 3759 3758
f 3743 3744 3760 3759
f 3744 3729 3745 3760
f 3745 3746 3762 3761
f 3746 3747 3763 3762
f 3747 3748 3764 3763
f 3748 3749 3765 3764
f 3749 3750 3766 3765
f 3750 3751 3767 3766
f 3751 3752 3768 3767
f 3752 3753 3769 3768
f 3753 3754 3770 3769
f 3754 3755 3771 3770
f 3755 3756 3772 3771
f 3756 3757 3773 3772
f 3757 3758 3774 3773
f 3758 3759 3775 3774
f 3759 3760 3776 3775
f 3760 3745 3761 3776
f 3761 3762 3778 3777
f 3762 3763 3779 3778
f 3763 3764 3780 3779
f 3764 3765 3781 3780
f 3765 3766 3782 3781
f 3766 3767 3783 3782
f 3767 3768 3784 3783
f 3768 3769 3785 3784
f 3769 3770 3786 3785
f 3770 3771 3787 3786
f 3771 3772 3788 3787
f 3772 3773 3789 3788
f 3773 3774 3790 3789
f 3774 3775 3791 3790
f 3775 3776 3792 3791
f 3776 3761 3777 3792
f 3777 3778 3794 3793
f 3778 3779 3795 3794
f 3779 3780 3796 3795
f 3780 3781 3797 3796
f 3781 3782 3798 3797
f 3782 3783 3799 3798
f 3783 3784 3800 3799
f 3784 3785 3801 3800
f 3785 3786 3802 3801
f 3786 3787 3803 3802
f 3787 3788 3804 3803
f 3788 3789 3805 3804
f 3789 3790 3806 3805
f 3790 3791 3807 3806
f 3791 3792 3808 3807
f 3792 3777 3793 3808
f 3793 3794 3810 3809
f 3794 3795 3811 3810
f 3795 3796 3812 3811
f 3796 3797 3813 3812
f 3797 3798 3814 3813
f 3798 3799 3815 3814
f 3799 3800 3816 3815
f 3800 3801 3817 3816
f 3801 3802 3818 3817
f 3802 3803 3819 3818
f 3803 3804 3820 3819
f 3804 3805 3821 3820
f 3805 3806 3822 3821
f 3806 3807 3823 3822
f 3807 3808 3824 3823
f 3808 3793 3809 3824
f 3809 3810 3826 3825
f 3810 3811 3827 3826
f 3811 3812 3828 3827
f 3812 3813 3829 3828
f 3813 3814 3830 3829
f 3814 3815 3831 3830
f 3815 3816 3832 3831
f 3816 3817 3833 3832
f 3817 3818 3834 3833
f 3818 3819 3835 3834
f 3819 3820 3836 3835
f 3820 3821 3837 3836
f 3821 3822 3838 3837
f 3822 3823 3839 3838
f 3823 3824 3840 3839
f 3824 3809 3825 3840
f 3825 3826 3842 3841
f 3826 3827 3843 3842
f 3827 3828 3844 3843
f 3828 3829 3845 3844
f 3829 3830 3846 3845
f 3830 3831 3847 3846
f 3831 3832 3848 3847
f 3832 3833 3849 3848
f 3833 3834 3850 3849
f 3834 3835 3851 3850
f 3835 3836 3852 3851
f 3836 3837 3853 3852
f 3837 3838 3854 3853
f 3838 3839 3855 3854
f 3839 3840 3856 3855
f 3840 3825 3841 3856
f 3841 3842 3858 3857
f 3842 3843 3859 3858
f 3843 3844 3860 3859
f 3844 3845 3861 3860
f 3845 3846 3862 3861
f 3846 3847 3863 3862
f 3847 3848 3864 3863
f 3848 3849 3865 3864
f 3849 3850 3866 3865
f 3850 3851 3867 3866
f 3851 3852 3868 3867
f 3852 3853 3869 3868
f 3853 3854 3870 3869
f 3854 3855 3871 3870
f 3855 3856 3872 3871
f 3856 3841 3857 3872
f 3873 3874 3890 3889
f 3874 3875 3891 3890
f 3875 3876 3892 3891
f 3876 3877 3893 3892
f 3877 3878 3894 3893
f 3878 3879 3895 3894
f 3879 3880 3896 3895
f 3880 3881 3897 3896
f 3881 3882 3898 3897
f 3882 3883 3899 3898
f 3883 3884 3900 3899
f 3884 3885 3901 3900
f 3885 3886 3902 3901
f 3886 3887 3903 3902
f 3887 3888 3904 3903
f 3888 3873 3889 3904
f 3889 3890 3906 3905
f 3890 3891 3907 3906
f 3891 3892 3908 3907
f 3892 3893 3909 3908
f 3893 3894 3910 3909
f 3894 3895 3911 3910
f 3895 3896 3912 3911
f 3896 3897 3913 3912
f 3897 3898 3914 3913
f 3898 3899 3915 3914
f 3899 3900 3916 3915
f 3900 3901 3917 3916
f 3901 3902 3918 3917
f 3902 3903 3919 3918
f 3903 3904 3920 3919
f 3904 3889 3905 3920
f 3905 3906 3922 3921
f 3906 3907 3923 3922
f 3907 3908 3924 3923
f 3908 3909 3925 3924
f 3909 3910 3926 3925
f 3910 3911 3927 3926
f 3911 3912 3928 3927
f 3912 3913 3929 3928
f 3913 3914 3930 3929
f 3914 3915 3931 3930
f 3915 3916 3932 3931
f 3916 3917 3933 3932
f 3917 3918 3934 3933
f 3918 3919 3935 3934
f 3919 3920 3936 3935
f 3920 3905 3921 3936
f 3921 3922 3938 3937
f 3922 3923 3939 3938
f 3923 3924 3940 3939
f 3924 3925 3941 3940
f 3925 3926 3942 3941
f 3926 3927 3943 3942
f 3927 3928 3944 3943
f 3928 3929 3945 3944
f 3929 3930 3946 3945
f 3930 3931 3947 3946
f 3931 3932 3948 3947
f 3932 3933 3949 3948
f 3933 3934 3950 3949
f 3934 3935 3951 3950
f 3935 3936 3952 3951
f 3936 3921 3937 3952
f 3937 3938 3954 3953
f 3938 3939 3955 3954
f 3939 3940 3956 3955
f 3940 3941 3957 3956
f 3941 3942 3958 3957
f 3942 3943 3959 3958
f 3943 3944 3960 3959
f 3944 3945 3961 3960
f 3945 3946 3962 3961
f 3946 3947 3963 3962
f 3947 3948 3964 3963
f 3948 3949 3965 3964
f 3949 3950 3966 3965
f 3950 3951 3967 3966
f 3951 3952 3968 3967
f 3952 3937 3953 3968
f 3953 3954 3970 3969
f 3954 3955 3971 3970
f 3955 3956 3972 3971
f 3956 3957 3973 3972
f 3957 3958 3974 3973
f 3958 3959 3975 3974
f 3959 3960 3976 3975
f 3960 3961 3977 3976
f 3961 3962 3978 3977
f 3962 3963 3979 3978
f 3963 3964 3980 3979
f 3964 3965 3981 3980
f 3965 3966 3982 3981
f 3966 3967 3983 3982
f 3967 3968 3984 3983
f 3968 3953 3969 3984
f 3969 3970 3986 3985
f 3970 3971 3987 3986
f 3971 3972 3988 3987
f 3972 3973 3989 3988
f 3973 3974 3990 3989
f 3974 3975 3991 3990
f 3975 3976 3992 3991
f 3976 3977 3993 3992
f 3977 3978 3994 3993
f 3978 3979 3995 3994
f 3979 3980 3996 3995
f 3980 3981 3997 3996
f 3981 3982 3998 3997
f 3982 3983 3999 3998
f 3983 3984 4000 3999
f 3984 3969 3985 4000
f 3985 3986 4002 4001
f 3986 3987 4003 4002
f 3987 3988 4004 4003
f 3988 3989 4005 4004
f 3989 3990 4006 4005
f 3990 3991 4007 4006
f 3991 3992 4008 4007
f 3992 3993 4009 4008
f 3993 3994 4010 4009
f 3994 3995 4011 4010
f 3995 3996 4012 4011
f 3996 3997 4013 4012
f 3997 3998 4014 4013
f 3998 3999 4015 4014
f 3999 4000 4016 4015
f 4000 3985 4001 4016
f 4001 4002 4018 4017
f 4002 4003 4019 4018
f 4003 4004 4020 4019
f 4004 4005 4021 4020
f 4005 4006 4022 4021
f 4006 4007 4023 4022
f 4007 4008 4024 4023
f 4008 4009 4025 4024
f 4009 4010 4026 4025
f 4010 4011 4027 4026
f 4011 4012 4028 4027
f 4012 4013 4029 4028
f 4013 4014 4030 4029
f 4014 4015 4031 4030
f 4015 4016 4032 4031
f 4016 4001 4017 4032
f 4017 4018 4034 4033
f 4018 4019 4035 4034
f 4019 4020 4036 4035
f 4020 4021 4037 4036
f 4021 4022 4038 4037
f 4022 4023 4039 4038
f 4023 4024 4040 4039
f 4024 4025 4041 4040
f 4025 4026 4042 4041
f 4026 4027 4043 4042
f 4027 4028 4044 4043
f 4028 4029 4045 4044
f 4029 4030 4046 4045
f 4030 4031 4047 4046
f 4031 4032 4048 4047
f 4032 4017 4033 4048
f 4049 4050 4066 4065
f 4050 4051 4067 4066
f 4051 4052 4068 4067
f 4052 4053 4069 4068
f 4053 4054 4070 4069
f 4054 4055 4071 4070
f 4055 4056 4072 4071
f 4056 4057 4073 4072
f 4057 4058 4074 4073
f 4058 4059 4075 4074
f 4059 4060 4076 4075
f 4060 4061 4077 4076
f 4061 4062 4078 4077
f 4062 4063 4079 4078
f 4063 4064 4080 4079
f 4064 4049 4065 4080
f 4065 4066 4082 4081
f 4066 4067 4083 4082
f 4067 4068 4084 4083
f 4068 4069 4085 4084
f 4069 4070 4086 4085
f 4070 4071 4087 4086
f 4071 4072 4088 4087
f 4072 4073 4089 4088
f 4073 4074 4090 4089
f 4074 4075 4091 4090
f 4075 4076 4092 4091
f 4076 4077 4093 4092
f 4077 4078 4094 4093
f 4078 4079 4095 4094
f 4079 4080 4096 4095
f 4080 4065 4081 4096
f 4081 4082 4098 4097
f 4082 4083 4099 4098
f 4083 4084 4100 4099
f 4084 4085 4101 4100
f 4085 4086 4102 4101
f 4086 4087 4103 4102
f 4087 4088 4104 4103
f 4088 4089 4105 4104
f 4089 4090 4106 4105
f 4090 4091 4107 4106
f 4091 4092 4108 4107
f 4092 4093 4109 4108
f 4093 4094 4110 4109
f 4094 4095 4111 4110
f 4095 4096 4112 4111
f 4096 4081 4097 4112
f 4097 4098 4114 4113
f 4098 4099 4115 4114
f 4099 4100 4116 4115
f 4100 4101 4117 4116
f 4101 4102 4118 4117
f 4102 4103 4119 4118
f 4103 4104 4120 4119
f 4104 4105 4121 4120
f 4105 4106 4122 4121
f 4106 4107 4123 4122
f 4107 4108 4124 4123
f 4108 4109 4125 4124
f 4109 4110 4126 4125
f 4110 4111 4127 4126
f 4111 4112 4128 4127
f 4112 4097 4113 4128
f 4113 4114 4130 4129
f 4114 4115 4131 4130
f 4115 4116 4132 4131
f 4116 4117 4133 4132
f 4117 4118 4134 4133
f 4118 4119 4135 4134
f 4119 4120 4136 4135
f 4120 4121 4137 4136
f 4121 4122 4138 4137
f 4122 4123 4139 4138
f 4123 4124 4140 4139
f 4124 4125 4141 4140
f 4125 4126 4142 4141
f 4126 4127 4143 4142
f 4127 4128 4144 4143
f 4128 4113 4129 4144
f 4129 4130 4146 4145
f 4130 4131 4147 4146
f 4131 4132 4148 4147
f 4132 4133 4149 4148
f 4133 4134 4150 4149
f 4134 4135 4151 4150
f 4135 4136 4152 4151
f 4136 4137 4153 4152
f 4137 4138 4154 4153
f 4138 4139 4155 4154
f 4139 4140 4156 4155
f 4140 4141 4157 4156
f 4141 4142 4158 4157
f 4142 4143 4159 4158
f 4143 4144 4160 4159
f 4144 4129 4145 4160
f 4145 4146 4162 4161
f 4146 4147 4163 4162
f 4147 4148 4164 4163
f 4148 4149 4165 4164
f 4149 4150 4166 4165
f 4150 4151 4167 4166
f 4151 4152 4168 4167
f 4152 4153 4169 4168
f 4153 4154 4170 4169
f 4154 4155 4171 4170
f 4155 4156 4172 4171
f 4156 4157 4173 4172
f 4157 4158 4174 4173
f 4158 4159 4175 4174
f 4159 4160 4176 4175
f 4160 4145 4161 4176
f 4161 4162 4178 4177
f 4162 4163 4179 4178
f 4163 4164 4180 4179
f 4164 4165 4181 4180
f 4165 4166 4182 4181
f 4166 4167 4183 4182
f 4167 4168 4184 4183
f 4168 4169 4185 4184
f 4169 4170 4186 4185
f 4170 4171 4187 4186
f 4171 4172 4188 4187
f 4172 4173 4189 4188
f 4173 4174 4190 4189
f 4174 4175 4191 4190
f 4175 4176 4192 4191
f 4176 4161 4177 4192
f 4177 4178 4194 4193
f 4178 4179 4195 4194
f 4179 4180 4196 4195
f 4180 4181 4197 4196
f 4181 4182 4198 4197
f 4182 4183 4199 4198
f 4183 4184 4200 4199
f 4184 4185 4201 4200
f 4185 4186 4202 4201
f 4186 4187 4203 4202
f 4187 4188 4204 4203
f 4188 4189 4205 4204
f 4189 4190 4206 4205
f 4190 4191 4207 4206
f 4191 4192 4208 4207
f 4192 4177 4193 4208
f 4193 4194 4210 4209
f 4194 4195 4211 4210
f 4195 4196 4212 4211
f 4196 4197 4213 4212
f 4197 4198 4214 4213
f 4198 4199 4215 4214
f 4199 4200 4216 4215
f 4200 4201 4217 4216
f 4201 4202 4218 4217
f 4202 4203 4219 4218
f 4203 4204 4220 4219
f 4204 4205 4221 4220
f 4205 4206 4222 4221
f 4206 4207 4223 4222
f 4207 4208 4224 4223
f 4208 4193 4209 4224
f 4225 4226 4242 4241
f 4226 4227 4243 4242
f 4227 4228 4244 4243
f 4228 4229 4245 4244
f 4229 4230 4246 4245
f 4230 4231 4247 4246
f 4231 4232 4248 4247
f 4232 4233 4249 4248
f 4233 4234 4250 4249
f 4234 4235 4251 4250
f 4235 4236 4252 4251
f 4236 4237 4253 4252
f 4237 4238 4254 4253
f 4238 4239 4255 4254
f 4239 4240 4256 4255
f 4240 4225 4241 4256
f 4241 4242 4258 4257
f 4242 4243 4259 4258
f 4243 4244 4260 4259
f 4244 4245 4261 4260
f 4245 4246 4262 4261
f 4246 4247 4263 4262
f 4247 4248 4264 4263
f 4248 4249 4265 4264
f 4249 4250 4266 4265
f 4250 4251 4267 4266
f 4251 4252 4268 4267
f 4252 4253 4269 4268
f 4253 4254 4270 4269
f 4254 4255 4271 4270
f 4255 4256 4272 4271
f 4256 4241 4257 4272
f 4257 4258 4274 4273
f 4258 4259 4275 4274
f 4259 4260 4276 4275
f 4260 4261 4277 4276
f 4261 4262 4278 4277
f 4262 4263 4279 4278
f 4263 4264 4280 4279
f 4264 4265 4281 4280
f 4265 4266 4282 4281
f 4266 4267 4283 4282
f 4267 4268 4284 4283
f 4268 4269 4285 4284
f 4269 4270 4286 4285
f 4270 4271 4287 4286
f 4271 4272 4288 4287
f 4272 4257 4273 4288
f 4273 4274 4290 4289
f 4274 4275 4291 4290
f 4275 4276 4292 4291
f 4276 4277 4293 4292
f 4277 4278 4294 4293
f 4278 4279 4295 4294
f 4279 4280 4296 4295
f 4280 4281 4297 4296
f 4281 4282 4298 4297
f 4282 4283 4299 4298
f 4283 4284 4300 4299
f 4284 4285 4301 4300
f 4285 4286 4302 4301
f 4286 4287 4303 4302
f 4287 4288 4304 4303
f 4288 4273 4289 4304
f 4289 4290 4306 4305
f 4290 4291 4307 4306
f 4291 4292 4308 4307
f 4292 4293 4309 4308
f 4293 4294 4310 4309
f 4294 4295 4311 4310
f 4295 4296 4312 4311
f 4296 4297 4313 4312
f 4297 4298 4314 4313
f 4298 4299 4315 4314
f 4299 4300 4316 4315
f 4300 4301 4317 4316
f 4301 4302 4318 4317
f 4302 4303 4319 4318
f 4303 4304 4320 4319
f 4304 4289 4305 4320
f 4305 4306 4322 4321
f 4306 4307 4323 4322
f 4307 4308 4324 4323
f 4308 4309 4325 4324
f 4309 4310 4326 4325
f 4310 4311 4327 4326
f 4311 4312 4328 4327
f 4312 4313 4329 4328
f 4313 4314 4330 4329
f 4314 4315 4331 4330
f 4315 4316 4332 4331
f 4316 4317 4333 4332
f 4317 4318 4334 4333
f 4318 4319 4335 4334
f 4319 4320 4336 4335
f 4320 4305 4321 4336
f 4321 4322 4338 4337
f 4322 4323 4339 4338
f 4323 4324 4340 4339
f 4324 4325 4341 4340
f 4325 4326 4342 4341
f 4326 4327 4343 4342
f 4327 4328 4344 4343
f 4328 4329 4345 4344
f 4329 4330 4346 4345
f 4330 4331 4347 4346
f 4331 4332 4348 4347
f 4332 4333 4349 4348
f 4333 4334 4350 4349
f 4334 4335 4351 4350
f 4335 4336 4352 4351
f 4336 4321 4337 4352
f 4337 4338 4354 4353
f 4338 4339 4355 4354
f 4339 4340 4356 4355
f 4340 4341 4357 4356
f 4341 4342 4358 4357
f 4342 4343 4359 4358
f 4343 4344 4360 4359
f 4344 4345 4361 4360
f 4345 4346 4362 4361
f 4346 4347 4363 4362
f 4347 4348 4364 4363
f 4348 4349 4365 4364
f 4349 4350 4366 4365
f 4350 4351 4367 4366
f 4351 4352 4368 4367
f 4352 4337 4353 4368
f 4353 4354 4370 4369
f 4354 4355 4371 4370
f 4355 4356 4372 4371
f 4356 4357 4373 4372
f 4357 4358 4374 4373
f 4358 4359 4375 4374
f 4359 4360 4376 4375
f 4360 4361 4377 4376
f 4361 4362 4378 4377
f 4362 4363 4379 4378
f 4363 4364 4380 4379
f 4364 4365 4381 4380
f 4365 4366 4382 4381
f 4366 4367 4383 4382
f 4367 4368 4384 4383
f 4368 4353 4369 4384
f 4369 4370 4386 4385
f 4370 4371 4387 4386
f 4371 4372 4388 4387
f 4372 4373 4389 4388
f 4373 4374 4390 4389
f 4374 4375 4391 4390
f 4375 4376 4392 4391
f 4376 4377 4393 4392
f 4377 4378 4394 4393
f 4378 4379 4395 4394
f 4379 4380 4396 4395
f 4380 4381 4397 4396
f 4381 4382 4398 4397
f 4382 4383 4399 4398
f 4383 4384 4400 4399
f 4384 4369 4385 4400
f 4401 4402 4418 4417
f 4402 4403 4419 4418
f 4403 4404 4420 4419
f 4404 4405 4421 4420
f 4405 4406 4422 4421
f 4406 4407 4423 4422
f 4407 4408 4424 4423
f 4408 4409 4425 4424
f 4409 4410 4426 4425
f 4410 4411 4427 4426
f 4411 4412 4428 4427
f 4412 4413 4429 4428
f 4413 4414 4430 4429
f 4414 4415 4431 4430
f 4415 4416 4432 4431
f 4416 4401 4417 4432
f 4417 4418 4434 4433
f 4418 4419 4435 4434
f 4419 4420 4436 4435
f 4420 4421 4437 4436
f 4421 4422 4438 4437
f 4422 4423 4439 4438
f 4423 4424 4440 4439
f 4424 4425 4441 4440
f 4425 4426 4442 4441
f 4426 4427 4443 4442
f 4427 4428 4444 4443
f 4428 4429 4445 4444
f 4429 4430 4446 4445
f 4430 4431 4447 4446
f 4431 4432 4448 4447
f 4432 4417 4433 4448
f 4433 4434 4450 4449
f 4434 4435 4451 4450
f 4435 4436 4452 4451
f 4436 4437 4453 4452
f 4437 4438 4454 4453
f 4438 4439 4455 4454
f 4439 4440 4456 4455
f 4440 4441 4457 4456
f 4441 4442 4458 4457
f 4442 4443 4459 4458
f 4443 4444 4460 4459
f 4444 4445 4461 4460
f 4445 4446 4462 4461
f 4446 4447 4463 4462
f 4447 4448 4464 4463
f 4448 4433 4449 4464
f 4449 4450 4466 4465
f 4450 4451 4467 4466
f 4451 4452 4468 4467
f 4452 4453 4469 4468
f 4453 4454 4470 4469
f 4454 4455 4471 4470
f 4455 4456 4472 4471
f 4456 4457 4473 4472
f 4457 4458 4474 4473
f 4458 4459 4475 4474
f 4459 4460 4476 4475
f 4460 4461 4477 4476
f 4461 4462 4478 4477
f 4462 4463 4479 4478
f 4463 4464 4480 4479
f 4464 4449 4465 4480
f 4465 4466 4482 4481
f 4466 4467 4483 4482
f 4467 4468 4484 4483
f 4468 4469 4485 4484
f 4469 4470 4486 4485
f 4470 4471 4487 4486
f 4471 4472 4488 4487
f 4472 4473 4489 4488
f 4473 4474 4490 4489
f 4474 4475 4491 4490
f 4475 4476 4492 4491
f 4476 4477 4493 4492
f 4477 4478 4494 4493
f 4478 4479 4495 4494
f 4479 4480 4496 4495
f 4480 4465 4481 4496
f 4481 4482 4498 4497
f 4482 4483 4499 4498
f 4483 4484 4500 4499
f 4484 4485 4501 4500
f 4485 4486 4502 4501
f 4486 4487 4503 4502
f 4487 4488 4504 4503
f 4488 4489 4505 4504
f 4489 4490 4506 4505
f 4490 4491 4507 4506
f 4491 4492 4508 4507
f 4492 4493 4509 4508
f 4493 4494 4510 4509
f 4494 4495 4511 4510
f 4495 4496 4512 4511
f 4496 4481 4497 4512
f 4497 4498 4514 4513
f 4498 4499 4515 4514
f 4499 4500 4516 4515
f 4500 4501 4517 4516
f 4501 4502 4518 4517
f 4502 4503 4519 4518
f 4503 4504 4520 4519
f 4504 4505 4521 4520
f 4505 4506 4522 4521
f 4506 4507 4523 4522
f 4507 4508 4524 4523
f 4508 4509 4525 4524
f 4509 4510 4526 4525
f 4510 4511 4527 4526
f 4511 4512 4528 4527
f 4512 4497 4513 4528
f 4513 4514 4530 4529
f 4514 4515 4531 4530
f 4515 4516 4532 4531
f 4516 4517 4533 4532
f 4517 4518 4534 4533
f 4518 4519 4535 4534
f 4519 4520 4536 4535
f 4520 4521 4537 4536
f 4521 4522 4538 4537
f 4522 4523 4539 4538
f 4523 4524 4540 4539
f 4524 4525 4541 4540
f 4525 4526 4542 4541
f 4526 4527 4543 4542
f 4527 4528 4544 4543
f 4528 4513 4529 4544
f 4529 4530 4546 4545
f 4530 4531 4547 4546
f 4531 4532 4548 4547
f 4532 4533 4549 4548
f 4533 4534 4550 4549
f 4534 4535 4551 4550
f 4535 4536 4552 4551
f 4536 4537 4553 4552
f 4537 4538 4554 4553
f 4538 4539 4555 4554
f 4539 4540 4556 4555
f 4540 4541 4557 4556
f 4541 4542 4558 4557
f 4542 4543 4559 4558
f 4543 4544 4560 4559
f 4544 4529 4545 4560
f 4545 4546 4562 4561
f 4546 4547 4563 4562
f 4547 4548 4564 4563
f 4548 4549 4565 4564
f 4549 4550 4566 4565
f 4550 4551 4567 4566
f 4551 4552 4568 4567
f 4552 4553 4569 4568
f 4553 4554 4570 4569
f 4554 4555 4571 4570
f 4555 4556 4572 4571
f 4556 4557 4573 4572
f 4557 4558 4574 4573
f 4558 4559 4575 4574
f 4559 4560 4576 4575
f 4560 4545 4561 4576
f 4577 4578 4594 4593
f 4578 4579 4595 4594
f 4579 4580 4596 4595
f 4580 4581 4597 4596
f 4581 4582 4598 4597
f 4582 4583 4599 4598
f 4583 4584 4600 4599
f 4584 4585 4601 4600
f 4585 4586 4602 4601
f 4586 4587 4603 4602
f 4587 4588 4604 4603
f 4588 4589 4605 4604
f 4589 4590 4606 4605
f 4590 4591 4607 4606
f 4591 4592 4608 4607
f 4592 4577 4593 4608
f 4593 4594 4610 4609
f 4594 4595 4611 4610
f 4595 4596 4612 4611
f 4596 4597 4613 4612
f 4597 4598 4614 4613
f 4598 4599 4615 4614
f 4599 4600 4616 4615
f 4600 4601 4617 4616
f 4601 4602 4618 4617
f 4602 4603 4619 4618
f 4603 4604 4620 4619
f 4604 4605 4621 4620
f 4605 4606 4622 4621
f 4606 4607 4623 4622
f 4607 4608 4624 4623
f 4608 4593 4609 4624
f 4609 4610 4626 4625
f 4610 4611 4627 4626
f 4611 4612 4628 4627
f 4612 4613 4629 4628
f 4613 4614 4630 4629
f 4614 4615 4631 4630
f 4615 4616 4632 4631
f 4616 4617 4633 4632
f 4617 4618 4634 4633
f 4618 4619 4635 4634
f 4619 4620 4636 4635
f 4620 4621 4637 4636
f 4621 4622 4638 4637
f 4622 4623 4639 4638
f 4623 4624 4640 4639
f 4624 4609 4625 4640
f 4625 4626 4642 4641
f 4626 4627 4643 4642
f 4627 4628 4644 4643
f 4628 4629 4645 4644
f 4629 4630 4646 4645
f 4630 4631 4647 4646
f 4631 4632 4648 4647
f 4632 4633 4649 4648
f 4633 4634 4650 4649
f 4634 4635 4651 4650
f 4635 4636 4652 4651
f 4636 4637 4653 4652
f 4637 4638 4654 4653
f 4638 4639 4655 4654
f 4639 4640 4656 4655
f 4640 4625 4641 4656
f 4641 4642 4658 4657
f 4642 4643 4659 4658
f 4643 4644 4660 4659
f 4644 4645 4661 4660
f 4645 4646 4662 4661
f 4646 4647 4663 4662
f 4647 4648 4664 4663
f 4648 4649 4665 4664
f 4649 4650 4666 4665
f 4650 4651 4667 4666
f 4651 4652 4668 4667
f 4652 4653 4669 4668
f 4653 4654 4670 4669
f 4654 4655 4671 4670
f 4655 4656 4672 4671
f 4656 4641 4657 4672
f 4657 4658 4674 4673
f 4658 4659 4675 4674
f 4659 4660 4676 4675
f 4660 4661 4677 4676
f 4661 4662 4678 4677
f 4662 4663 4679 4678
f 4663 4664 4680 4679
f 4664 4665 4681 4680
f 4665 4666 4682 4681
f 4666 4667 4683 4682
f 4667 4668 4684 4683
f 4668 4669 4685 4684
f 4669 4670 4686 4685
f 4670 4671 4687 4686
f 4671 4672 4688 4687
f 4672 4657 4673 4688
f 4673 4674 4690 4689
f 4674 4675 4691 4690
f 4675 4676 4692 4691
f 4676 4677 4693 4692
f 4677 4678 4694 4693
f 4678 4679 4695 4694
f 4679 4680 4696 4695
f 4680 4681 4697 4696
f 4681 4682 4698 4697
f 4682 4683 4699 4698
f 4683 4684 4700 4699
f 4684 4685 4701 4700
f 4685 4686 4702 4701
f 4686 4687 4703 4702
f 4687 4688 4704 4703
f 4688 4673 4689 4704
f 4689 4690 4706 4705
f 4690 4691 4707 4706
f 4691 4692 4708 4707
f 4692 4693 4709 4708
f 4693 4694 4710 4709
f 4694 4695 4711 4710
f 4695 4696 4712 4711
f 4696 4697 4713 4712
f 4697 4698 4714 4713
f 4698 4699 4715 4714
f 4699 4700 4716 4715
f 4700 4701 4717 4716
f 4701 4702 4718 4717
f 4702 4703 4719 4718
f 4703 4704 4720 4719
f 4704 4689 4705 4720
f 4705 4706 4722 4721
f 4706 4707 4723 4722
f 4707 4708 4724 4723
f 4708 4709 4725 4724
f 4709 4710 4726 4725
f 4710 4711 4727 4726
f 4711 4712 4728 4727
f 4712 4713 4729 4728
f 4713 4714 4730 4729
f 4714 4715 4731 4730
f 4715 4716 4732 4731
f 4716 4717 4733 4732
f 4717 4718 4734 4733
f 4718 4719 4735 4734
f 4719 4720 4736 4735
f 4720 4705 4721 4736
f 4721 4722 4738 4737
f 4722 4723 4739 4738
f 4723 4724 4740 4739
f 4724 4725 4741 4740
f 4725 4726 4742 4741
f 4726 4727 4743 4742
f 4727 4728 4744 4743
f 4728 4729 4745 4744
f 4729 4730 4746 4745
f 4730 4731 4747 4746
f 4731 4732 4748 4747
f 4732 4733 4749 4748
f 4733 4734 4750 4749
f 4734 4735 4751 4750
f 4735 4736 4752 4751
f 4736 4721 4737 4752
f 4753 4754 4770 4769
f 4754 4755 4771 4770
f 4755 4756 4772 4771
f 4756 4757 4773 4772
f 4757 4758 4774 4773
f 4758 4759 4775 4774
f 4759 4760 4776 4775
f 4760 4761 4777 4776
f 4761 4762 4778 4777
f 4762 4763 4779 4778
f 4763 4764 4780 4779
f 4764 4765 4781 4780
f 4765 4766 4782 4781
f 4766 4767 4783 4782
f 4767 4768 4784 4783
f 4768 4753 4769 4784
f 4769 4770 4786 4785
f 4770 4771 4787 4786
f 4771 4772 4788 4787
f 4772 4773 4789 4788
f 4773 4774 4790 4789
f 4774 4775 4791 4790
f 4775 4776 4792 4791
f 4776 4777 4793 4792
f 4777 4778 4794 4793
f 4778 4779 4795 4794
f 4779 4780 4796 4795
f 4780 4781 4797 4796
f 4781 4782 4798 4797
f 4782 4783 4799 4798
f 4783 4784 4800 4799
f 4784 4769 4785 4800
f 4785 4786 4802 4801
f 4786 4787 4803 4802
f 4787 4788 4804 4803
f 4788 4789 4805 4804
f 4789 4790 4806 4805
f 4790 4791 4807 4806
f 4791 4792 4808 4807
f 4792 4793 4809 4808
f 4793 4794 4810 4809
f 4794 4795 4811 4810
f 4795 4796 4812 4811
f 4796 4797 4813 4812
f 4797 4798 4814 4813
f 4798 4799 4815 4814
f 4799 4800 4816 4815
f 4800 4785 4801 4816
f 4801 4802 4818 4817
f 4802 4803 4819 4818
f 4803 4804 4820 4819
f 4804 4805 4821 4820
f 4805 4806 4822 4821
f 4806 4807 4823 4822
f 4807 4808 4824 4823
f 4808 4809 4825 4824
f 4809 4810 4826 4825
f 4810 4811 4827 4826
f 4811 4812 4828 4827
f 4812 4813 4829 4828
f 4813 4814 4830 4829
f 4814 4815 4831 4830
f 4815 4816 4832 4831
f 4816 4801 4817 4832
f 4817 4818 4834 4833
f 4818 4819 4835 4834
f 4819 4820 4836 4835
f 4820 4821 4837 4836
f 4821 4822 4838 4837
f 4822 4823 4839 4838
f 4823 4824 4840 4839
f 4824 4825 4841 4840
f 4825 4826 4842 4841
f 4826 4827 4843 4842
f 4827 4828 4844 4843
f 4828 4829 4845 4844
f 4829 4830 4846 4845
f 4830 4831 4847 4846
f 4831 4832 4848 4847
f 4832 4817 4833 4848
f 4833 4834 4850 4849
f 4834 4835 4851 4850
f 4835 4836 4852 4851
f 4836 4837 4853 4852
f 4837 4838 4854 4853
f 4838 4839 4855 4854
f 4839 4840 4856 4855
f 4840 4841 4857 4856
f 4841 4842 4858 4857
f 4842 4843 4859 4858
f 4843 4844 4860 4859
f 4844 4845 4861 4860
f 4845 4846 4862 4861
f 4846 4847 4863 4862
f 4847 4848 4864 4863
f 4848 4833 4849 4864
f 4849 4850 4866 4865
f 4850 4851 4867 4866
f 4851 4852 4868 4867
f 4852 4853 4869 4868
f 4853 4854 4870 4869
f 4854 4855 4871 4870
f 4855 4856 4872 4871
f 4856 4857 4873 4872
f 4857 4858 4874 4873
f 4858 4859 4875 4874
f 4859 4860 4876 4875
f 4860 4861 4877 4876
f 4861 4862 4878 4877
f 4862 4863 4879 4878
f 4863 4864 4880 4879
f 4864 4849 4865 4880
f 4865 4866 4882 4881
f 4866 4867 4883 4882
f 4867 4868 4884 4883
f 4868 4869 4885 4884
f 4869 4870 4886 4885
f 4870 4871 4887 4886
f 4871 4872 4888 4887
f 4872 4873 4889 4888
f 4873 4874 4890 4889
f 4874 4875 4891 4890
f 4875 4876 4892 4891
f 4876 4877 4893 4892
f 4877 4878 4894 4893
f 4878 4879 4895 4894
f 4879 4880 4896 4895
f 4880 4865 4881 4896
f 4881 4882 4898 4897
f 4882 4883 4899 4898
f 4883 4884 4900 4899
f 4884 4885 4901 4900
f 4885 4886 4902 4901
f 4886 4887 4903 4902
f 4887 4888 4904 4903
f 4888 4889 4905 4904
f 4889 4890 4906 4905
f 4890 4891 4907 4906
f 4891 4892 4908 4907
f 4892 4893 4909 4908
f 4893 4894 4910 4909
f 4894 4895 4911 4910
f 4895 4896 4912 4911
f 4896 4881 4897 4912
f 4897 4898 4914 4913
f 4898 4899 4915 4914
f 4899 4900 4916 4915
f 4900 4901 4917 4916
f 4901 4902 4918 4917
f 4902 4903 4919 4918
f 4903 4904 4920 4919
f 4904 4905 4921 4920
f 4905 4906 4922 4921
f 4906 4907 4923 4922
f 4907 4908 4924 4923
f 4908 4909 4925 4924
f 4909 4910 4926 4925
f 4910 4911 4927 4926
f 4911 4912 4928 4927
f 4912 4897 4913 4928
f 4929 4930 4946 4945
f 4930 4931 4947 4946
f 4931 4932 4948 4947
f 4932 4933 4949 4948
f 4933 4934 4950 4949
f 4934 4935 4951 4950
f 4935 4936 4952 4951
f 4936 4937 4953 4952
f 4937 4938 4954 4953
f 4938 4939 4955 4954
f 4939 4940 4956 4955
f 4940 4941 4957 4956
f 4941 4942 4958 4957
f 4942 4943 4959 4958
f 4943 4944 4960 4959
f 4944 4929 4945 4960
f 4945 4946 4962 4961
f 4946 4947 4963 4962
f 4947 4948 4964 4963
f 4948 4949 4965 4964
f 4949 4950 4966 4965
f 4950 4951 4967 4966
f 4951 4952 4968 4967
f 4952 4953 4969 4968
f 4953 4954 4970 4969
f 4954 4955 4971 4970
f 4955 4956 4972 4971
f 4956 4957 4973 4972
f 4957 4958 4974 4973
f 4958 4959 4975 4974
f 4959 4960 4976 4975
f 4960 4945 4961 4976
f 4961 4962 4978 4977
f 4962 4963 4979 4978
f 4963 4964 4980 4979
f 4964 4965 4981 4980
f 4965 4966 4982 4981
f 4966 4967 4983 4982
f 4967 4968 4984 4983
f 4968 4969 4985 4984
f 4969 4970 4986 4985
f 4970 4971 4987 4986
f 4971 4972 4988 4987
f 4972 4973 4989 4988
f 4973 4974 4990 4989
f 4974 4975 4991 4990
f 4975 4976 4992 4991
f 4976 4961 4977 4992
f 4977 4978 4994 4993
f 4978 4979 4995 4994
f 4979 4980 4996 4995
f 4980 4981 4997 4996
f 4981 4982 4998 4997
f 4982 4983 4999 4998
f 4983 4984 5000 4999
f 4984 4985 5001 5000
f 4985 4986 5002 5001
f 4986 4987 5003 5002
f 4987 4988 5004 5003
f 4988 4989 5005 5004
f 4989 4990 5006 5005
f 4990 4991 5007 5006
f 4991 4992 5008 5007
f 4992 4977 4993 5008
f 4993 4994 5010 5009
f 4994 4995 5011 5010
f 4995 4996 5012 5011
f 4996 4997 5013 5012
f 4997 4998 5014 5013
f 4998 4999 5015 5014
f 4999 5000 5016 5015
f 5000 5001 5017 5016
f 5001 5002 5018 5017
f 5002 5003 5019 5018
f 5003 5004 5020 5019
f 5004 5005 5021 5020
f 5005 5006 5022 5021
f 5006 5007 5023 5022
f 5007 5008 5024 5023
f 5008 4993 5009 5024
f 5009 5010 5026 5025
f 5010 5011 5027 5026
f 5011 5012 5028 5027
f 5012 5013 5029 5028
f 5013 5014 5030 5029
f 5014 5015 5031 5030
f 5015 5016 5032 5031
f 5016 5017 5033 5032
f 5017 5018 5034 5033
f 5018 5019 5035 5034
f 5019 5020 5036 5035
f 5020 5021 5037 5036
f 5021 5022 5038 5037
f 5022 5023 5039 5038
f 5023 5024 5040 5039
f 5024 5009 5025 5040
f 5025 5026 5042 5041
f 5026 5027 5043 5042
f 5027 5028 5044 5043
f 5028 5029 5045 5044
f 5029 5030 5046 5045
f 5030 5031 5047 5046
f 5031 5032 5048 5047
f 5032 5033 5049 5048
f 5033 5034 5050 5049
f 5034 5035 5051 5050
f 5035 5036 5052 5051
f 5036 5037 5053 5052
f 5037 5038 5054 5053
f 5038 5039 5055 5054
f 5039 5040 5056 5055
f 5040 5025 5041 5056
f 5041 5042 5058 5057
f 5042 5043 5059 5058
f 5043 5044 5060 5059
f 5044 5045 5061 5060
f 5045 5046 5062 5061
f 5046 5047 5063 5062
f 5047 5048 5064 5063
f 5048 5049 5065 5064
f 5049 5050 5066 5065
f 5050 5051 5067 5066
f 5051 5052 5068 5067
f 5052 5053 5069 5068
f 5053 5054 5070 5069
f 5054 5055 5071 5070
f 5055 5056 5072 5071
f 5056 5041 5057 5072
f 5057 5058 5074 5073
f 5058 5059 5075 5074
f 5059 5060 5076 5075
f 5060 5061 5077 5076
f 5061 5062 5078 5077
f 5062 5063 5079 5078
f 5063 5064 5080 5079
f 5064 5065 5081 5080
f 5065 5066 5082 5081
f 5066 5067 5083 5082
f 5067 5068 5084 5083
f 5068 5069 5085 5084
f 5069 5070 5086 5085
f 5070 5071 5087 5086
f 5071 5072 5088 5087
f 5072 5057 5073 5088
f 5073 5074 5090 5089
f 5074 5075 5091 5090
f 5075 5076 5092 5091
f 5076 5077 5093 5092
f 5077 5078 5094 5093
f 5078 5079 5095 5094
f 5079 5080 5096 5095
f 5080 5081 5097 5096
f 5081 5082 5098 5097
f 5082 5083 5099 5098
f 5083 5084 5100 5099
f 5084 5085 5101 5100
f 5085 5086 5102 5101
f 5086 5087 5103 5102
f 5087 5088 5104 5103
f 5088 5073 5089 5104
f 5105 5106 5122 5121
f 5106 5107 5123 5122
f 5107 5108 5124 5123
f 5108 5109 5125 5124
f 5109 5110 5126 5125
f 5110 5111 5127 5126
f 5111 5112 5128 5127
f 5112 5113 5129 5128
f 5113 5114 5130 5129
f 5114 5115 5131 5130
f 5115 5116 5132 5131
f 5116 5117 5133 5132
f 5117 5118 5134 5133
f 5118 5119 5135 5134
f 5119 5120 5136 5135
f 5120 5105 5121 5136
f 5121 5122 5138 5137
f 5122 5123 5139 5138
f 5123 5124 5140 5139
f 5124 5125 5141 5140
f 5125 5126 5142 5141
f 5126 5127 5143 5142
f 5127 5128 5144 5143
f 5128 5129 5145 5144
f 5129 5130 5146 5145
f 5130 5131 5147 5146
f 5131 5132 5148 5147
f 5132 5133 5149 5148
f 5133 5134 5150 5149
f 5134 5135 5151 5150
f 5135 5136 5152 5151
f 5136 5121 5137 5152
f 5137 5138 5154 5153
f 5138 5139 5155 5154
f 5139 5140 5156 5155
f 5140 5141 5157 5156
f 5141 5142 5158 5157
f 5142 5143 5159 5158
f 5143 5144 5160 5159
f 5144 5145 5161 5160
f 5145 5146 5162 5161
f 5146 5147 5163 5162
f 5147 5148 5164 5163
f 5148 5149 5165 5164
f 5149 5150 5166 5165
f 5150 5151 5167 5166
f 5151 5152 5168 5167
f 5152 5137 5153 5168
f 5153 5154 5170 5169
f 5154 5155 5171 5170
f 5155 5156 5172 5171
f 5156 5157 5173 5172
f 5157 5158 5174 5173
f 5158 5159 5175 5174
f 5159 5160 5176 5175
f 5160 5161 5177 5176
f 5161 5162 5178 5177
f 5162 5163 5179 5178
f 5163 5164 5180 5179
f 5164 5165 5181 5180
f 5165 5166 5182 5181
f 5166 5167 5183 5182
f 5167 5168 5184 5183
f 5168 5153 5169 5184
f 5169 5170 5186 5185
f 5170 5171 5187 5186
f 5171 5172 5188 5187
f 5172 5173 5189 5188
f 5173 5174 5190 5189
f 5174 5175 5191 5190
f 5175 5176 5192 5191
f 5176 5177 5193 5192
f 5177 5178 5194 5193
f 5178 5179 5195 5194
f 5179 5180 5196 5195
f 5180 5181 5197 5196
f 5181 5182 5198 5197
f 5182 5183 5199 5198
f 5183 5184 5200 5199
f 5184 5169 5185 5200
f 5185 5186 5202 5201
f 5186 5187 5203 5202
f 5187 5188 5204 5203
f 5188 5189 5205 5204
f 5189 5190 5206 5205
f 5190 5191 5207 5206
f 5191 5192 5208 5207
f 5192 5193 5209 5208
f 5193 5194 5210 5209
f 5194 5195 5211 5210
f 5195 5196 5212 5211
f 5196 5197 5213 5212
f 5197 5198 5214 5213
f 5198 5199 5215 5214
f 5199 5200 5216 5215
f 5200 5185 5201 5216
f 5201 5202 5218 5217
f 5202 5203 5219 5218
f 5203 5204 5220 5219
f 5204 5205 5221 5220
f 5205 5206 5222 5221
f 5206 5207 5223 5222
f 5207 5208 5224 5223
f 5208 5209 5225 5224
f 5209 5210 5226 5225
f 5210 5211 5227 5226
f 5211 5212 5228 5227
f 5212 5213 5229 5228
f 5213 5214 5230 5229
f 5214 5215 5231 5230
f 5215 5216 5232 5231
f 5216 5201 5217 5232
f 5217 5218 5234 5233
f 5218 5219 5235 5234
f 5219 5220 5236 5235
f 5220 5221 5237 5236
f 5221 5222 5238 5237
f 5222 5223 5239 5238
f 5223 5224 5240 5239
f 5224 5225 5241 5240
f 5225 5226 5242 5241
f 5226 5227 5243 5242
f 5227 5228 5244 5243
f 5228 5229 5245 5244
f 5229 5230 5246 5245
f 5230 5231 5247 5246
f 5231 5232 5248 5247
f 5232 5217 5233 5248
f 5233 5234 5250 5249
f 5234 5235 5251 5250
f 5235 5236 5252 5251
f 5236 5237 5253 5252
f 5237 5238 5254 5253
f 5238 5239 5255 5254
f 5239 5240 5256 5255
f 5240 5241 5257 5256
f 5241 5242 5258 5257
f 5242 5243 5259 5258
f 5243 5244 5260 5259
f 5244 5245 5261 5260
f 5245 5246 5262 5261
f 5246 5247 5263 5262
f 5247 5248 5264 5263
f 5248 5233 5249 5264
f 5249 5250 5266 5265
f 5250 5251 5267 5266
f 5251 5252 5268 5267
f 5252 5253 5269 5268
f 5253 5254 5270 5269
f 5254 5255 5271 5270
f 5255 5256 5272 5271
f 5256 5257 5273 5272
f 5257 5258 5274 5273
f 5258 5259 5275 5274
f 5259 5260 5276 5275
f 5260 5261 5277 5276
f 5261 5262 5278 5277
f 5262 5263 5279 5278
f 5263 5264 5280 5279
f 5264 5249 5265 5280
f 5281 5282 5298 5297
f 5282 5283 5299 5298
f 5283 5284 5300 5299
f 5284 5285 5301 5300
f 5285 5286 5302 5301
f 5286 5287 5303 5302
f 5287 5288 5304 5303
f 5288 5289 5305 5304
f 5289 5290 5306 5305
f 5290 5291 5307 5306
f 5291 5292 5308 5307
f 5292 5293 5309 5308
f 5293 5294 5310 5309
f 5294 5295 5311 5310
f 5295 5296 5312 5311
f 5296 5281 5297 5312
f 5297 5298 5314 5313
f 5298 5299 5315 5314
f 5299 5300 5316 5315
f 5300 5301 5317 5316
f 5301 5302 5318 5317
f 5302 5303 5319 5318
f 5303 5304 5320 5319
f 5304 5305 5321 5320
f 5305 5306 5322 5321
f 5306 5307 5323 5322
f 5307 5308 5324 5323
f 5308 5309 5325 5324
f 5309 5310 5326 5325
f 5310 5311 5327 5326
f 5311 5312 5328 5327
f 5312 5297 5313 5328
f 5313 5314 5330 5329
f 5314 5315 5331 5330
f 5315 5316 5332 5331
f 5316 5317 5333 5332
f 5317 5318 5334 5333
f 5318 5319 5335 5334
f 5319 5320 5336 5335
f 5320 5321 5337 5336
f 5321 5322 5338 5337
f 5322 5323 5339 5338
f 5323 5324 5340 5339
f 5324 5325 5341 5340
f 5325 5326 5342 5341
f 5326 5327 5343 5342
f 5327 5328 5344 5343
f 5328 5313 5329 5344
f 5329 5330 5346 5345
f 5330 5331 5347 5346
f 5331 5332 5348 5347
f 5332 5333 5349 5348
f 5333 5334 5350 5349
f 5334 5335 5351 5350
f 5335 5336 5352 5351
f 5336 5337 5353 5352
f 5337 5338 5354 5353
f 5338 5339 5355 5354
f 5339 5340 5356 5355
f 5340 5341 5357 5356
f 5341 5342 5358 5357
f 5342 5343 5359 5358
f 5343 5344 5360 5359
f 5344 5329 5345 5360
f 5345 5346 5362 5361
f 5346 5347 5363 5362
f 5347 5348 5364 5363
f 5348 5349 5365 5364
f 5349 5350 5366 5365
f 5350 5351 5367 5366
f 5351 5352 5368 5367
f 5352 5353 5369 5368
f 5353 5354 5370 5369
f 5354 5355 5371 5370
f 5355 5356 5372 5371
f 5356 5357 5373 5372
f 5357 5358 5374 5373
f 5358 5359 5375 5374
f 5359 5360 5376 5375
f 5360 5345 5361 5376
f 5361 5362 5378 5377
f 5362 5363 5379 5378
f 5363 5364 5380 5379
f 5364 5365 5381 5380
f 5365 5366 5382 5381
f 5366 5367 5383 5382
f 5367 5368 5384 5383
f 5368 5369 5385 5384
f 5369 5370 5386 5385
f 5370 5371 5387 5386
f 5371 5372 5388 5387
f 5372 5373 5389 5388
f 5373 5374 5390 5389
f 5374 5375 5391 5390
f 5375 5376 5392 5391
f 5376 5361 5377 5392
f 5377 5378 5394 5393
f 5378 5379 5395 5394
f 5379 5380 5396 5395
f 5380 5381 5397 5396
f 5381 5382 5398 5397
f 5382 5383 5399 5398
f 5383 5384 5400 5399
f 5384 5385 5401 5400
f 5385 5386 5402 5401
f 5386 5387 5403 5402
f 5387 5388 5404 5403
f 5388 5389 5405 5404
f 5389 5390 5406 5405
f 5390 5391 5407 5406
f 5391 5392 5408 5407
f 5392 5377 5393 5408
f 5393 5394 5410 5409
f 5394 5395 5411 5410
f 5395 5396 5412 5411
f 5396 5397 5413 5412
f 5397 5398 5414 5413
f 5398 5399 5415 5414
f 5399 5400 5416 5415
f 5400 5401 5417 5416
f 5401 5402 5418 5417
f 5402 5403 5419 5418
f 5403 5404 5420 5419
f 5404 5405 5421 5420
f 5405 5406 5422 5421
f 5406 5407 5423 5422
f 5407 5408 5424 5423
f 5408 5393 5409 5424
f 5409 5410 5426 5425
f 5410 5411 5427 5426
f 5411 5412 5428 5427
f 5412 5413 5429 5428
f 5413 5414 5430 5429
f 5414 5415 5431 5430
f 5415 5416 5432 5431
f 5416 5417 5433 5432
f 5417 5418 5434 5433
f 5418 5419 5435 5434
f 5419 5420 5436 5435
f 5420 5421 5437 5436
f 5421 5422 5438 5437
f 5422 5423 5439 5438
f 5423 5424 5440 5439
f 5424 5409 5425 5440
f 5425 5426 5442 5441
f 5426 5427 5443 5442
f 5427 5428 5444 5443
f 5428 5429 5445 5444
f 5429 5430 5446 5445
f 5430 5431 5447 5446
f 5431 5432 5448 5447
f 5432 5433 5449 5448
f 5433 5434 5450 5449
f 5434 5435 5451 5450
f 5435 5436 5452 5451
f 5436 5437 5453 5452
f 5437 5438 5454 5453
f 5438 5439 5455 5454
f 5439 5440 5456 5455
f 5440 5425 5441 5456
f 5457 5458 5474 5473
f 5458 5459 5475 5474
f 5459 5460 5476 5475
f 5460 5461 5477 5476
f 5461 5462 5478 5477
f 5462 5463 5479 5478
f 5463 5464 5480 5479
f 5464 5465 5481 5480
f 5465 5466 5482 5481
f 5466 5467 5483 5482
f 5467 5468 5484 5483
f 5468 5469 5485 5484
f 5469 5470 5486 5485
f 5470 5471 5487 5486
f 5471 5472 5488 5487
f 5472 5457 5473 5488
f 5473 5474 5490 5489
f 5474 5475 5491 5490
f 5475 5476 5492 5491
f 5476 5477 5493 5492
f 5477 5478 5494 5493
f 5478 5479 5495 5494
f 5479 5480 5496 5495
f 5480 5481 5497 5496
f 5481 5482 5498 5497
f 5482 5483 5499 5498
f 5483 5484 5500 5499
f 5484 5485 5501 5500
f 5485 5486 5502 5501
f 5486 5487 5503 5502
f 5487 5488 5504 5503
f 5488 5473 5489 5504
f 5489 5490 5506 5505
f 5490 5491 5507 5506
f 5491 5492 5508 5507
f 5492 5493 5509 5508
f 5493 5494 5510 5509
f 5494 5495 5511 5510
f 5495 5496 5512 5511
f 5496 5497 5513 5512
f 5497 5498 5514 5513
f 5498 5499 5515 5514
f 5499 5500 5516 5515
f 5500 5501 5517 5516
f 5501 5502 5518 5517
f 5502 5503 5519 5518
f 5503 5504 5520 5519
f 5504 5489 5505 5520
f 5505 5506 5522 5521
f 5506 5507 5523 5522
f 5507 5508 5524 5523
f 5508 5509 5525 5524
f 5509 5510 5526 5525
f 5510 5511 5527 5526
f 5511 5512 5528 5527
f 5512 5513 5529 5528
f 5513 5514 5530 5529
f 5514 5515 5531 5530
f 5515 5516 5532 5531
f 5516 5517 5533 5532
f 5517 5518 5534 5533
f 5518 5519 5535 5534
f 5519 5520 5536 5535
f 5520 5505 5521 5536
f 5521 5522 5538 5537
f 5522 5523 5539 5538
f 5523 5524 5540 5539
f 5524 5525 5541 5540
f 5525 5526 5542 5541
f 5526 5527 5543 5542
f 5527 5528 5544 5543
f 5528 5529 5545 5544
f 5529 5530 5546 5545
f 5530 5531 5547 5546
f 5531 5532 5548 5547
f 5532 5533 5549 5548
f 5533 5534 5550 5549
f 5534 5535 5551 5550
f 5535 5536 5552 5551
f 5536 5521 5537 5552
f 5537 5538 5554 5553
f 5538 5539 5555 5554
f 5539 5540 5556 5555
f 5540 5541 5557 5556
f 5541 5542 5558 5557
f 5542 5543 5559 5558
f 5543 5544 5560 5559
f 5544 5545 5561 5560
f 5545 5546 5562 5561
f 5546 5547 5563 5562
f 5547 5548 5564 5563
f 5548 5549 5565 5564
f 5549 5550 5566 5565
f 5550 5551 5567 5566
f 5551 5552 5568 5567
f 5552 5537 5553 5568
f 5553 5554 5570 5569
f 5554 5555 5571 5570
f 5555 5556 5572 5571
f 5556 5557 5573 5572
f 5557 5558 5574 5573
f 5558 5559 5575 5574
f 5559 5560 5576 5575
f 5560 5561 5577 5576
f 5561 5562 5578 5577
f 5562 5563 5579 5578
f 5563 5564 5580 5579
f 5564 5565 5581 5580
f 5565 5566 5582 5581
f 5566 5567 5583 5582
f 5567 5568 5584 5583
f 5568 5553 5569 5584
f 5569 5570 5586 5585
f 5570 5571 5587 5586
f 5571 5572 5588 5587
f 5572 5573 5589 5588
f 5573 5574 5590 5589
f 5574 5575 5591 5590
f 5575 5576 5592 5591
f 5576 5577 5593 5592
f 5577 5578 5594 5593
f 5578 5579 5595 5594
f 5579 5580 5596 5595
f 5580 5581 5597 5596
f 5581 5582 5598 5597
f 5582 5583 5599 5598
f 5583 5584 5600 5599
f 5584 5569 5585 5600
f 5585 5586 5602 5601
f 5586 5587 5603 5602
f 5587 5588 5604 5603
f 5588 5589 5605 5604
f 5589 5590 5606 5605
f 5590 5591 5607 5606
f 5591 5592 5608 5607
f 5592 5593 5609 5608
f 5593 5594 5610 5609
f 5594 5595 5611 5610
f 5595 5596 5612 5611
f 5596 5597 5613 5612
f 5597 5598 5614 5613
f 5598 5599 5615 5614
f 5599 5600 5616 5615
f 5600 5585 5601 5616
f 5601 5602 5618 5617
f 5602 5603 5619 5618
f 5603 5604 5620 5619
f 5604 5605 5621 5620
f 5605 5606 5622 5621
f 5606 5607 5623 5622
f 5607 5608 5624 5623
f 5608 5609 5625 5624
f 5609 5610 5626 5625
f 5610 5611 5627 5626
f 5611 5612 5628 5627
f 5612 5613 5629 5628
f 5613 5614 5630 5629
f 5614 5615 5631 5630
f 5615 5616 5632 5631
f 5616 5601 5617 5632
f 5633 5634 5650 5649
f 5634 5635 5651 5650
f 5635 5636 5652 5651
f 5636 5637 5653 5652
f 5637 5638 5654 5653
f 5638 5639 5655 5654
f 5639 5640 5656 5655
f 5640 5641 5657 5656
f 5641 5642 5658 5657
f 5642 5643 5659 5658
f 5643 5644 5660 5659
f 5644 5645 5661 5660
f 5645 5646 5662 5661
f 5646 5647 5663 5662
f 5647 5648 5664 5663
f 5648 5633 5649 5664
f 5649 5650 5666 5665
f 5650 5651 5667 5666
f 5651 5652 5668 5667
f 5652 5653 5669 5668
f 5653 5654 5670 5669
f 5654 5655 5671 5670
f 5655 5656 5672 5671
f 5656 5657 5673 5672
f 5657 5658 5674 5673
f 5658 5659 5675 5674
f 5659 5660 5676 5675
f 5660 5661 5677 5676
f 5661 5662 5678 5677
f 5662 5663 5679 5678
f 5663 5664 5680 5679
f 5664 5649 5665 5680
f 5665 5666 5682 5681
f 5666 5667 5683 5682
f 5667 5668 5684 5683
f 5668 5669 5685 5684
f 5669 5670 5686 5685
f 5670 5671 5687 5686
f 5671 5672 5688 5687
f 5672 5673 5689 5688
f 5673 5674 5690 5689
f 5674 5675 5691 5690
f 5675 5676 5692 5691
f 5676 5677 5693 5692
f 5677 5678 5694 5693
f 5678 5679 5695 5694
f 5679 5680 5696 5695
f 5680 5665 5681 5696
f 5681 5682 5698 5697
f 5682 5683 5699 5698
f 5683 5684 5700 5699
f 5684 5685 5701 5700
f 5685 5686 5702 5701
f 5686 5687 5703 5702
f 5687 5688 5704 5703
f 5688 5689 5705 5704
f 5689 5690 5706 5705
f 5690 5691 5707 5706
f 5691 5692 5708 5707
f 5692 5693 5709 5708
f 5693 5694 5710 5709
f 5694 5695 5711 5710
f 5695 5696 5712 5711
f 5696 5681 5697 5712
f 5697 5698 5714 5713
f 5698 5699 5715 5714
f 5699 5700 5716 5715
f 5700 5701 5717 5716
f 5701 5702 5718 5717
f 5702 5703 5719 5718
f 5703 5704 5720 5719
f 5704 5705 5721 5720
f 5705 5706 5722 5721
f 5706 5707 5723 5722
f 5707 5708 5724 5723
f 5708 5709 5725 5724
f 5709 5710 5726 5725
f 5710 5711 5727 5726
f 5711 5712 5728 5727
f 5712 5697 5713 5728
f 5713 5714 5730 5729
f 5714 5715 5731 5730
f 5715 5716 5732 5731
f 5716 5717 5733 5732
f 5717 5718 5734 5733
f 5718 5719 5735 5734
f 5719 5720 5736 5735
f 5720 5721 5737 5736
f 5721 5722 5738 5737
f 5722 5723 5739 5738
f 5723 5724 5740 5739
f 5724 5725 5741 5740
f 5725 5726 5742 5741
f 5726 5727 5743 5742
f 5727 5728 5744 5743
f 5728 5713 5729 5744
f 5729 5730 5746 5745
f 5730 5731 5747 5746
f 5731 5732 5748 5747
f 5732 5733 5749 5748
f 5733 5734 5750 5749
f 5734 5735 5751 5750
f 5735 5736 5752 5751
f 5736 5737 5753 5752
f 5737 5738 5754 5753
f 5738 5739 5755 5754
f 5739 5740 5756 5755
f 5740 5741 5757 5756
f 5741 5742 5758 5757
f 5742 5743 5759 5758
f 5743 5744 5760 5759
f 5744 5729 5745 5760
f 5745 5746 5762 5761
f 5746 5747 5763 5762
f 5747 5748 5764 5763
f 5748 5749 5765 5764
f 5749 5750 5766 5765
f 5750 5751 5767 5766
f 5751 5752 5768 5767
f 5752 5753 5769 5768
f 5753 5754 5770 5769
f 5754 5755 5771 5770
f 5755 5756 5772 5771
f 5756 5757 5773 5772
f 5757 5758 5774 5773
f 5758 5759 5775 5774
f 5759 5760 5776 5775
f 5760 5745 5761 5776
f 5761 5762 5778 5777
f 5762 5763 5779 5778
f 5763 5764 5780 5779
f 5764 5765 5781 5780
f 5765 5766 5782 5781
f 5766 5767 5783 5782
f 5767 5768 5784 5783
f 5768 5769 5785 5784
f 5769 5770 5786 5785
f 5770 5771 5787 5786
f 5771 5772 5788 5787
f 5772 5773 5789 5788
f 5773 5774 5790 5789
f 5774 5775 5791 5790
f 5775 5776 5792 5791
f 5776 5761 5777 5792
f 5777 5778 5794 5793
f 5778 5779 5795 5794
f 5779 5780 5796 5795
f 5780 5781 5797 5796
f 5781 5782 5798 5797
f 5782 5783 5799 5798
f 5783 5784 5800 5799
f 5784 5785 5801 5800
f 5785 5786 5802 5801
f 5786 5787 5803 5802
f 5787 5788 5804 5803
f 5788 5789 5805 5804
f 5789 5790 5806 5805
f 5790 5791 5807 5806
f 5791 5792 5808 5807
f 5792 5777 5793 5808
f 5809 5810 5826 5825
f 5810 5811 5827 5826
f 5811 5812 5828 5827
f 5812 5813 5829 5828
f 5813 5814 5830 5829
f 5814 5815 5831 5830
f 5815 5816 5832 5831
f 5816 5817 5833 5832
f 5817 5818 5834 5833
f 5818 5819 5835 5834
f 5819 5820 5836 5835
f 5820 5821 5837 5836
f 5821 5822 5838 5837
f 5822 5823 5839 5838
f 5823 5824 5840 5839
f 5824 5809 5825 5840
f 5825 5826 5842 5841
f 5826 5827 5843 5842
f 5827 5828 5844 5843
f 5828 5829 5845 5844
f 5829 5830 5846 5845
f 5830 5831 5847 5846
f 5831 5832 5848 5847
f 5832 5833 5849 5848
f 5833 5834 5850 5849
f 5834 5835 5851 5850
f 5835 5836 5852 5851
f 5836 5837 5853 5852
f 5837 5838 5854 5853
f 5838 5839 5855 5854
f 5839 5840 5856 5855
f 5840 5825 5841 5856
f 5841 5842 5858 5857
f 5842 5843 5859 5858
f 5843 5844 5860 5859
f 5844 5845 5861 5860
f 5845 5846 5862 5861
f 5846 5847 5863 5862
f 5847 5848 5864 5863
f 5848 5849 5865 5864
f 5849 5850 5866 5865
f 5850 5851 5867 5866
f 5851 5852 5868 5867
f 5852 5853 5869 5868
f 5853 5854 5870 5869
f 5854 5855 5871 5870
f 5855 5856 5872 5871
f 5856 5841 5857 5872
f 5857 5858 5874 5873
f 5858 5859 5875 5874
f 5859 5860 5876 5875
f 5860 5861 5877 5876
f 5861 5862 5878 5877
f 5862 5863 5879 5878
f 5863 5864 5880 5879
f 5864 5865 5881 5880
f 5865 5866 5882 5881
f 5866 5867 5883 5882
f 5867 5868 5884 5883
f 5868 5869 5885 5884
f 5869 5870 5886 5885
f 5870 5871 5887 5886
f 5871 5872 5888 5887
f 5872 5857 5873 5888
f 5873 5874 5890 5889
f 5874 5875 5891 5890
f 5875 5876 5892 5891
f 5876 5877 5893 5892
f 5877 5878 5894 5893
f 5878 5879 5895 5894
f 5879 5880 5896 5895
f 5880 5881 5897 5896
f 5881 5882 5898 5897
f 5882 5883 5899 5898
f 5883 5884 5900 5899
f 5884 5885 5901 5900
f 5885 5886 5902 5901
f 5886 5887 5903 5902
f 5887 5888 5904 5903
f 5888 5873 5889 5904
f 5889 5890 5906 5905
f 5890 5891 5907 5906
f 5891 5892 5908 5907
f 5892 5893 5909 5908
f 5893 5894 5910 5909
f 5894 5895 5911 5910
f 5895 5896 5912 5911
f 5896 5897 5913 5912
f 5897 5898 5914 5913
f 5898 5899 5915 5914
f 5899 5900 5916 5915
f 5900 5901 5917 5916
f 5901 5902 5918 5917
f 5902 5903 5919 5918
f 5903 5904 5920 5919
f 5904 5889 5905 5920
f 5905 5906 5922 5921
f 5906 5907 5923 5922
f 5907 5908 5924 5923
f 5908 5909 5925 5924
f 5909 5910 5926 5925
f 5910 5911 5927 5926
f 5911 5912 5928 5927
f 5912 5913 5929 5928
f 5913 5914 5930 5929
f 5914 5915 5931 5930
f 5915 5916 5932 5931
f 5916 5917 5933 5932
f 5917 5918 5934 5933
f 5918 5919 5935 5934
f 5919 5920 5936 5935
f 5920 5905 5921 5936
f 5921 5922 5938 5937
f 5922 5923 5939 5938
f 5923 5924 5940 5939
f 5924 5925 5941 5940
f 5925 5926 5942 5941
f 5926 5927 5943 5942
f 5927 5928 5944 5943
f 5928 5929 5945 5944
f 5929 5930 5946 5945
f 5930 5931 5947 5946
f 5931 5932 5948 5947
f 5932 5933 5949 5948
f 5933 5934 5950 5949
f 5934 5935 5951 5950
f 5935 5936 5952 5951
f 5936 5921 5937 5952
f 5937 5938 5954 5953
f 5938 5939 5955 5954
f 5939 5940 5956 5955
f 5940 5941 5957 5956
f 5941 5942 5958 5957
f 5942 5943 5959 5958
f 5943 5944 5960 5959
f 5944 5945 5961 5960
f 5945 5946 5962 5961
f 5946 5947 5963 5962
f 5947 5948 5964 5963
f 5948 5949 5965 5964
f 5949 5950 5966 5965
f 5950 5951 5967 5966
f 5951 5952 5968 5967
f 5952 5937 5953 5968
f 5953 5954 5970 5969
f 5954 5955 5971 5970
f 5955 5956 5972 5971
f 5956 5957 5973 5972
f 5957 5958 5974 5973
f 5958 5959 5975 5974
f 5959 5960 5976 5975
f 5960 5961 5977 5976
f 5961 5962 5978 5977
f 5962 5963 5979 5978
f 5963 5964 5980 5979
f 5964 5965 5981 5980
f 5965 5966 5982 5981
f 5966 5967 5983 5982
f 5967 5968 5984 5983
f 5968 5953 5969 5984
f 5985 5986 6002 6001
f 5986 5987 6003 6002
f 5987 5988 6004 6003
f 5988 5989 6005 6004
f 5989 5990 6006 6005
f 5990 5991 6007 6006
f 5991 5992 6008 6007
f 5992 5993 6009 6008
f 5993 5994 6010 6009
f 5994 5995 6011 6010
f 5995 5996 6012 6011
f 5996 5997 6013 6012
f 5997 5998 6014 6013
f 5998 5999 6015 6014
f 5999 6000 6016 6015
f 6000 5985 6001 6016
f 6001 6002 6018 6017
f 6002 6003 6019 6018
f 6003 6004 6020 6019
f 6004 6005 6021 6020
f 6005 6006 6022 6021
f 6006 6007 6023 6022
f 6007 6008 6024 6023
f 6008 6009 6025 6024
f 6009 6010 6026 6025
f 6010 6011 6027 6026
f 6011 6012 6028 6027
f 6012 6013 6029 6028
f 6013 6014 6030 6029
f 6014 6015 6031 6030
f 6015 6016 6032 6031
f 6016 6001 6017 6032
f 6017 6018 6034 6033
f 6018 6019 6035 6034
f 6019 6020 6036 6035
f 6020 6021 6037 6036
f 6021 6022 6038 6037
f 6022 6023 6039 6038
f 6023 6024 6040 6039
f 6024 6025 6041 6040
f 6025 6026 6042 6041
f 6026 6027 6043 6042
f 6027 6028 6044 6043
f 6028 6029 6045 6044
f 6029 6030 6046 6045
f 6030 6031 6047 6046
f 6031 6032 6048 6047
f 6032 6017 6033 6048
f 6033 6034 6050 6049
f 6034 6035 6051 6050
f 6035 6036 6052 6051
f 6036 6037 6053 6052
f 6037 6038 6054 6053
f 6038 6039 6055 6054
f 6039 6040 6056 6055
f 6040 6041 6057 6056
f 6041 6042 6058 6057
f 6042 6043 6059 6058
f 6043 6044 6060 6059
f 6044 6045 6061 6060
f 6045 6046 6062 6061
f 6046 6047 6063 6062
f 6047 6048 6064 6063
f 6048 6033 6049 6064
f 6049 6050 6066 6065
f 6050 6051 6067 6066
f 6051 6052 6068 6067
f 6052 6053 6069 6068
f 6053 6054 6070 6069
f 6054 6055 6071 6070
f 6055 6056 6072 6071
f 6056 6057 6073 6072
f 6057 6058 6074 6073
f 6058 6059 6075 6074
f 6059 6060 6076 6075
f 6060 6061 6077 6076
f 6061 6062 6078 6077
f 6062 6063 6079 6078
f 6063 6064 6080 6079
f 6064 6049 6065 6080
f 6065 6066 6082 6081
f 6066 6067 6083 6082
f 6067 6068 6084 6083
f 6068 6069 6085 6084
f 6069 6070 6086 6085
f 6070 6071 6087 6086
f 6071 6072 6088 6087
f 6072 6073 6089 6088
f 6073 6074 6090 6089
f 6074 6075 6091 6090
f 6075 6076 6092 6091
f 6076 6077 6093 6092
f 6077 6078 6094 6093
f 6078 6079 6095 6094
f 6079 6080 6096 6095
f 6080 6065 6081 6096
f 6081 6082 6098 6097
f 6082 6083 6099 6098
f 6083 6084 6100 6099
f 6084 6085 6101 6100
f 6085 6086 6102 6101
f 6086 6087 6103 6102
f 6087 6088 6104 6103
f 6088 6089 6105 6104
f 6089 6090 6106 6105
f 6090 6091 6107 6106
f 6091 6092 6108 6107
f 6092 6093 6109 6108
f 6093 6094 6110 6109
f 6094 6095 6111 6110
f 6095 6096 6112 6111
f 6096 6081 6097 6112
f 6097 6098 6114 6113
f 6098 6099 6115 6114
f 6099 6100 6116 6115
f 6100 6101 6117 6116
f 6101 6102 6118 6117
f 6102 6103 6119 6118
f 6103 6104 6120 6119
f 6104 6105 6121 6120
f 6105 6106 6122 6121
f 6106 6107 6123 6122
f 6107 6108 6124 6123
f 6108 6109 6125 6124
f 6109 6110 6126 6125
f 6110 6111 6127 6126
f 6111 6112 6128 6127
f 6112 6097 6113 6128
f 6113 6114 6130 6129
f 6114 6115 6131 6130
f 6115 6116 6132 6131
f 6116 6117 6133 6132
f 6117 6118 6134 6133
f 6118 6119 6135 6134
f 6119 6120 6136 6135
f 6120 6121 6137 6136
f 6121 6122 6138 6137
f 6122 6123 6139 6138
f 6123 6124 6140 6139
f 6124 6125 6141 6140
f 6125 6126 6142 6141
f 6126 6127 6143 6142
f 6127 6128 6144 6143
f 6128 6113 6129 6144
f 6129 6130 6146 6145
f 6130 6131 6147 6146
f 6131 6132 6148 6147
f 6132 6133 6149 6148
f 6133 6134 6150 6149
f 6134 6135 6151 6150
f 6135 6136 6152 6151
f 6136 6137 6153 6152
f 6137 6138 6154 6153
f 6138 6139 6155 6154
f 6139 6140 6156 6155
f 6140 6141 6157 6156
f 6141 6142 6158 6157
f 6142 6143 6159 6158
f 6143 6144 6160 6159
f 6144 6129 6145 6160
f 6161 6162 6178 6177
f 6162 6163 6179 6178
f 6163 6164 6180 6179
f 6164 6165 6181 6180
f 6165 6166 6182 6181
f 6166 6167 6183 6182
f 6167 6168 6184 6183
f 6168 6169 6185 6184
f 6169 6170 6186 6185
f 6170 6171 6187 6186
f 6171 6172 6188 6187
f 6172 6173 6189 6188
f 6173 6174 6190 6189
f 6174 6175 6191 6190
f 6175 6176 6192 6191
f 6176 6161 6177 6192
f 6177 6178 6194 6193
f 6178 6179 6195 6194
f 6179 6180 6196 6195
f 6180 6181 6197 6196
f 6181 6182 6198 6197
f 6182 6183 6199 6198
f 6183 6184 6200 6199
f 6184 6185 6201 6200
f 6185 6186 6202 6201
f 6186 6187 6203 6202
f 6187 6188 6204 6203
f 6188 6189 6205 6204
f 6189 6190 6206 6205
f 6190 6191 6207 6206
f 6191 6192 6208 6207
f 6192 6177 6193 6208
f 6193 6194 6210 6209
f 6194 6195 6211 6210
f 6195 6196 6212 6211
f 6196 6197 6213 6212
f 6197 6198 6214 6213
f 6198 6199 6215 6214
f 6199 6200 6216 6215
f 6200 6201 6217 6216
f 6201 6202 6218 6217
f 6202 6203 6219 6218
f 6203 6204 6220 6219
f 6204 6205 6221 6220
f 6205 6206 6222 6221
f 6206 6207 6223 6222
f 6207 6208 6224 6223
f 6208 6193 6209 6224
f 6209 6210 6226 6225
f 6210 6211 6227 6226
f 6211 6212 6228 6227
f 6212 6213 6229 6228
f 6213 6214 6230 6229
f 6214 6215 6231 6230
f 6215 6216 6232 6231
f 6216 6217 6233 6232
f 6217 6218 6234 6233
f 6218 6219 6235 6234
f 6219 6220 6236 6235
f 6220 6221 6237 6236
f 6221 6222 6238 6237
f 6222 6223 6239 6238
f 6223 6224 6240 6239
f 6224 6209 6225 6240
f 6225 6226 6242 6241
f 6226 6227 6243 6242
f 6227 6228 6244 6243
f 6228 6229 6245 6244
f 6229 6230 6246 6245
f 6230 6231 6247 6246
f 6231 6232 6248 6247
f 6232 6233 6249 6248
f 6233 6234 6250 6249
f 6234 6235 6251 6250
f 6235 6236 6252 6251
f 6236 6237 6253 6252
f 6237 6238 6254 6253
f 6238 6239 6255 6254
f 6239 6240 6256 6255
f 6240 6225 6241 6256
f 6241 6242 6258 6257
f 6242 6243 6259 6258
f 6243 6244 6260 6259
f 6244 6245 6261 6260
f 6245 6246 6262 6261
f 6246 6247 6263 6262
f 6247 6248 6264 6263
f 6248 6249 6265 6264
f 6249 6250 6266 6265
f 6250 6251 6267 6266
f 6251 6252 6268 6267
f 6252 6253 6269 6268
f 6253 6254 6270 6269
f 6254 6255 6271 6270
f 6255 6256 6272 6271
f 6256 6241 6257 6272
f 6257 6258 6274 6273
f 6258 6259 6275 6274
f 6259 6260 6276 6275
f 6260 6261 6277 6276
f 6261 6262 6278 6277
f 6262 6263 6279 6278
f 6263 6264 6280 6279
f 6264 6265 6281 6280
f 6265 6266 6282 6281
f 6266 6267 6283 6282
f 6267 6268 6284 6283
f 6268 6269 6285 6284
f 6269 6270 6286 6285
f 6270 6271 6287 6286
f 6271 6272 6288 6287
f 6272 6257 6273 6288
f 6273 6274 6290 6289
f 6274 6275 6291 6290
f 6275 6276 6292 6291
f 6276 6277 6293 6292
f 6277 6278 6294 6293
f 6278 6279 6295 6294
f 6279 6280 6296 6295
f 6280 6281 6297 6296
f 6281 6282 6298 6297
f 6282 6283 6299 6298
f 6283 6284 6300 6299
f 6284 6285 6301 6300
f 6285 6286 6302 6301
f 6286 6287 6303 6302
f 6287 6288 6304 6303
f 6288 6273 6289 6304
f 6289 6290 6306 6305
f 6290 6291 6307 6306
f 6291 6292 6308 6307
f 6292 6293 6309 6308
f 6293 6294 6310 6309
f 6294 6295 6311 6310
f 6295 6296 6312 6311
f 6296 6297 6313 6312
f 6297 6298 6314 6313
f 6298 6299 6315 6314
f 6299 6300 6316 6315
f 6300 6301 6317 6316
f 6301 6302 6318 6317
f 6302 6303 6319 6318
f 6303 6304 6320 6319
f 6304 6289 6305 6320
f 6305 6306 6322 6321
f 6306 6307 6323 6322
f 6307 6308 6324 6323
f 6308 6309 6325 6324
f 6309 6310 6326 6325
f 6310 6311 6327 6326
f 6311 6312 6328 6327
f 6312 6313 6329 6328
f 6313 6314 6330 6329
f 6314 6315 6331 6330
f 6315 6316 6332 6331
f 6316 6317 6333 6332
f 6317 6318 6334 6333
f 6318 6319 6335 6334
f 6319 6320 6336 6335
f 6320 6305 6321 6336
f 6337 6338 6354 6353
f 6338 6339 6355 6354
f 6339 6340 6356 6355
f 6340 6341 6357 6356
f 6341 6342 6358 6357
f 6342 6343 6359 6358
f 6343 6344 6360 6359
f 6344 6345 6361 6360
f 6345 6346 6362 6361
f 6346 6347 6363 6362
f 6347 6348 6364 6363
f 6348 6349 6365 6364
f 6349 6350 6366 6365
f 6350 6351 6367 6366
f 6351 6352 6368 6367
f 6352 6337 6353 6368
f 6353 6354 6370 6369
f 6354 6355 6371 6370
f 6355 6356 6372 6371
f 6356 6357 6373 6372
f 6357 6358 6374 6373
f 6358 6359 6375 6374
f 6359 6360 6376 6375
f 6360 6361 6377 6376
f 6361 6362 6378 6377
f 6362 6363 6379 6378
f 6363 6364 6380 6379
f 6364 6365 6381 6380
f 6365 6366 6382 6381
f 6366 6367 6383 6382
f 6367 6368 6384 6383
f 6368 6353 6369 6384
f 6369 6370 6386 6385
f 6370 6371 6387 6386
f 6371 6372 6388 6387
f 6372 6373 6389 6388
f 6373 6374 6390 6389
f 6374 6375 6391 6390
f 6375 6376 6392 6391
f 6376 6377 6393 6392
f 6377 6378 6394 6393
f 6378 6379 6395 6394
f 6379 6380 6396 6395
f 6380 6381 6397 6396
f 6381 6382 6398 6397
f 6382 6383 6399 6398
f 6383 6384 6400 6399
f 6384 6369 6385 6400
f 6385 6386 6402 6401
f 6386 6387 6403 6402
f 6387 6388 6404 6403
f 6388 6389 6405 6404
f 6389 6390 6406 6405
f 6390 6391 6407 6406
f 6391 6392 6408 6407
f 6392 6393 6409 6408
f 6393 6394 6410 6409
f 6394 6395 6411 6410
f 6395 6396 6412 6411
f 6396 6397 6413 6412
f 6397 6398 6414 6413
f 6398 6399 6415 6414
f 6399 6400 6416 6415
f 6400 6385 6401 6416
f 6401 6402 6418 6417
f 6402 6403 6419 6418
f 6403 6404 6420 6419
f 6404 6405 6421 6420
f 6405 6406 6422 6421
f 6406 6407 6423 6422
f 6407 6408 6424 6423
f 6408 6409 6425 6424
f 6409 6410 6426 6425
f 6410 6411 6427 6426
f 6411 6412 6428 6427
f 6412 6413 6429 6428
f 6413 6414 6430 6429
f 6414 6415 6431 6430
f 6415 6416 6432 6431
f 6416 6401 6417 6432
f 6417 6418 6434 6433
f 6418 6419 6435 6434
f 6419 6420 6436 6435
f 6420 6421 6437 6436
f 6421 6422 6438 6437
f 6422 6423 6439 6438
f 6423 6424 6440 6439
f 6424 6425 6441 6440
f 6425 6426 6442 6441
f 6426 6427 6443 6442
f 6427 6428 6444 6443
f 6428 6429 6445 6444
f 6429 6430 6446 6445
f 6430 6431 6447 6446
f 6431 6432 6448 6447
f 6432 6417 6433 6448
f 6433 6434 6450 6449
f 6434 6435 6451 6450
f 6435 6436 6452 6451
f 6436 6437 6453 6452
f 6437 6438 6454 6453
f 6438 6439 6455 6454
f 6439 6440 6456 6455
f 6440 6441 6457 6456
f 6441 6442 6458 6457
f 6442 6443 6459 6458
f 6443 6444 6460 6459
f 6444 6445 6461 6460
f 6445 6446 6462 6461
f 6446 6447 6463 6462
f 6447 6448 6464 6463
f 6448 6433 6449 6464
f 6449 6450 6466 6465
f 6450 6451 6467 6466
f 6451 6452 6468 6467
f 6452 6453 6469 6468
f 6453 6454 6470 6469
f 6454 6455 6471 6470
f 6455 6456 6472 6471
f 6456 6457 6473 6472
f 6457 6458 6474 6473
f 6458 6459 6475 6474
f 6459 6460 6476 6475
f 6460 6461 6477 6476
f 6461 6462 6478 6477
f 6462 6463 6479 6478
f 6463 6464 6480 6479
f 6464 6449 6465 6480
f 6465 6466 6482 6481
f 6466 6467 6483 6482
f 6467 6468 6484 6483
f 6468 6469 6485 6484
f 6469 6470 6486 6485
f 6470 6471 6487 6486
f 6471 6472 6488 6487
f 6472 6473 6489 6488
f 6473 6474 6490 6489
f 6474 6475 6491 6490
f 6475 6476 6492 6491
f 6476 6477 6493 6492
f 6477 6478 6494 6493
f 6478 6479 6495 6494
f 6479 6480 6496 6495
f 6480 6465 6481 6496
f 6481 6482 6498 6497
f 6482 6483 6499 6498
f 6483 6484 6500 6499
f 6484 6485 6501 6500
f 6485 6486 6502 6501
f 6486 6487 6503 6502
f 6487 6488 6504 6503
f 6488 6489 6505 6504
f 6489 6490 6506 6505
f 6490 6491 6507 6506
f 6491 6492 6508 6507
f 6492 6493 6509 6508
f 6493 6494 6510 6509
f 6494 6495 6511 6510
f 6495 6496 6512 6511
f 6496 6481 6497 6512
f 6513 6514 6530 6529
f 6514 6515 6531 6530
f 6515 6516 6532 6531
f 6516 6517 6533 6532
f 6517 6518 6534 6533
f 6518 6519 6535 6534
f 6519 6520 6536 6535
f 6520 6521 6537 6536
f 6521 6522 6538 6537
f 6522 6523 6539 6538
f 6523 6524 6540 6539
f 6524 6525 6541 6540
f 6525 6526 6542 6541
f 6526 6527 6543 6542
f 6527 6528 6544 6543
f 6528 6513 6529 6544
f 6529 6530 6546 6545
f 6530 6531 6547 6546
f 6531 6532 6548 6547
f 6532 6533 6549 6548
f 6533 6534 6550 6549
f 6534 6535 6551 6550
f 6535 6536 6552 6551
f 6536 6537 6553 6552
f 6537 6538 6554 6553
f 6538 6539 6555 6554
f 6539 6540 6556 6555
f 6540 6541 6557 6556
f 6541 6542 6558 6557
f 6542 6543 6559 6558
f 6543 6544 6560 6559
f 6544 6529 6545 6560
f 6545 6546 6562 6561
f 6546 6547 6563 6562
f 6547 6548 6564 6563
f 6548 6549 6565 6564
f 6549 6550 6566 6565
f 6550 6551 6567 6566
f 6551 6552 6568 6567
f 6552 6553 6569 6568
f 6553 6554 6570 6569
f 6554 6555 6571 6570
f 6555 6556 6572 6571
f 6556 6557 6573 6572
f 6557 6558 6574 6573
f 6558 6559 6575 6574
f 6559 6560 6576 6575
f 6560 6545 6561 6576
f 6561 6562 6578 6577
f 6562 6563 6579 6578
f 6563 6564 6580 6579
f 6564 6565 6581 6580
f 6565 6566 6582 6581
f 6566 6567 6583 6582
f 6567 6568 6584 6583
f 6568 6569 6585 6584
f 6569 6570 6586 6585
f 6570 6571 6587 6586
f 6571 6572 6588 6587
f 6572 6573 6589 6588
f 6573 6574 6590 6589
f 6574 6575 6591 6590
f 6575 6576 6592 6591
f 6576 6561 6577 6592
f 6577 6578 6594 6593
f 6578 6579 6595 6594
f 6579 6580 6596 6595
f 6580 6581 6597 6596
f 6581 6582 6598 6597
f 6582 6583 6599 6598
f 6583 6584 6600 6599
f 6584 6585 6601 6600
f 6585 6586 6602 6601
f 6586 6587 6603 6602
f 6587 6588 6604 6603
f 6588 6589 6605 6604
f 6589 6590 6606 6605
f 6590 6591 6607 6606
f 6591 6592 6608 6607
f 6592 6577 6593 6608
f 6593 6594 6610 6609
f 6594 6595 6611 6610
f 6595 6596 6612 6611
f 6596 6597 6613 6612
f 6597 6598 6614 6613
f 6598 6599 6615 6614
f 6599 6600 6616 6615
f 6600 6601 6617 6616
f 6601 6602 6618 6617
f 6602 6603 6619 6618
f 6603 6604 6620 6619
f 6604 6605 6621 6620
f 6605 6606 6622 6621
f 6606 6607 6623 6622
f 6607 6608 6624 6623
f 6608 6593 6609 6624
f 6609 6610 6626 6625
f 6610 6611 6627 6626
f 6611 6612 6628 6627
f 6612 6613 6629 6628
f 6613 6614 6630 6629
f 6614 6615 6631 6630
f 6615 6616 6632 6631
f 6616 6617 6633 6632
f 6617 6618 6634 6633
f 6618 6619 6635 6634
f 6619 6620 6636 6635
f 6620 6621 6637 6636
f 6621 6622 6638 6637
f 6622 6623 6639 6638
f 6623 6624 6640 6639
f 6624 6609 6625 6640
f 6625 6626 6642 6641
f 6626 6627 6643 6642
f 6627 6628 6644 6643
f 6628 6629 6645 6644
f 6629 6630 6646 6645
f 6630 6631 6647 6646
f 6631 6632 6648 6647
f 6632 6633 6649 6648
f 6633 6634 6650 6649
f 6634 6635 6651 6650
f 6635 6636 6652 6651
f 6636 6637 6653 6652
f 6637 6638 6654 6653
f 6638 6639 6655 6654
f 6639 6640 6656 6655
f 6640 6625 6641 6656
f 6641 6642 6658 6657
f 6642 6643 6659 6658
f 6643 6644 6660 6659
f 6644 6645 6661 6660
f 6645 6646 6662 6661
f 6646 6647 6663 6662
f 6647 6648 6664 6663
f 6648 6649 6665 6664
f 6649 6650 6666 6665
f 6650 6651 6667 6666
f 6651 6652 6668 6667
f 6652 6653 6669 6668
f 6653 6654 6670 6669
f 6654 6655 6671 6670
f 6655 6656 6672 6671
f 6656 6641 6657 6672
f 6657 6658 6674 6673
f 6658 6659 6675 6674
f 6659 6660 6676 6675
f 6660 6661 6677 6676
f 6661 6662 6678 6677
f 6662 6663 6679 6678
f 6663 6664 6680 6679
f 6664 6665 6681 6680
f 6665 6666 6682 6681
f 6666 6667 6683 6682
f 6667 6668 6684 6683
f 6668 6669 6685 6684
f 6669 6670 6686 6685
f 6670 6671 6687 6686
f 6671 6672 6688 6687
f 6672 6657 6673 6688
f 6689 6690 6706 6705
f 6690 6691 6707 6706
f 6691 6692 6708 6707
f 6692 6693 6709 6708
f 6693 6694 6710 6709
f 6694 6695 6711 6710
f 6695 6696 6712 6711
f 6696 6697 6713 6712
f 6697 6698 6714 6713
f 6698 6699 6715 6714
f 6699 6700 6716 6715
f 6700 6701 6717 6716
f 6701 6702 6718 6717
f 6702 6703 6719 6718
f 6703 6704 6720 6719
f 6704 6689 6705 6720
f 6705 6706 6722 6721
f 6706 6707 6723 6722
f 6707 6708 6724 6723
f 6708 6709 6725 6724
f 6709 6710 6726 6725
f 6710 6711 6727 6726
f 6711 6712 6728 6727
f 6712 6713 6729 6728
f 6713 6714 6730 6729
f 6714 6715 6731 6730
f 6715 6716 6732 6731
f 6716 6717 6733 6732
f 6717 6718 6734 6733
f 6718 6719 6735 6734
f 6719 6720 6736 6735
f 6720 6705 6721 6736
f 6721 6722 6738 6737
f 6722 6723 6739 6738
f 6723 6724 6740 6739
f 6724 6725 6741 6740
f 6725 6726 6742 6741
f 6726 6727 6743 6742
f 6727 6728 6744 6743
f 6728 6729 6745 6744
f 6729 6730 6746 6745
f 6730 6731 6747 6746
f 6731 6732 6748 6747
f 6732 6733 6749 6748
f 6733 6734 6750 6749
f 6734 6735 6751 6750
f 6735 6736 6752 6751
f 6736 6721 6737 6752
f 6737 6738 6754 6753
f 6738 6739 6755 6754
f 6739 6740 6756 6755
f 6740 6741 6757 6756
f 6741 6742 6758 6757
f 6742 6743 6759 6758
f 6743 6744 6760 6759
f 6744 6745 6761 6760
f 6745 6746 6762 6761
f 6746 6747 6763 6762
f 6747 6748 6764 6763
f 6748 6749 6765 6764
f 6749 6750 6766 6765
f 6750 6751 6767 6766
f 6751 6752 6768 6767
f 6752 6737 6753 6768
f 6753 6754 6770 6769
f 6754 6755 6771 6770
f 6755 6756 6772 6771
f 6756 6757 6773 6772
f 6757 6758 6774 6773
f 6758 6759 6775 6774
f 6759 6760 6776 6775
f 6760 6761 6777 6776
f 6761 6762 6778 6777
f 6762 6763 6779 6778
f 6763 6764 6780 6779
f 6764 6765 6781 6780
f 6765 6766 6782 6781
f 6766 6767 6783 6782
f 6767 6768 6784 6783
f 6768 6753 6769 6784
f 6769 6770 6786 6785
f 6770 6771 6787 6786
f 6771 6772 6788 6787
f 6772 6773 6789 6788
f 6773 6774 6790 6789
f 6774 6775 6791 6790
f 6775 6776 6792 6791
f 6776 6777 6793 6792
f 6777 6778 6794 6793
f 6778 6779 6795 6794
f 6779 6780 6796 6795
f 6780 6781 6797 6796
f 6781 6782 6798 6797
f 6782 6783 6799 6798
f 6783 6784 6800 6799
f 6784 6769 6785 6800
f 6785 6786 6802 6801
f 6786 6787 6803 6802
f 6787 6788 6804 6803
f 6788 6789 6805 6804
f 6789 6790 6806 6805
f 6790 6791 6807 6806
f 6791 6792 6808 6807
f 6792 6793 6809 6808
f 6793 6794 6810 6809
f 6794 6795 6811 6810
f 6795 6796 6812 6811
f 6796 6797 6813 6812
f 6797 6798 6814 6813
f 6798 6799 6815 6814
f 6799 6800 6816 6815
f 6800 6785 6801 6816
f 6801 6802 6818 6817
f 6802 6803 6819 6818
f 6803 6804 6820 6819
f 6804 6805 6821 6820
f 6805 6806 6822 6821
f 6806 6807 6823 6822
f 6807 6808 6824 6823
f 6808 6809 6825 6824
f 6809 6810 6826 6825
f 6810 6811 6827 6826
f 6811 6812 6828 6827
f 6812 6813 6829 6828
f 6813 6814 6830 6829
f 6814 6815 6831 6830
f 6815 6816 6832 6831
f 6816 6801 6817 6832
f 6817 6818 6834 6833
f 6818 6819 6835 6834
f 6819 6820 6836 6835
f 6820 6821 6837 6836
f 6821 6822 6838 6837
f 6822 6823 6839 6838
f 6823 6824 6840 6839
f 6824 6825 6841 6840
f 6825 6826 6842 6841
f 6826 6827 6843 6842
f 6827 6828 6844 6843
f 6828 6829 6845 6844
f 6829 6830 6846 6845
f 6830 6831 6847 6846
f 6831 6832 6848 6847
f 6832 6817 6833 6848
f 6833 6834 6850 6849
f 6834 6835 6851 6850
f 6835 6836 6852 6851
f 6836 6837 6853 6852
f 6837 6838 6854 6853
f 6838 6839 6855 6854
f 6839 6840 6856 6855
f 6840 6841 6857 6856
f 6841 6842 6858 6857
f 6842 6843 6859 6858
f 6843 6844 6860 6859
f 6844 6845 6861 6860
f 6845 6846 6862 6861
f 6846 6847 6863 6862
f 6847 6848 6864 6863
f 6848 6833 6849 6864
f 6865 6866 6882 6881
f 6866 6867 6883 6882
f 6867 6868 6884 6883
f 6868 6869 6885 6884
f 6869 6870 6886 6885
f 6870 6871 6887 6886
f 6871 6872 6888 6887
f 6872 6873 6889 6888
f 6873 6874 6890 6889
f 6874 6875 6891 6890
f 6875 6876 6892 6891
f 6876 6877 6893 6892
f 6877 6878 6894 6893
f 6878 6879 6895 6894
f 6879 6880 6896 6895
f 6880 6865 6881 6896
f 6881 6882 6898 6897
f 6882 6883 6899 6898
f 6883 6884 6900 6899
f 6884 6885 6901 6900
f 6885 6886 6902 6901
f 6886 6887 6903 6902
f 6887 6888 6904 6903
f 6888 6889 6905 6904
f 6889 6890 6906 6905
f 6890 6891 6907 6906
f 6891 6892 6908 6907
f 6892 6893 6909 6908
f 6893 6894 6910 6909
f 6894 6895 6911 6910
f 6895 6896 6912 6911
f 6896 6881 6897 6912
f 6897 6898 6914 6913
f 6898 6899 6915 6914
f 6899 6900 6916 6915
f 6900 6901 6917 6916
f 6901 6902 6918 6917
f 6902 6903 6919 6918
f 6903 6904 6920 6919
f 6904 6905 6921 6920
f 6905 6906 6922 6921
f 6906 6907 6923 6922
f 6907 6908 6924 6923
f 6908 6909 6925 6924
f 6909 6910 6926 6925
f 6910 6911 6927 6926
f 6911 6912 6928 6927
f 6912 6897 6913 6928
f 6913 6914 6930 6929
f 6914 6915 6931 6930
f 6915 6916 6932 6931
f 6916 6917 6933 6932
f 6917 6918 6934 6933
f 6918 6919 6935 6934
f 6919 6920 6936 6935
f 6920 6921 6937 6936
f 6921 6922 6938 6937
f 6922 6923 6939 6938
f 6923 6924 6940 6939
f 6924 6925 6941 6940
f 6925 6926 6942 6941
f 6926 6927 6943 6942
f 6927 6928 6944 6943
f 6928 6913 6929 6944
f 6929 6930 6946 6945
f 6930 6931 6947 6946
f 6931 6932 6948 6947
f 6932 6933 6949 6948
f 6933 6934 6950 6949
f 6934 6935 6951 6950
f 6935 6936 6952 6951
f 6936 6937 6953 6952
f 6937 6938 6954 6953
f 6938 6939 6955 6954
f 6939 6940 6956 6955
f 6940 6941 6957 6956
f 6941 6942 6958 6957
f 6942 6943 6959 6958
f 6943 6944 6960 6959
f 6944 6929 6945 6960
f 6945 6946 6962 6961
f 6946 6947 6963 6962
f 6947 6948 6964 6963
f 6948 6949 6965 6964
f 6949 6950 6966 6965
f 6950 6951 6967 6966
f 6951 6952 6968 6967
f 6952 6953 6969 6968
f 6953 6954 6970 6969
f 6954 6955 6971 6970
f 6955 6956 6972 6971
f 6956 6957 6973 6972
f 6957 6958 6974 6973
f 6958 6959 6975 6974
f 6959 6960 6976 6975
f 6960 6945 6961 6976
f 6961 6962 6978 6977
f 6962 6963 6979 6978
f 6963 6964 6980 6979
f 6964 6965 6981 6980
f 6965 6966 6982 6981
f 6966 6967 6983 6982
f 6967 6968 6984 6983
f 6968 6969 6985 6984
f 6969 6970 6986 6985
f 6970 6971 6987 6986
f 6971 6972 6988 6987
f 6972 6973 6989 6988
f 6973 6974 6990 6989
f 6974 6975 6991 6990
f 6975 6976 6992 6991
f 6976 6961 6977 6992
f 6977 6978 6994 6993
f 6978 6979 6995 6994
f 6979 6980 6996 6995
f 6980 6981 6997 6996
f 6981 6982 6998 6997
f 6982 6983 6999 6998
f 6983 6984 7000 6999
f 6984 6985 7001 7000
f 6985 6986 7002 7001
f 6986 6987 7003 7002
f 6987 6988 7004 7003
f 6988 6989 7005 7004
f 6989 6990 7006 7005
f 6990 6991 7007 7006
f 6991 6992 7008 7007
f 6992 6977 6993 7008
f 6993 6994 7010 7009
f 6994 6995 7011 7010
f 6995 6996 7012 7011
f 6996 6997 7013 7012
f 6997 6998 7014 7013
f 6998 6999 7015 7014
f 6999 7000 7016 7015
f 7000 7001 7017 7016
f 7001 7002 7018 7017
f 7002 7003 7019 7018
f 7003 7004 7020 7019
f 7004 7005 7021 7020
f 7005 7006 7022 7021
f 7006 7007 7023 7022
f 7007 7008 7024 7023
f 7008 6993 7009 7024
f 7009 7010 7026 7025
f 7010 7011 7027 7026
f 7011 7012 7028 7027
f 7012 7013 7029 7028
f 7013 7014 7030 7029
f 7014 7015 7031 7030
f 7015 7016 7032 7031
f 7016 7017 7033 7032
f 7017 7018 7034 7033
f 7018 7019 7035 7034
f 7019 7020 7036 7035
f 7020 7021 7037 7036
f 7021 7022 7038 7037
f 7022 7023 7039 7038
f 7023 7024 7040 7039
f 7024 7009 7025 7040
f 7041 7042 7058 7057
f 7042 7043 7059 7058
f 7043 7044 7060 7059
f 7044 7045 7061 7060
f 7045 7046 7062 7061
f 7046 7047 7063 7062
f 7047 7048 7064 7063
f 7048 7049 7065 7064
f 7049 7050 7066 7065
f 7050 7051 7067 7066
f 7051 7052 7068 7067
f 7052 7053 7069 7068
f 7053 7054 7070 7069
f 7054 7055 7071 7070
f 7055 7056 7072 7071
f 7056 7041 7057 7072
f 7057 7058 7074 7073
f 7058 7059 7075 7074
f 7059 7060 7076 7075
f 7060 7061 7077 7076
f 7061 7062 7078 7077
f 7062 7063 7079 7078
f 7063 7064 7080 7079
f 7064 7065 7081 7080
f 7065 7066 7082 7081
f 7066 7067 7083 7082
f 7067 7068 7084 7083
f 7068 7069 7085 7084
f 7069 7070 7086 7085
f 7070 7071 7087 7086
f 7071 7072 7088 7087
f 7072 7057 7073 7088
f 7073 7074 7090 7089
f 7074 7075 7091 7090
f 7075 7076 7092 7091
f 7076 7077 7093 7092
f 7077 7078 7094 7093
f 7078 7079 7095 7094
f 7079 7080 7096 7095
f 7080 7081 7097 7096
f 7081 7082 7098 7097
f 7082 7083 7099 7098
f 7083 7084 7100 7099
f 7084 7085 7101 7100
f 7085 7086 7102 7101
f 7086 7087 7103 7102
f 7087 7088 7104 7103
f 7088 7073 7089 7104
f 7089 7090 7106 7105
f 7090 7091 7107 7106
f 7091 7092 7108 7107
f 7092 7093 7109 7108
f 7093 7094 7110 7109
f 7094 7095 7111 7110
f 7095 7096 7112 7111
f 7096 7097 7113 7112
f 7097 7098 7114 7113
f 7098 7099 7115 7114
f 7099 7100 7116 7115
f 7100 7101 7117 7116
f 7101 7102 7118 7117
f 7102 7103 7119 7118
f 7103 7104 7120 7119
f 7104 7089 7105 7120
f 7105 7106 7122 7121
f 7106 7107 7123 7122
f 7107 7108 7124 7123
f 7108 7109 7125 7124
f 7109 7110 7126 7125
f 7110 7111 7127 7126
f 7111 7112 7128 7127
f 7112 7113 7129 7128
f 7113 7114 7130 7129
f 7114 7115 7131 7130
f 7115 7116 7132 7131
f 7116 7117 7133 7132
f 7117 7118 7134 7133
f 7118 7119 7135 7134
f 7119 7120 7136 7135
f 7120 7105 7121 7136
f 7121 7122 7138 7137
f 7122 7123 7139 7138
f 7123 7124 7140 7139
f 7124 7125 7141 7140
f 7125 7126 7142 7141
f 7126 7127 7143 7142
f 7127 7128 7144 7143
f 7128 7129 7145 7144
f 7129 7130 7146 7145
f 7130 7131 7147 7146
f 7131 7132 7148 7147
f 7132 7133 7149 7148
f 7133 7134 7150 7149
f 7134 7135 7151 7150
f 7135 7136 7152 7151
f 7136 7121 7137 7152
f 7137 7138 7154 7153
f 7138 7139 7155 7154
f 7139 7140 7156 7155
f 7140 7141 7157 7156
f 7141 7142 7158 7157
f 7142 7143 7159 7158
f 7143 7144 7160 7159
f 7144 7145 7161 7160
f 7145 7146 7162 7161
f 7146 7147 7163 7162
f 7147 7148 7164 7163
f 7148 7149 7165 7164
f 7149 7150 7166 7165
f 7150 7151 7167 7166
f 7151 7152 7168 7167
f 7152 7137 7153 7168
f 7153 7154 7170 7169
f 7154 7155 7171 7170
f 7155 7156 7172 7171
f 7156 7157 7173 7172
f 7157 7158 7174 7173
f 7158 7159 7175 7174
f 7159 7160 7176 7175
f 7160 7161 7177 7176
f 7161 7162 7178 7177
f 7162 7163 7179 7178
f 7163 7164 7180 7179
f 7164 7165 7181 7180
f 7165 7166 7182 7181
f 7166 7167 7183 7182
f 7167 7168 7184 7183
f 7168 7153 7169 7184
f 7169 7170 7186 7185
f 7170 7171 7187 7186
f 7171 7172 7188 7187
f 7172 7173 7189 7188
f 7173 7174 7190 7189
f 7174 7175 7191 7190
f 7175 7176 7192 7191
f 7176 7177 7193 7192
f 7177 7178 7194 7193
f 7178 7179 7195 7194
f 7179 7180 7196 7195
f 7180 7181 7197 7196
f 7181 7182 7198 7197
f 7182 7183 7199 7198
f 7183 7184 7200 7199
f 7184 7169 7185 7200
f 7185 7186 7202 7201
f 7186 7187 7203 7202
f 7187 7188 7204 7203
f 7188 7189 7205 7204
f 7189 7190 7206 7205
f 7190 7191 7207 7206
f 7191 7192 7208 7207
f 7192 7193 7209 7208
f 7193 7194 7210 7209
f 7194 7195 7211 7210
f 7195 7196 7212 7211
f 7196 7197 7213 7212
f 7197 7198 7214 7213
f 7198 7199 7215 7214
f 7199 7200 7216 7215
f 7200 7185 7201 7216
f 7217 7218 7234 7233
f 7218 7219 7235 7234
f 7219 7220 7236 7235
f 7220 7221 7237 7236
f 7221 7222 7238 7237
f 7222 7223 7239 7238
f 7223 7224 7240 7239
f 7224 7225 7241 7240
f 7225 7226 7242 7241
f 7226 7227 7243 7242
f 7227 7228 7244 7243
f 7228 7229 7245 7244
f 7229 7230 7246 7245
f 7230 7231 7247 7246
f 7231 7232 7248 7247
f 7232 7217 7233 7248
f 7233 7234 7250 7249
f 7234 7235 7251 7250
f 7235 7236 7252 7251
f 7236 7237 7253 7252
f 7237 7238 7254 7253
f 7238 7239 7255 7254
f 7239 7240 7256 7255
f 7240 7241 7257 7256
f 7241 7242 7258 7257
f 7242 7243 7259 7258
f 7243 7244 7260 7259
f 7244 7245 7261 7260
f 7245 7246 7262 7261
f 7246 7247 7263 7262
f 7247 7248 7264 7263
f 7248 7233 7249 7264
f 7249 7250 7266 7265
f 7250 7251 7267 7266
f 7251 7252 7268 7267
f 7252 7253 7269 7268
f 7253 7254 7270 7269
f 7254 7255 7271 7270
f 7255 7256 7272 7271
f 7256 7257 7273 7272
f 7257 7258 7274 7273
f 7258 7259 7275 7274
f 7259 7260 7276 7275
f 7260 7261 7277 7276
f 7261 7262 7278 7277
f 7262 7263 7279 7278
f 7263 7264 7280 7279
f 7264 7249 7265 7280
f 7265 7266 7282 7281
f 7266 7267 7283 7282
f 7267 7268 7284 7283
f 7268 7269 7285 7284
f 7269 7270 7286 7285
f 7270 7271 7287 7286
f 7271 7272 7288 7287
f 7272 7273 7289 7288
f 7273 7274 7290 7289
f 7274 7275 7291 7290
f 7275 7276 7292 7291
f 7276 7277 7293 7292
f 7277 7278 7294 7293
f 7278 7279 7295 7294
f 7279 7280 7296 7295
f 7280 7265 7281 7296
f 7281 7282 7298 7297
f 7282 7283 7299 7298
f 7283 7284 7300 7299
f 7284 7285 7301 7300
f 7285 7286 7302 7301
f 7286 7287 7303 7302
f 7287 7288 7304 7303
f 7288 7289 7305 7304
f 7289 7290 7306 7305
f 7290 7291 7307 7306
f 7291 7292 7308 7307
f 7292 7293 7309 7308
f 7293 7294 7310 7309
f 7294 7295 7311 7310
f 7295 7296 7312 7311
f 7296 7281 7297 7312
f 7297 7298 7314 7313
f 7298 7299 7315 7314
f 7299 7300 7316 7315
f 7300 7301 7317 7316
f 7301 7302 7318 7317
f 7302 7303 7319 7318
f 7303 7304 7320 7319
f 7304 7305 7321 7320
f 7305 7306 7322 7321
f 7306 7307 7323 7322
f 7307 7308 7324 7323
f 7308 7309 7325 7324
f 7309 7310 7326 7325
f 7310 7311 7327 7326
f 7311 7312 7328 7327
f 7312 7297 7313 7328
f 7313 7314 7330 7329
f 7314 7315 7331 7330
f 7315 7316 7332 7331
f 7316 7317 7333 7332
f 7317 7318 7334 7333
f 7318 7319 7335 7334
f 7319 7320 7336 7335
f 7320 7321 7337 7336
f 7321 7322 7338 7337
f 7322 7323 7339 7338
f 7323 7324 7340 7339
f 7324 7325 7341 7340
f 7325 7326 7342 7341
f 7326 7327 7343 7342
f 7327 7328 7344 7343
f 7328 7313 7329 7344
f 7329 7330 7346 7345
f 7330 7331 7347 7346
f 7331 7332 7348 7347
f 7332 7333 7349 7348
f 7333 7334 7350 7349
f 7334 7335 7351 7350
f 7335 7336 7352 7351
f 7336 7337 7353 7352
f 7337 7338 7354 7353
f 7338 7339 7355 7354
f 7339 7340 7356 7355
f 7340 7341 7357 7356
f 7341 7342 7358 7357
f 7342 7343 7359 7358
f 7343 7344 7360 7359
f 7344 7329 7345 7360
f 7345 7346 7362 7361
f 7346 7347 7363 7362
f 7347 7348 7364 7363
f 7348 7349 7365 7364
f 7349 7350 7366 7365
f 7350 7351 7367 7366
f 7351 7352 7368 7367
f 7352 7353 7369 7368
f 7353 7354 7370 7369
f 7354 7355 7371 7370
f 7355 7356 7372 7371
f 7356 7357 7373 7372
f 7357 7358 7374 7373
f 7358 7359 7375 7374
f 7359 7360 7376 7375
f 7360 7345 7361 7376
f 7361 7362 7378 7377
f 7362 7363 7379 7378
f 7363 7364 7380 7379
f 7364 7365 7381 7380
f 7365 7366 7382 7381
f 7366 7367 7383 7382
f 7367 7368 7384 7383
f 7368 7369 7385 7384
f 7369 7370 7386 7385
f 7370 7371 7387 7386
f 7371 7372 7388 7387
f 7372 7373 7389 7388
f 7373 7374 7390 7389
f 7374 7375 7391 7390
f 7375 7376 7392 7391
f 7376 7361 7377 7392
f 7393 7394 7410 7409
f 7394 7395 7411 7410
f 7395 7396 7412 7411
f 7396 7397 7413 7412
f 7397 7398 7414 7413
f 7398 7399 7415 7414
f 7399 7400 7416 7415
f 7400 7401 7417 7416
f 7401 7402 7418 7417
f 7402 7403 7419 7418
f 7403 7404 7420 7419
f 7404 7405 7421 7420
f 7405 7406 7422 7421
f 7406 7407 7423 7422
f 7407 7408 7424 7423
f 7408 7393 7409 7424
f 7409 7410 7426 7425
f 7410 7411 7427 7426
f 7411 7412 7428 7427
f 7412 7413 7429 7428
f 7413 7414 7430 7429
f 7414 7415 7431 7430
f 7415 7416 7432 7431
f 7416 7417 7433 7432
f 7417 7418 7434 7433
f 7418 7419 7435 7434
f 7419 7420 7436 7435
f 7420 7421 7437 7436
f 7421 7422 7438 7437
f 7422 7423 7439 7438
f 7423 7424 7440 7439
f 7424 7409 7425 7440
f 7425 7426 7442 7441
f 7426 7427 7443 7442
f 7427 7428 7444 7443
f 7428 7429 7445 7444
f 7429 7430 7446 7445
f 7430 7431 7447 7446
f 7431 7432 7448 7447
f 7432 7433 7449 7448
f 7433 7434 7450 7449
f 7434 7435 7451 7450
f 7435 7436 7452 7451
f 7436 7437 7453 7452
f 7437 7438 7454 7453
f 7438 7439 7455 7454
f 7439 7440 7456 7455
f 7440 7425 7441 7456
f 7441 7442 7458 7457
f 7442 7443 7459 7458
f 7443 7444 7460 7459
f 7444 7445 7461 7460
f 7445 7446 7462 7461
f 7446 7447 7463 7462
f 7447 7448 7464 7463
f 7448 7449 7465 7464
f 7449 7450 7466 7465
f 7450 7451 7467 7466
f 7451 7452 7468 7467
f 7452 7453 7469 7468
f 7453 7454 7470 7469
f 7454 7455 7471 7470
f 7455 7456 7472 7471
f 7456 7441 7457 7472
f 7457 7458 7474 7473
f 7458 7459 7475 7474
f 7459 7460 7476 7475
f 7460 7461 7477 7476
f 7461 7462 7478 7477
f 7462 7463 7479 7478
f 7463 7464 7480 7479
f 7464 7465 7481 7480
f 7465 7466 7482 7481
f 7466 7467 7483 7482
f 7467 7468 7484 7483
f 7468 7469 7485 7484
f 7469 7470 7486 7485
f 7470 7471 7487 7486
f 7471 7472 7488 7487
f 7472 7457 7473 7488
f 7473 7474 7490 7489
f 7474 7475 7491 7490
f 7475 7476 7492 7491
f 7476 7477 7493 7492
f 7477 7478 7494 7493
f 7478 7479 7495 7494
f 7479 7480 7496 7495
f 7480 7481 7497 7496
f 7481 7482 7498 7497
f 7482 7483 7499 7498
f 7483 7484 7500 7499
f 7484 7485 7501 7500
f 7485 7486 7502 7501
f 7486 7487 7503 7502
f 7487 7488 7504 7503
f 7488 7473 7489 7504
f 7489 7490 7506 7505
f 7490 7491 7507 7506
f 7491 7492 7508 7507
f 7492 7493 7509 7508
f 7493 7494 7510 7509
f 7494 7495 7511 7510
f 7495 7496 7512 7511
f 7496 7497 7513 7512
f 7497 7498 7514 7513
f 7498 7499 7515 7514
f 7499 7500 7516 7515
f 7500 7501 7517 7516
f 7501 7502 7518 7517
f 7502 7503 7519 7518
f 7503 7504 7520 7519
f 7504 7489 7505 7520
f 7505 7506 7522 7521
f 7506 7507 7523 7522
f 7507 7508 7524 7523
f 7508 7509 7525 7524
f 7509 7510 7526 7525
f 7510 7511 7527 7526
f 7511 7512 7528 7527
f 7512 7513 7529 7528
f 7513 7514 7530 7529
f 7514 7515 7531 7530
f 7515 7516 7532 7531
f 7516 7517 7533 7532
f 7517 7518 7534 7533
f 7518 7519 7535 7534
f 7519 7520 7536 7535
f 7520 7505 7521 7536
f 7521 7522 7538 7537
f 7522 7523 7539 7538
f 7523 7524 7540 7539
f 7524 7525 7541 7540
f 7525 7526 7542 7541
f 7526 7527 7543 7542
f 7527 7528 7544 7543
f 7528 7529 7545 7544
f 7529 7530 7546 7545
f 7530 7531 7547 7546
f 7531 7532 7548 7547
f 7532 7533 7549 7548
f 7533 7534 7550 7549
f 7534 7535 7551 7550
f 7535 7536 7552 7551
f 7536 7521 7537 7552
f 7537 7538 7554 7553
f 7538 7539 7555 7554
f 7539 7540 7556 7555
f 7540 7541 7557 7556
f 7541 7542 7558 7557
f 7542 7543 7559 7558
f 7543 7544 7560 7559
f 7544 7545 7561 7560
f 7545 7546 7562 7561
f 7546 7547 7563 7562
f 7547 7548 7564 7563
f 7548 7549 7565 7564
f 7549 7550 7566 7565
f 7550 7551 7567 7566
f 7551 7552 7568 7567
f 7552 7537 7553 7568
f 7569 7570 7586 7585
f 7570 7571 7587 7586
f 7571 7572 7588 7587
f 7572 7573 7589 7588
f 7573 7574 7590 7589
f 7574 7575 7591 7590
f 7575 7576 7592 7591
f 7576 7577 7593 7592
f 7577 7578 7594 7593
f 7578 7579 7595 7594
f 7579 7580 7596 7595
f 7580 7581 7597 7596
f 7581 7582 7598 7597
f 7582 7583 7599 7598
f 7583 7584 7600 7599
f 7584 7569 7585 7600
f 7585 7586 7602 7601
f 7586 7587 7603 7602
f 7587 7588 7604 7603
f 7588 7589 7605 7604
f 7589 7590 7606 7605
f 7590 7591 7607 7606
f 7591 7592 7608 7607
f 7592 7593 7609 7608
f 7593 7594 7610 7609
f 7594 7595 7611 7610
f 7595 7596 7612 7611
f 7596 7597 7613 7612
f 7597 7598 7614 7613
f 7598 7599 7615 7614
f 7599 7600 7616 7615
f 7600 7585 7601 7616
f 7601 7602 7618 7617
f 7602 7603 7619 7618
f 7603 7604 7620 7619
f 7604 7605 7621 7620
f 7605 7606 7622 7621
f 7606 7607 7623 7622
f 7607 7608 7624 7623
f 7608 7609 7625 7624
f 7609 7610 7626 7625
f 7610 7611 7627 7626
f 7611 7612 7628 7627
f 7612 7613 7629 7628
f 7613 7614 7630 7629
f 7614 7615 7631 7630
f 7615 7616 7632 7631
f 7616 7601 7617 7632
f 7617 7618 7634 7633
f 7618 7619 7635 7634
f 7619 7620 7636 7635
f 7620 7621 7637 7636
f 7621 7622 7638 7637
f 7622 7623 7639 7638
f 7623 7624 7640 7639
f 7624 7625 7641 7640
f 7625 7626 7642 7641
f 7626 7627 7643 7642
f 7627 7628 7644 7643
f 7628 7629 7645 7644
f 7629 7630 7646 7645
f 7630 7631 7647 7646
f 7631 7632 7648 7647
f 7632 7617 7633 7648
f 7633 7634 7650 7649
f 7634 7635 7651 7650
f 7635 7636 7652 7651
f 7636 7637 7653 7652
f 7637 7638 7654 7653
f 7638 7639 7655 7654
f 7639 7640 7656 7655
f 7640 7641 7657 7656
f 7641 7642 7658 7657
f 7642 7643 7659 7658
f 7643 7644 7660 7659
f 7644 7645 7661 7660
f 7645 7646 7662 7661
f 7646 7647 7663 7662
f 7647 7648 7664 7663
f 7648 7633 7649 7664
f 7649 7650 7666 7665
f 7650 7651 7667 7666
f 7651 7652 7668 7667
f 7652 7653 7669 7668
f 7653 7654 7670 7669
f 7654 7655 7671 7670
f 7655 7656 7672 7671
f 7656 7657 7673 7672
f 7657 7658 7674 7673
f 7658 7659 7675 7674
f 7659 7660 7676 7675
f 7660 7661 7677 7676
f 7661 7662 7678 7677
f 7662 7663 7679 7678
f 7663 7664 7680 7679
f 7664 7649 7665 7680
f 7665 7666 7682 7681
f 7666 7667 7683 7682
f 7667 7668 7684 7683
f 7668 7669 7685 7684
f 7669 7670 7686 7685
f 7670 7671 7687 7686
f 7671 7672 7688 7687
f 7672 7673 7689 7688
f 7673 7674 7690 7689
f 7674 7675 7691 7690
f 7675 7676 7692 7691
f 7676 7677 7693 7692
f 7677 7678 7694 7693
f 7678 7679 7695 7694
f 7679 7680 7696 7695
f 7680 7665 7681 7696
f 7681 7682 7698 7697
f 7682 7683 7699 7698
f 7683 7684 7700 7699
f 7684 7685 7701 7700
f 7685 7686 7702 7701
f 7686 7687 7703 7702
f 7687 7688 7704 7703
f 7688 7689 7705 7704
f 7689 7690 7706 7705
f 7690 7691 7707 7706
f 7691 7692 7708 7707
f 7692 7693 7709 7708
f 7693 7694 7710 7709
f 7694 7695 7711 7710
f 7695 7696 7712 7711
f 7696 7681 7697 7712
f 7697 7698 7714 7713
f 7698 7699 7715 7714
f 7699 7700 7716 7715
f 7700 7701 7717 7716
f 7701 7702 7718 7717
f 7702 7703 7719 7718
f 7703 7704 7720 7719
f 7704 7705 7721 7720
f 7705 7706 7722 7721
f 7706 7707 7723 7722
f 7707 7708 7724 7723
f 7708 7709 7725 7724
f 7709 7710 7726 7725
f 7710 7711 7727 7726
f 7711 7712 7728 7727
f 7712 7697 7713 7728
f 7713 7714 7730 7729
f 7714 7715 7731 7730
f 7715 7716 7732 7731
f 7716 7717 7733 7732
f 7717 7718 7734 7733
f 7718 7719 7735 7734
f 7719 7720 7736 7735
f 7720 7721 7737 7736
f 7721 7722 7738 7737
f 7722 7723 7739 7738
f 7723 7724 7740 7739
f 7724 7725 7741 7740
f 7725 7726 7742 7741
f 7726 7727 7743 7742
f 7727 7728 7744 7743
f 7728 7713 7729 7744
f 7745 7746 7762 7761
f 7746 7747 7763 7762
f 7747 7748 7764 7763
f 7748 7749 7765 7764
f 7749 7750 7766 7765
f 7750 7751 7767 7766
f 7751 7752 7768 7767
f 7752 7753 7769 7768
f 7753 7754 7770 7769
f 7754 7755 7771 7770
f 7755 7756 7772 7771
f 7756 7757 7773 7772
f 7757 7758 7774 7773
f 7758 7759 7775 7774
f 7759 7760 7776 7775
f 7760 7745 7761 7776
f 7761 7762 7778 7777
f 7762 7763 7779 7778
f 7763 7764 7780 7779
f 7764 7765 7781 7780
f 7765 7766 7782 7781
f 7766 7767 7783 7782
f 7767 7768 7784 7783
f 7768 7769 7785 7784
f 7769 7770 7786 7785
f 7770 7771 7787 7786
f 7771 7772 7788 7787
f 7772 7773 7789 7788
f 7773 7774 7790 7789
f 7774 7775 7791 7790
f 7775 7776 7792 7791
f 7776 7761 7777 7792
f 7777 7778 7794 7793
f 7778 7779 7795 7794
f 7779 7780 7796 7795
f 7780 7781 7797 7796
f 7781 7782 7798 7797
f 7782 7783 7799 7798
f 7783 7784 7800 7799
f 7784 7785 7801 7800
f 7785 7786 7802 7801
f 7786 7787 7803 7802
f 7787 7788 7804 7803
f 7788 7789 7805 7804
f 7789 7790 7806 7805
f 7790 7791 7807 7806
f 7791 7792 7808 7807
f 7792 7777 7793 7808
f 7793 7794 7810 7809
f 7794 7795 7811 7810
f 7795 7796 7812 7811
f 7796 7797 7813 7812
f 7797 7798 7814 7813
f 7798 7799 7815 7814
f 7799 7800 7816 7815
f 7800 7801 7817 7816
f 7801 7802 7818 7817
f 7802 7803 7819 7818
f 7803 7804 7820 7819
f 7804 7805 7821 7820
f 7805 7806 7822 7821
f 7806 7807 7823 7822
f 7807 7808 7824 7823
f 7808 7793 7809 7824
f 7809 7810 7826 7825
f 7810 7811 7827 7826
f 7811 7812 7828 7827
f 7812 7813 7829 7828
f 7813 7814 7830 7829
f 7814 7815 7831 7830
f 7815 7816 7832 7831
f 7816 7817 7833 7832
f 7817 7818 7834 7833
f 7818 7819 7835 7834
f 7819 7820 7836 7835
f 7820 7821 7837 7836
f 7821 7822 7838 7837
f 7822 7823 7839 7838
f 7823 7824 7840 7839
f 7824 7809 7825 7840
f 7825 7826 7842 7841
f 7826 7827 7843 7842
f 7827 7828 7844 7843
f 7828 7829 7845 7844
f 7829 7830 7846 7845
f 7830 7831 7847 7846
f 7831 7832 7848 7847
f 7832 7833 7849 7848
f 7833 7834 7850 7849
f 7834 7835 7851 7850
f 7835 7836 7852 7851
f 7836 7837 7853 7852
f 7837 7838 7854 7853
f 7838 7839 7855 7854
f 7839 7840 7856 7855
f 7840 7825 7841 7856
f 7841 7842 7858 7857
f 7842 7843 7859 7858
f 7843 7844 7860 7859
f 7844 7845 7861 7860
f 7845 7846 7862 7861
f 7846 7847 7863 7862
f 7847 7848 7864 7863
f 7848 7849 7865 7864
f 7849 7850 7866 7865
f 7850 7851 7867 7866
f 7851 7852 7868 7867
f 7852 7853 7869 7868
f 7853 7854 7870 7869
f 7854 7855 7871 7870
f 7855 7856 7872 7871
f 7856 7841 7857 7872
f 7857 7858 7874 7873
f 7858 7859 7875 7874
f 7859 7860 7876 7875
f 7860 7861 7877 7876
f 7861 7862 7878 7877
f 7862 7863 7879 7878
f 7863 7864 7880 7879
f 7864 7865 7881 7880
f 7865 7866 7882 7881
f 7866 7867 7883 7882
f 7867 7868 7884 7883
f 7868 7869 7885 7884
f 7869 7870 7886 7885
f 7870 7871 7887 7886
f 7871 7872 7888 7887
f 7872 7857 7873 7888
f 7873 7874 7890 7889
f 7874 7875 7891 7890
f 7875 7876 7892 7891
f 7876 7877 7893 7892
f 7877 7878 7894 7893
f 7878 7879 7895 7894
f 7879 7880 7896 7895
f 7880 7881 7897 7896
f 7881 7882 7898 7897
f 7882 7883 7899 7898
f 7883 7884 7900 7899
f 7884 7885 7901 7900
f 7885 7886 7902 7901
f 7886 7887 7903 7902
f 7887 7888 7904 7903
f 7888 7873 7889 7904
f 7889 7890 7906 7905
f 7890 7891 7907 7906
f 7891 7892 7908 7907
f 7892 7893 7909 7908
f 7893 7894 7910 7909
f 7894 7895 7911 7910
f 7895 7896 7912 7911
f 7896 7897 7913 7912
f 7897 7898 7914 7913
f 7898 7899 7915 7914
f 7899 7900 7916 7915
f 7900 7901 7917 7916
f 7901 7902 7918 7917
f 7902 7903 7919 7918
f 7903 7904 7920 7919
f 7904 7889 7905 7920
f 7921 7922 7938 7937
f 7922 7923 7939 7938
f 7923 7924 7940 7939
f 7924 7925 7941 7940
f 7925 7926 7942 7941
f 7926 7927 7943 7942
f 7927 7928 7944 7943
f 7928 7929 7945 7944
f 7929 7930 7946 7945
f 7930 7931 7947 7946
f 7931 7932 7948 7947
f 7932 7933 7949 7948
f 7933 7934 7950 7949
f 7934 7935 7951 7950
f 7935 7936 7952 7951
f 7936 7921 7937 7952
f 7937 7938 7954 7953
f 7938 7939 7955 7954
f 7939 7940 7956 7955
f 7940 7941 7957 7956
f 7941 7942 7958 7957
f 7942 7943 7959 7958
f 7943 7944 7960 7959
f 7944 7945 7961 7960
f 7945 7946 7962 7961
f 7946 7947 7963 7962
f 7947 7948 7964 7963
f 7948 7949 7965 7964
f 7949 7950 7966 7965
f 7950 7951 7967 7966
f 7951 7952 7968 7967
f 7952 7937 7953 7968
f 7953 7954 7970 7969
f 7954 7955 7971 7970
f 7955 7956 7972 7971
f 7956 7957 7973 7972
f 7957 7958 7974 7973
f 7958 7959 7975 7974
f 7959 7960 7976 7975
f 7960 7961 7977 7976
f 7961 7962 7978 7977
f 7962 7963 7979 7978
f 7963 7964 7980 7979
f 7964 7965 7981 7980
f 7965 7966 7982 7981
f 7966 7967 7983 7982
f 7967 7968 7984 7983
f 7968 7953 7969 7984
f 7969 7970 7986 7985
f 7970 7971 7987 7986
f 7971 7972 7988 7987
f 7972 7973 7989 7988
f 7973 7974 7990 7989
f 7974 7975 7991 7990
f 7975 7976 7992 7991
f 7976 7977 7993 7992
f 7977 7978 7994 7993
f 7978 7979 7995 7994
f 7979 7980 7996 7995
f 7980 7981 7997 7996
f 7981 7982 7998 7997
f 7982 7983 7999 7998
f 7983 7984 8000 7999
f 7984 7969 7985 8000
f 7985 7986 8002 8001
f 7986 7987 8003 8002
f 7987 7988 8004 8003
f 7988 7989 8005 8004
f 7989 7990 8006 8005
f 7990 7991 8007 8006
f 7991 7992 8008 8007
f 7992 7993 8009 8008
f 7993 7994 8010 8009
f 7994 7995 8011 8010
f 7995 7996 8012 8011
f 7996 7997 8013 8012
f 7997 7998 8014 8013
f 7998 7999 8015 8014
f 7999 8000 8016 8015
f 8000 7985 8001 8016
f 8001 8002 8018 8017
f 8002 8003 8019 8018
f 8003 8004 8020 8019
f 8004 8005 8021 8020
f 8005 8006 8022 8021
f 8006 8007 8023 8022
f 8007 8008 8024 8023
f 8008 8009 8025 8024
f 8009 8010 8026 8025
f 8010 8011 8027 8026
f 8011 8012 8028 8027
f 8012 8013 8029 8028
f 8013 8014 8030 8029
f 8014 8015 8031 8030
f 8015 8016 8032 8031
f 8016 8001 8017 8032
f 8017 8018 8034 8033
f 8018 8019 8035 8034
f 8019 8020 8036 8035
f 8020 8021 8037 8036
f 8021 8022 8038 8037
f 8022 8023 8039 8038
f 8023 8024 8040 8039
f 8024 8025 8041 8040
f 8025 8026 8042 8041
f 8026 8027 8043 8042
f 8027 8028 8044 8043
f 8028 8029 8045 8044
f 8029 8030 8046 8045
f 8030 8031 8047 8046
f 8031 8032 8048 8047
f 8032 8017 8033 8048
f 8033 8034 8050 8049
f 8034 8035 8051 8050
f 8035 8036 8052 8051
f 8036 8037 8053 8052
f 8037 8038 8054 8053
f 8038 8039 8055 8054
f 8039 8040 8056 8055
f 8040 8041 8057 8056
f 8041 8042 8058 8057
f 8042 8043 8059 8058
f 8043 8044 8060 8059
f 8044 8045 8061 8060
f 8045 8046 8062 8061
f 8046 8047 8063 8062
f 8047 8048 8064 8063
f 8048 8033 8049 8064
f 8049 8050 8066 8065
f 8050 8051 8067 8066
f 8051 8052 8068 8067
f 8052 8053 8069 8068
f 8053 8054 8070 8069
f 8054 8055 8071 8070
f 8055 8056 8072 8071
f 8056 8057 8073 8072
f 8057 8058 8074 8073
f 8058 8059 8075 8074
f 8059 8060 8076 8075
f 8060 8061 8077 8076
f 8061 8062 8078 8077
f 8062 8063 8079 8078
f 8063 8064 8080 8079
f 8064 8049 8065 8080
f 8065 8066 8082 8081
f 8066 8067 8083 8082
f 8067 8068 8084 8083
f 8068 8069 8085 8084
f 8069 8070 8086 8085
f 8070 8071 8087 8086
f 8071 8072 8088 8087
f 8072 8073 8089 8088
f 8073 8074 8090 8089
f 8074 8075 8091 8090
f 8075 8076 8092 8091
f 8076 8077 8093 8092
f 8077 8078 8094 8093
f 8078 8079 8095 8094
f 8079 8080 8096 8095
f 8080 8065 8081 8096
usemtl Released
f 8097 8098 8114 8113
f 8098 8099 8115 8114
f 8099 8100 8116 8115
f 8100 8101 8117 8116
f 8101 8102 8118 8117
f 8102 8103 8119 8118
f 8103 8104 8120 8119
f 8104 8105 8121 8120
f 8105 8106 8122 8121
f 8106 8107 8123 8122
f 8107 8108 8124 8123
f 8108 8109 8125 8124
f 8109 8110 8126 8125
f 8110 8111 8127 8126
f 8111 8112 8128 8127
f 8112 8097 8113 8128
f 8113 8114 8130 8129
f 8114 8115 8131 8130
f 8115 8116 8132 8131
f 8116 8117 8133 8132
f 8117 8118 8134 8133
f 8118 8119 8135 8134
f 8119 8120 8136 8135
f 8120 8121 8137 8136
f 8121 8122 8138 8137
f 8122 8123 8139 8138
f 8123 8124 8140 8139
f 8124 8125 8141 8140
f 8125 8126 8142 8141
f 8126 8127 8143 8142
f 8127 8128 8144 8143
f 8128 8113 8129 8144
f 8129 8130 8146 8145
f 8130 8131 8147 8146
f 8131 8132 8148 8147
f 8132 8133 8149 8148
f 8133 8134 8150 8149
f 8134 8135 8151 8150
f 8135 8136 8152 8151
f 8136 8137 8153 8152
f 8137 8138 8154 8153
f 8138 8139 8155 8154
f 8139 8140 8156 8155
f 8140 8141 8157 8156
f 8141 8142 8158 8157
f 8142 8143 8159 8158
f 8143 8144 8160 8159
f 8144 8129 8145 8160
f 8145 8146 8162 8161
f 8146 8147 8163 8162
f 8147 8148 8164 8163
f 8148 8149 8165 8164
f 8149 8150 8166 8165
f 8150 8151 8167 8166
f 8151 8152 8168 8167
f 8152 8153 8169 8168
f 8153 8154 8170 8169
f 8154 8155 8171 8170
f 8155 8156 8172 8171
f 8156 8157 8173 8172
f 8157 8158 8174 8173
f 8158 8159 8175 8174
f 8159 8160 8176 8175
f 8160 8145 8161 8176
f 8161 8162 8178 8177
f 8162 8163 8179 8178
f 8163 8164 8180 8179
f 8164 8165 8181 8180
f 8165 8166 8182 8181
f 8166 8167 8183 8182
f 8167 8168 8184 8183
f 8168 8169 8185 8184
f 8169 8170 8186 8185
f 8170 8171 8187 8186
f 8171 8172 8188 8187
f 8172 8173 8189 8188
f 8173 8174 8190 8189
f 8174 8175 8191 8190
f 8175 8176 8192 8191
f 8176 8161 8177 8192
f 8177 8178 8194 8193
f 8178 8179 8195 8194
f 8179 8180 8196 8195
f 8180 8181 8197 8196
f 8181 8182 8198 8197
f 8182 8183 8199 8198
f 8183 8184 8200 8199
f 8184 8185 8201 8200
f 8185 8186 8202 8201
f 8186 8187 8203 8202
f 8187 8188 8204 8203
f 8188 8189 8205 8204
f 8189 8190 8206 8205
f 8190 8191 8207 8206
f 8191 8192 8208 8207
f 8192 8177 8193 8208
f 8193 8194 8210 8209
f 8194 8195 8211 8210
f 8195 8196 8212 8211
f 8196 8197 8213 8212
f 8197 8198 8214 8213
f 8198 8199 8215 8214
f 8199 8200 8216 8215
f 8200 8201 8217 8216
f 8201 8202 8218 8217
f 8202 8203 8219 8218
f 8203 8204 8220 8219
f 8204 8205 8221 8220
f 8205 8206 8222 8221
f 8206 8207 8223 8222
f 8207 8208 8224 8223
f 8208 8193 8209 8224
f 8209 8210 8226 8225
f 8210 8211 8227 8226
f 8211 8212 8228 8227
f 8212 8213 8229 8228
f 8213 8214 8230 8229
f 8214 8215 8231 8230
f 8215 8216 8232 8231
f 8216 8217 8233 8232
f 8217 8218 8234 8233
f 8218 8219 8235 8234
f 8219 8220 8236 8235
f 8220 8221 8237 8236
f 8221 8222 8238 8237
f 8222 8223 8239 8238
f 8223 8224 8240 8239
f 8224 8209 8225 8240
f 8225 8226 8242 8241
f 8226 8227 8243 8242
f 8227 8228 8244 8243
f 8228 8229 8245 8244
f 8229 8230 8246 8245
f 8230 8231 8247 8246
f 8231 8232 8248 8247
f 8232 8233 8249 8248
f 8233 8234 8250 8249
f 8234 8235 8251 8250
f 8235 8236 8252 8251
f 8236 8237 8253 8252
f 8237 8238 8254 8253
f 8238 8239 8255 8254
f 8239 8240 8256 8255
f 8240 8225 8241 8256
f 8241 8242 8258 8257
f 8242 8243 8259 8258
f 8243 8244 8260 8259
f 8244 8245 8261 8260
f 8245 8246 8262 8261
f 8246 8247 8263 8262
f 8247 8248 8264 8263
f 8248 8249 8265 8264
f 8249 8250 8266 8265
f 8250 8251 8267 8266
f 8251 8252 8268 8267
f 8252 8253 8269 8268
f 8253 8254 8270 8269
f 8254 8255 8271 8270
f 8255 8256 8272 8271
f 8256 8241 8257 8272
f 8273 8274 8290 8289
f 8274 8275 8291 8290
f 8275 8276 8292 8291
f 8276 8277 8293 8292
f 8277 8278 8294 8293
f 8278 8279 8295 8294
f 8279 8280 8296 8295
f 8280 8281 8297 8296
f 8281 8282 8298 8297
f 8282 8283 8299 8298
f 8283 8284 8300 8299
f 8284 8285 8301 8300
f 8285 8286 8302 8301
f 8286 8287 8303 8302
f 8287 8288 8304 8303
f 8288 8273 8289 8304
f 8289 8290 8306 8305
f 8290 8291 8307 8306
f 8291 8292 8308 8307
f 8292 8293 8309 8308
f 8293 8294 8310 8309
f 8294 8295 8311 8310
f 8295 8296 8312 8311
f 8296 8297 8313 8312
f 8297 8298 8314 8313
f 8298 8299 8315 8314
f 8299 8300 8316 8315
f 8300 8301 8317 8316
f 8301 8302 8318 8317
f 8302 8303 8319 8318
f 8303 8304 8320 8319
f 8304 8289 8305 8320
f 8305 8306 8322 8321
f 8306 8307 8323 8322
f 8307 8308 8324 8323
f 8308 8309 8325 8324
f 8309 8310 8326 8325
f 8310 8311 8327 8326
f 8311 8312 8328 8327
f 8312 8313 8329 8328
f 8313 8314 8330 8329
f 8314 8315 8331 8330
f 8315 8316 8332 8331
f 8316 8317 8333 8332
f 8317 8318 8334 8333
f 8318 8319 8335 8334
f 8319 8320 8336 8335
f 8320 8305 8321 8336
f 8321 8322 8338 8337
f 8322 8323 8339 8338
f 8323 8324 8340 8339
f 8324 8325 8341 8340
f 8325 8326 8342 8341
f 8326 8327 8343 8342
f 8327 8328 8344 8343
f 8328 8329 8345 8344
f 8329 8330 8346 8345
f 8330 8331 8347 8346
f 8331 8332 8348 8347
f 8332 8333 8349 8348
f 8333 8334 8350 8349
f 8334 8335 8351 8350
f 8335 8336 8352 8351
f 8336 8321 8337 8352
f 8337 8338 8354 8353
f 8338 8339 8355 8354
f 8339 8340 8356 8355
f 8340 8341 8357 8356
f 8341 8342 8358 8357
f 8342 8343 8359 8358
f 8343 8344 8360 8359
f 8344 8345 8361 8360
f 8345 8346 8362 8361
f 8346 8347 8363 8362
f 8347 8348 8364 8363
f 8348 8349 8365 8364
f 8349 8350 8366 8365
f 8350 8351 8367 8366
f 8351 8352 8368 8367
f 8352 8337 8353 8368
f 8353 8354 8370 8369
f 8354 8355 8371 8370
f 8355 8356 8372 8371
f 8356 8357 8373 8372
f 8357 8358 8374 8373
f 8358 8359 8375 8374
f 8359 8360 8376 8375
f 8360 8361 8377 8376
f 8361 8362 8378 8377
f 8362 8363 8379 8378
f 8363 8364 8380 8379
f 8364 8365 8381 8380
f 8365 8366 8382 8381
f 8366 8367 8383 8382
f 8367 8368 8384 8383
f 8368 8353 8369 8384
f 8369 8370 8386 8385
f 8370 8371 8387 8386
f 8371 8372 8388 8387
f 8372 8373 8389 8388
f 8373 8374 8390 8389
f 8374 8375 8391 8390
f 8375 8376 8392 8391
f 8376 8377 8393 8392
f 8377 8378 8394 8393
f 8378 8379 8395 8394
f 8379 8380 8396 8395
f 8380 8381 8397 8396
f 8381 8382 8398 8397
f 8382 8383 8399 8398
f 8383 8384 8400 8399
f 8384 8369 8385 8400
f 8385 8386 8402 8401
f 8386 8387 8403 8402
f 8387 8388 8404 8403
f 8388 8389 8405 8404
f 8389 8390 8406 8405
f 8390 8391 8407 8406
f 8391 8392 8408 8407
f 8392 8393 8409 8408
f 8393 8394 8410 8409
f 8394 8395 8411 8410
f 8395 8396 8412 8411
f 8396 8397 8413 8412
f 8397 8398 8414 8413
f 8398 8399 8415 8414
f 8399 8400 8416 8415
f 8400 8385 8401 8416
f 8401 8402 8418 8417
f 8402 8403 8419 8418
f 8403 8404 8420 8419
f 8404 8405 8421 8420
f 8405 8406 8422 8421
f 8406 8407 8423 8422
f 8407 8408 8424 8423
f 8408 8409 8425 8424
f 8409 8410 8426 8425
f 8410 8411 8427 8426
f 8411 8412 8428 8427
f 8412 8413 8429 8428
f 8413 8414 8430 8429
f 8414 8415 8431 8430
f 8415 8416 8432 8431
f 8416 8401 8417 8432
f 8417 8418 8434 8433
f 8418 8419 8435 8434
f 8419 8420 8436 8435
f 8420 8421 8437 8436
f 8421 8422 8438 8437
f 8422 8423 8439 8438
f 8423 8424 8440 8439
f 8424 8425 8441 8440
f 8425 8426 8442 8441
f 8426 8427 8443 8442
f 8427 8428 8444 8443
f 8428 8429 8445 8444
f 8429 8430 8446 8445
f 8430 8431 8447 8446
f 8431 8432 8448 8447
f 8432 8417 8433 8448
f 8449 8450 8466 8465
f 8450 8451 8467 8466
f 8451 8452 8468 8467
f 8452 8453 8469 8468
f 8453 8454 8470 8469
f 8454 8455 8471 8470
f 8455 8456 8472 8471
f 8456 8457 8473 8472
f 8457 8458 8474 8473
f 8458 8459 8475 8474
f 8459 8460 8476 8475
f 8460 8461 8477 8476
f 8461 8462 8478 8477
f 8462 8463 8479 8478
f 8463 8464 8480 8479
f 8464 8449 8465 8480
f 8465 8466 8482 8481
f 8466 8467 8483 8482
f 8467 8468 8484 8483
f 8468 8469 8485 8484
f 8469 8470 8486 8485
f 8470 8471 8487 8486
f 8471 8472 8488 8487
f 8472 8473 8489 8488
f 8473 8474 8490 8489
f 8474 8475 8491 8490
f 8475 8476 8492 8491
f 8476 8477 8493 8492
f 8477 8478 8494 8493
f 8478 8479 8495 8494
f 8479 8480 8496 8495
f 8480 8465 8481 8496
f 8481 8482 8498 8497
f 8482 8483 8499 8498
f 8483 8484 8500 8499
f 8484 8485 8501 8500
f 8485 8486 8502 8501
f 8486 8487 8503 8502
f 8487 8488 8504 8503
f 8488 8489 8505 8504
f 8489 8490 8506 8505
f 8490 8491 8507 8506
f 8491 8492 8508 8507
f 8492 8493 8509 8508
f 8493 8494 8510 8509
f 8494 8495 8511 8510
f 8495 8496 8512 8511
f 8496 8481 8497 8512
f 8497 8498 8514 8513
f 8498 8499 8515 8514
f 8499 8500 8516 8515
f 8500 8501 8517 8516
f 8501 8502 8518 8517
f 8502 8503 8519 8518
f 8503 8504 8520 8519
f 8504 8505 8521 8520
f 8505 8506 8522 8521
f 8506 8507 8523 8522
f 8507 8508 8524 8523
f 8508 8509 8525 8524
f 8509 8510 8526 8525
f 8510 8511 8527 8526
f 8511 8512 8528 8527
f 8512 8497 8513 8528
f 8513 8514 8530 8529
f 8514 8515 8531 8530
f 8515 8516 8532 8531
f 8516 8517 8533 8532
f 8517 8518 8534 8533
f 8518 8519 8535 8534
f 8519 8520 8536 8535
f 8520 8521 8537 8536
f 8521 8522 8538 8537
f 8522 8523 8539 8538
f 8523 8524 8540 8539
f 8524 8525 8541 8540
f 8525 8526 8542 8541
f 8526 8527 8543 8542
f 8527 8528 8544 8543
f 8528 8513 8529 8544
f 8529 8530 8546 8545
f 8530 8531 8547 8546
f 8531 8532 8548 8547
f 8532 8533 8549 8548
f 8533 8534 8550 8549
f 8534 8535 8551 8550
f 8535 8536 8552 8551
f 8536 8537 8553 8552
f 8537 8538 8554 8553
f 8538 8539 8555 8554
f 8539 8540 8556 8555
f 8540 8541 8557 8556
f 8541 8542 8558 8557
f 8542 8543 8559 8558
f 8543 8544 8560 8559
f 8544 8529 8545 8560
f 8545 8546 8562 8561
f 8546 8547 8563 8562
f 8547 8548 8564 8563
f 8548 8549 8565 8564
f 8549 8550 8566 8565
f 8550 8551 8567 8566
f 8551 8552 8568 8567
f 8552 8553 8569 8568
f 8553 8554 8570 8569
f 8554 8555 8571 8570
f 8555 8556 8572 8571
f 8556 8557 8573 8572
f 8557 8558 8574 8573
f 8558 8559 8575 8574
f 8559 8560 8576 8575
f 8560 8545 8561 8576
f 8561 8562 8578 8577
f 8562 8563 8579 8578
f 8563 8564 8580 8579
f 8564 8565 8581 8580
f 8565 8566 8582 8581
f 8566 8567 8583 8582
f 8567 8568 8584 8583
f 8568 8569 8585 8584
f 8569 8570 8586 8585
f 8570 8571 8587 8586
f 8571 8572 8588 8587
f 8572 8573 8589 8588
f 8573 8574 8590 8589
f 8574 8575 8591 8590
f 8575 8576 8592 8591
f 8576 8561 8577 8592
f 8577 8578 8594 8593
f 8578 8579 8595 8594
f 8579 8580 8596 8595
f 8580 8581 8597 8596
f 8581 8582 8598 8597
f 8582 8583 8599 8598
f 8583 8584 8600 8599
f 8584 8585 8601 8600
f 8585 8586 8602 8601
f 8586 8587 8603 8602
f 8587 8588 8604 8603
f 8588 8589 8605 8604
f 8589 8590 8606 8605
f 8590 8591 8607 8606
f 8591 8592 8608 8607
f 8592 8577 8593 8608
f 8593 8594 8610 8609
f 8594 8595 8611 8610
f 8595 8596 8612 8611
f 8596 8597 8613 8612
f 8597 8598 8614 8613
f 8598 8599 8615 8614
f 8599 8600 8616 8615
f 8600 8601 8617 8616
f 8601 8602 8618 8617
f 8602 8603 8619 8618
f 8603 8604 8620 8619
f 8604 8605 8621 8620
f 8605 8606 8622 8621
f 8606 8607 8623 8622
f 8607 8608 8624 8623
f 8608 8593 8609 8624
f 8625 8626 8642 8641
f 8626 8627 8643 8642
f 8627 8628 8644 8643
f 8628 8629 8645 8644
f 8629 8630 8646 8645
f 8630 8631 8647 8646
f 8631 8632 8648 8647
f 8632 8633 8649 8648
f 8633 8634 8650 8649
f 8634 8635 8651 8650
f 8635 8636 8652 8651
f 8636 8637 8653 8652
f 8637 8638 8654 8653
f 8638 8639 8655 8654
f 8639 8640 8656 8655
f 8640 8625 8641 8656
f 8641 8642 8658 8657
f 8642 8643 8659 8658
f 8643 8644 8660 8659
f 8644 8645 8661 8660
f 8645 8646 8662 8661
f 8646 8647 8663 8662
f 8647 8648 8664 8663
f 8648 8649 8665 8664
f 8649 8650 8666 8665
f 8650 8651 8667 8666
f 8651 8652 8668 8667
f 8652 8653 8669 8668
f 8653 8654 8670 8669
f 8654 8655 8671 8670
f 8655 8656 8672 8671
f 8656 8641 8657 8672
f 8657 8658 8674 8673
f 8658 8659 8675 8674
f 8659 8660 8676 8675
f 8660 8661 8677 8676
f 8661 8662 8678 8677
f 8662 8663 8679 8678
f 8663 8664 8680 8679
f 8664 8665 8681 8680
f 8665 8666 8682 8681
f 8666 8667 8683 8682
f 8667 8668 8684 8683
f 8668 8669 8685 8684
f 8669 8670 8686 8685
f 8670 8671 8687 8686
f 8671 8672 8688 8687
f 8672 8657 8673 8688
f 8673 8674 8690 8689
f 8674 8675 8691 8690
f 8675 8676 8692 8691
f 8676 8677 8693 8692
f 8677 8678 8694 8693
f 8678 8679 8695 8694
f 8679 8680 8696 8695
f 8680 8681 8697 8696
f 8681 8682 8698 8697
f 8682 8683 8699 8698
f 8683 8684 8700 8699
f 8684 8685 8701 8700
f 8685 8686 8702 8701
f 8686 8687 8703 8702
f 8687 8688 8704 8703
f 8688 8673 8689 8704
f 8689 8690 8706 8705
f 8690 8691 8707 8706
f 8691 8692 8708 8707
f 8692 8693 8709 8708
f 8693 8694 8710 8709
f 8694 8695 8711 8710
f 8695 8696 8712 8711
f 8696 8697 8713 8712
f 8697 8698 8714 8713
f 8698 8699 8715 8714
f 8699 8700 8716 8715
f 8700 8701 8717 8716
f 8701 8702 8718 8717
f 8702 8703 8719 8718
f 8703 8704 8720 8719
f 8704 8689 8705 8720
f 8705 8706 8722 8721
f 8706 8707 8723 8722
f 8707 8708 8724 8723
f 8708 8709 8725 8724
f 8709 8710 8726 8725
f 8710 8711 8727 8726
f 8711 8712 8728 8727
f 8712 8713 8729 8728
f 8713 8714 8730 8729
f 8714 8715 8731 8730
f 8715 8716 8732 8731
f 8716 8717 8733 8732
f 8717 8718 8734 8733
f 8718 8719 8735 8734
f 8719 8720 8736 8735
f 8720 8705 8721 8736
f 8721 8722 8738 8737
f 8722 8723 8739 8738
f 8723 8724 8740 8739
f 8724 8725 8741 8740
f 8725 8726 8742 8741
f 8726 8727 8743 8742
f 8727 8728 8744 8743
f 8728 8729 8745 8744
f 8729 8730 8746 8745
f 8730 8731 8747 8746
f 8731 8732 8748 8747
f 8732 8733 8749 8748
f 8733 8734 8750 8749
f 8734 8735 8751 8750
f 8735 8736 8752 8751
f 8736 8721 8737 8752
f 8737 8738 8754 8753
f 8738 8739 8755 8754
f 8739 8740 8756 8755
f 8740 8741 8757 8756
f 8741 8742 8758 8757
f 8742 8743 8759 8758
f 8743 8744 8760 8759
f 8744 8745 8761 8760
f 8745 8746 8762 8761
f 8746 8747 8763 8762
f 8747 8748 8764 8763
f 8748 8749 8765 8764
f 8749 8750 8766 8765
f 8750 8751 8767 8766
f 8751 8752 8768 8767
f 8752 8737 8753 8768
f 8753 8754 8770 8769
f 8754 8755 8771 8770
f 8755 8756 8772 8771
f 8756 8757 8773 8772
f 8757 8758 8774 8773
f 8758 8759 8775 8774
f 8759 8760 8776 8775
f 8760 8761 8777 8776
f 8761 8762 8778 8777
f 8762 8763 8779 8778
f 8763 8764 8780 8779
f 8764 8765 8781 8780
f 8765 8766 8782 8781
f 8766 8767 8783 8782
f 8767 8768 8784 8783
f 8768 8753 8769 8784
f 8769 8770 8786 8785
f 8770 8771 8787 8786
f 8771 8772 8788 8787
f 8772 8773 8789 8788
f 8773 8774 8790 8789
f 8774 8775 8791 8790
f 8775 8776 8792 8791
f 8776 8777 8793 8792
f 8777 8778 8794 8793
f 8778 8779 8795 8794
f 8779 8780 8796 8795
f 8780 8781 8797 8796
f 8781 8782 8798 8797
f 8782 8783 8799 8798
f 8783 8784 8800 8799
f 8784 8769 8785 8800
f 8801 8802 8818 8817
f 8802 8803 8819 8818
f 8803 8804 8820 8819
f 8804 8805 8821 8820
f 8805 8806 8822 8821
f 8806 8807 8823 8822
f 8807 8808 8824 8823
f 8808 8809 8825 8824
f 8809 8810 8826 8825
f 8810 8811 8827 8826
f 8811 8812 8828 8827
f 8812 8813 8829 8828
f 8813 8814 8830 8829
f 8814 8815 8831 8830
f 8815 8816 8832 8831
f 8816 8801 8817 8832
f 8817 8818 8834 8833
f 8818 8819 8835 8834
f 8819 8820 8836 8835
f 8820 8821 8837 8836
f 8821 8822 8838 8837
f 8822 8823 8839 8838
f 8823 8824 8840 8839
f 8824 8825 8841 8840
f 8825 8826 8842 8841
f 8826 8827 8843 8842
f 8827 8828 8844 8843
f 8828 8829 8845 8844
f 8829 8830 8846 8845
f 8830 8831 8847 8846
f 8831 8832 8848 8847
f 8832 8817 8833 8848
f 8833 8834 8850 8849
f 8834 8835 8851 8850
f 8835 8836 8852 8851
f 8836 8837 8853 8852
f 8837 8838 8854 8853
f 8838 8839 8855 8854
f 8839 8840 8856 8855
f 8840 8841 8857 8856
f 8841 8842 8858 8857
f 8842 8843 8859 8858
f 8843 8844 8860 8859
f 8844 8845 8861 8860
f 8845 8846 8862 8861
f 8846 8847 8863 8862
f 8847 8848 8864 8863
f 8848 8833 8849 8864
f 8849 8850 8866 8865
f 8850 8851 8867 8866
f 8851 8852 8868 8867
f 8852 8853 8869 8868
f 8853 8854 8870 8869
f 8854 8855 8871 8870
f 8855 8856 8872 8871
f 8856 8857 8873 8872
f 8857 8858 8874 8873
f 8858 8859 8875 8874
f 8859 8860 8876 8875
f 8860 8861 8877 8876
f 8861 8862 8878 8877
f 8862 8863 8879 8878
f 8863 8864 8880 8879
f 8864 8849 8865 8880
f 8865 8866 8882 8881
f 8866 8867 8883 8882
f 8867 8868 8884 8883
f 8868 8869 8885 8884
f 8869 8870 8886 8885
f 8870 8871 8887 8886
f 8871 8872 8888 8887
f 8872 8873 8889 8888
f 8873 8874 8890 8889
f 8874 8875 8891 8890
f 8875 8876 8892 8891
f 8876 8877 8893 8892
f 8877 8878 8894 8893
f 8878 8879 8895 8894
f 8879 8880 8896 8895
f 8880 8865 8881 8896
f 8881 8882 8898 8897
f 8882 8883 8899 8898
f 8883 8884 8900 8899
f 8884 8885 8901 8900
f 8885 8886 8902 8901
f 8886 8887 8903 8902
f 8887 8888 8904 8903
f 8888 8889 8905 8904
f 8889 8890 8906 8905
f 8890 8891 8907 8906
f 8891 8892 8908 8907
f 8892 8893 8909 8908
f 8893 8894 8910 8909
f 8894 8895 8911 8910
f 8895 8896 8912 8911
f 8896 8881 8897 8912
f 8897 8898 8914 8913
f 8898 8899 8915 8914
f 8899 8900 8916 8915
f 8900 8901 8917 8916
f 8901 8902 8918 8917
f 8902 8903 8919 8918
f 8903 8904 8920 8919
f 8904 8905 8921 8920
f 8905 8906 8922 8921
f 8906 8907 8923 8922
f 8907 8908 8924 8923
f 8908 8909 8925 8924
f 8909 8910 8926 8925
f 8910 8911 8927 8926
f 8911 8912 8928 8927
f 8912 8897 8913 8928
f 8913 8914 8930 8929
f 8914 8915 8931 8930
f 8915 8916 8932 8931
f 8916 8917 8933 8932
f 8917 8918 8934 8933
f 8918 8919 8935 8934
f 8919 8920 8936 8935
f 8920 8921 8937 8936
f 8921 8922 8938 8937
f 8922 8923 8939 8938
f 8923 8924 8940 8939
f 8924 8925 8941 8940
f 8925 8926 8942 8941
f 8926 8927 8943 8942
f 8927 8928 8944 8943
f 8928 8913 8929 8944
f 8929 8930 8946 8945
f 8930 8931 8947 8946
f 8931 8932 8948 8947
f 8932 8933 8949 8948
f 8933 8934 8950 8949
f 8934 8935 8951 8950
f 8935 8936 8952 8951
f 8936 8937 8953 8952
f 8937 8938 8954 8953
f 8938 8939 8955 8954
f 8939 8940 8956 8955
f 8940 8941 8957 8956
f 8941 8942 8958 8957
f 8942 8943 8959 8958
f 8943 8944 8960 8959
f 8944 8929 8945 8960
f 8945 8946 8962 8961
f 8946 8947 8963 8962
f 8947 8948 8964 8963
f 8948 8949 8965 8964
f 8949 8950 8966 8965
f 8950 8951 8967 8966
f 8951 8952 8968 8967
f 8952 8953 8969 8968
f 8953 8954 8970 8969
f 8954 8955 8971 8970
f 8955 8956 8972 8971
f 8956 8957 8973 8972
f 8957 8958 8974 8973
f 8958 8959 8975 8974
f 8959 8960 8976 8975
f 8960 8945 8961 8976
f 8977 8978 8994 8993
f 8978 8979 8995 8994
f 8979 8980 8996 8995
f 8980 8981 8997 8996
f 8981 8982 8998 8997
f 8982 8983 8999 8998
f 8983 8984 9000 8999
f 8984 8985 9001 9000
f 8985 8986 9002 9001
f 8986 8987 9003 9002
f 8987 8988 9004 9003
f 8988 8989 9005 9004
f 8989 8990 9006 9005
f 8990 8991 9007 9006
f 8991 8992 9008 9007
f 8992 8977 8993 9008
f 8993 8994 9010 9009
f 8994 8995 9011 9010
f 8995 8996 9012 9011
f 8996 8997 9013 9012
f 8997 8998 9014 9013
f 8998 8999 9015 9014
f 8999 9000 9016 9015
f 9000 9001 9017 9016
f 9001 9002 9018 9017
f 9002 9003 9019 9018
f 9003 9004 9020 9019
f 9004 9005 9021 9020
f 9005 9006 9022 9021
f 9006 9007 9023 9022
f 9007 9008 9024 9023
f 9008 8993 9009 9024
f 9009 9010 9026 9025
f 9010 9011 9027 9026
f 9011 9012 9028 9027
f 9012 9013 9029 9028
f 9013 9014 9030 9029
f 9014 9015 9031 9030
f 9015 9016 9032 9031
f 9016 9017 9033 9032
f 9017 9018 9034 9033
f 9018 9019 9035 9034
f 9019 9020 9036 9035
f 9020 9021 9037 9036
f 9021 9022 9038 9037
f 9022 9023 9039 9038
f 9023 9024 9040 9039
f 9024 9009 9025 9040
f 9025 9026 9042 9041
f 9026 9027 9043 9042
f 9027 9028 9044 9043
f 9028 9029 9045 9044
f 9029 9030 9046 9045
f 9030 9031 9047 9046
f 9031 9032 9048 9047
f 9032 9033 9049 9048
f 9033 9034 9050 9049
f 9034 9035 9051 9050
f 9035 9036 9052 9051
f 9036 9037 9053 9052
f 9037 9038 9054 9053
f 9038 9039 9055 9054
f 9039 9040 9056 9055
f 9040 9025 9041 9056
f 9041 9042 9058 9057
f 9042 9043 9059 9058
f 9043 9044 9060 9059
f 9044 9045 9061 9060
f 9045 9046 9062 9061
f 9046 9047 9063 9062
f 9047 9048 9064 9063
f 9048 9049 9065 9064
f 9049 9050 9066 9065
f 9050 9051 9067 9066
f 9051 9052 9068 9067
f 9052 9053 9069 9068
f 9053 9054 9070 9069
f 9054 9055 9071 9070
f 9055 9056 9072 9071
f 9056 9041 9057 9072
f 9057 9058 9074 9073
f 9058 9059 9075 9074
f 9059 9060 9076 9075
f 9060 9061 9077 9076
f 9061 9062 9078 9077
f 9062 9063 9079 9078
f 9063 9064 9080 9079
f 9064 9065 9081 9080
f 9065 9066 9082 9081
f 9066 9067 9083 9082
f 9067 9068 9084 9083
f 9068 9069 9085 9084
f 9069 9070 9086 9085
f 9070 9071 9087 9086
f 9071 9072 9088 9087
f 9072 9057 9073 9088
f 9073 9074 9090 9089
f 9074 9075 9091 9090
f 9075 9076 9092 9091
f 9076 9077 9093 9092
f 9077 9078 9094 9093
f 9078 9079 9095 9094
f 9079 9080 9096 9095
f 9080 9081 9097 9096
f 9081 9082 9098 9097
f 9082 9083 9099 9098
f 9083 9084 9100 9099
f 9084 9085 9101 9100
f 9085 9086 9102 9101
f 9086 9087 9103 9102
f 9087 9088 9104 9103
f 9088 9073 9089 9104
f 9089 9090 9106 9105
f 9090 9091 9107 9106
f 9091 9092 9108 9107
f 9092 9093 9109 9108
f 9093 9094 9110 9109
f 9094 9095 9111 9110
f 9095 9096 9112 9111
f 9096 9097 9113 9112
f 9097 9098 9114 9113
f 9098 9099 9115 9114
f 9099 9100 9116 9115
f 9100 9101 9117 9116
f 9101 9102 9118 9117
f 9102 9103 9119 9118
f 9103 9104 9120 9119
f 9104 9089 9105 9120
f 9105 9106 9122 9121
f 9106 9107 9123 9122
f 9107 9108 9124 9123
f 9108 9109 9125 9124
f 9109 9110 9126 9125
f 9110 9111 9127 9126
f 9111 9112 9128 9127
f 9112 9113 9129 9128
f 9113 9114 9130 9129
f 9114 9115 9131 9130
f 9115 9116 9132 9131
f 9116 9117 9133 9132
f 9117 9118 9134 9133
f 9118 9119 9135 9134
f 9119 9120 9136 9135
f 9120 9105 9121 9136
f 9121 9122 9138 9137
f 9122 9123 9139 9138
f 9123 9124 9140 9139
f 9124 9125 9141 9140
f 9125 9126 9142 9141
f 9126 9127 9143 9142
f 9127 9128 9144 9143
f 9128 9129 9145 9144
f 9129 9130 9146 9145
f 9130 9131 9147 9146
f 9131 9132 9148 9147
f 9132 9133 9149 9148
f 9133 9134 9150 9149
f 9134 9135 9151 9150
f 9135 9136 9152 9151
f 9136 9121 9137 9152
f 9153 9154 9170 9169
f 9154 9155 9171 9170
f 9155 9156 9172 9171
f 9156 9157 9173 9172
f 9157 9158 9174 9173
f 9158 9159 9175 9174
f 9159 9160 9176 9175
f 9160 9161 9177 9176
f 9161 9162 9178 9177
f 9162 9163 9179 9178
f 9163 9164 9180 9179
f 9164 9165 9181 9180
f 9165 9166 9182 9181
f 9166 9167 9183 9182
f 9167 9168 9184 9183
f 9168 9153 9169 9184
f 9169 9170 9186 9185
f 9170 9171 9187 9186
f 9171 9172 9188 9187
f 9172 9173 9189 9188
f 9173 9174 9190 9189
f 9174 9175 9191 9190
f 9175 9176 9192 9191
f 9176 9177 9193 9192
f 9177 9178 9194 9193
f 9178 9179 9195 9194
f 9179 9180 9196 9195
f 9180 9181 9197 9196
f 9181 9182 9198 9197
f 9182 9183 9199 9198
f 9183 9184 9200 9199
f 9184 9169 9185 9200
f 9185 9186 9202 9201
f 9186 9187 9203 9202
f 9187 9188 9204 9203
f 9188 9189 9205 9204
f 9189 9190 9206 9205
f 9190 9191 9207 9206
f 9191 9192 9208 9207
f 9192 9193 9209 9208
f 9193 9194 9210 9209
f 9194 9195 9211 9210
f 9195 9196 9212 9211
f 9196 9197 9213 9212
f 9197 9198 9214 9213
f 9198 9199 9215 9214
f 9199 9200 9216 9215
f 9200 9185 9201 9216
f 9201 9202 9218 9217
f 9202 9203 9219 9218
f 9203 9204 9220 9219
f 9204 9205 9221 9220
f 9205 9206 9222 9221
f 9206 9207 9223 9222
f 9207 9208 9224 9223
f 9208 9209 9225 9224
f 9209 9210 9226 9225
f 9210 9211 9227 9226
f 9211 9212 9228 9227
f 9212 9213 9229 9228
f 9213 9214 9230 9229
f 9214 9215 9231 9230
f 9215 9216 9232 9231
f 9216 9201 9217 9232
f 9217 9218 9234 9233
f 9218 9219 9235 9234
f 9219 9220 9236 9235
f 9220 9221 9237 9236
f 9221 9222 9238 9237
f 9222 9223 9239 9238
f 9223 9224 9240 9239
f 9224 9225 9241 9240
f 9225 9226 9242 9241
f 9226 9227 9243 9242
f 9227 9228 9244 9243
f 9228 9229 9245 9244
f 9229 9230 9246 9245
f 9230 9231 9247 9246
f 9231 9232 9248 9247
f 9232 9217 9233 9248
f 9233 9234 9250 9249
f 9234 9235 9251 9250
f 9235 9236 9252 9251
f 9236 9237 9253 9252
f 9237 9238 9254 9253
f 9238 9239 9255 9254
f 9239 9240 9256 9255
f 9240 9241 9257 9256
f 9241 9242 9258 9257
f 9242 9243 9259 9258
f 9243 9244 9260 9259
f 9244 9245 9261 9260
f 9245 9246 9262 9261
f 9246 9247 9263 9262
f 9247 9248 9264 9263
f 9248 9233 9249 9264
f 9249 9250 9266 9265
f 9250 9251 9267 9266
f 9251 9252 9268 9267
f 9252 9253 9269 9268
f 9253 9254 9270 9269
f 9254 9255 9271 9270
f 9255 9256 9272 9271
f 9256 9257 9273 9272
f 9257 9258 9274 9273
f 9258 9259 9275 9274
f 9259 9260 9276 9275
f 9260 9261 9277 9276
f 9261 9262 9278 9277
f 9262 9263 9279 9278
f 9263 9264 9280 9279
f 9264 9249 9265 9280
f 9265 9266 9282 9281
f 9266 9267 9283 9282
f 9267 9268 9284 9283
f 9268 9269 9285 9284
f 9269 9270 9286 9285
f 9270 9271 9287 9286
f 9271 9272 9288 9287
f 9272 9273 9289 9288
f 9273 9274 9290 9289
f 9274 9275 9291 9290
f 9275 9276 9292 9291
f 9276 9277 9293 9292
f 9277 9278 9294 9293
f 9278 9279 9295 9294
f 9279 9280 9296 9295
f 9280 9265 9281 9296
f 9281 9282 9298 9297
f 9282 9283 9299 9298
f 9283 9284 9300 9299
f 9284 9285 9301 9300
f 9285 9286 9302 9301
f 9286 9287 9303 9302
f 9287 9288 9304 9303
f 9288 9289 9305 9304
f 9289 9290 9306 9305
f 9290 9291 9307 9306
f 9291 9292 9308 9307
f 9292 9293 9309 9308
f 9293 9294 9310 9309
f 9294 9295 9311 9310
f 9295 9296 9312 9311
f 9296 9281 9297 9312
f 9297 9298 9314 9313
f 9298 9299 9315 9314
f 9299 9300 9316 9315
f 9300 9301 9317 9316
f 9301 9302 9318 9317
f 9302 9303 9319 9318
f 9303 9304 9320 9319
f 9304 9305 9321 9320
f 9305 9306 9322 9321
f 9306 9307 9323 9322
f 9307 9308 9324 9323
f 9308 9309 9325 9324
f 9309 9310 9326 9325
f 9310 9311 9327 9326
f 9311 9312 9328 9327
f 9312 9297 9313 9328
f 9329 9330 9346 9345
f 9330 9331 9347 9346
f 9331 9332 9348 9347
f 9332 9333 9349 9348
f 9333 9334 9350 9349
f 9334 9335 9351 9350
f 9335 9336 9352 9351
f 9336 9337 9353 9352
f 9337 9338 9354 9353
f 9338 9339 9355 9354
f 9339 9340 9356 9355
f 9340 9341 9357 9356
f 9341 9342 9358 9357
f 9342 9343 9359 9358
f 9343 9344 9360 9359
f 9344 9329 9345 9360
f 9345 9346 9362 9361
f 9346 9347 9363 9362
f 9347 9348 9364 9363
f 9348 9349 9365 9364
f 9349 9350 9366 9365
f 9350 9351 9367 9366
f 9351 9352 9368 9367
f 9352 9353 9369 9368
f 9353 9354 9370 9369
f 9354 9355 9371 9370
f 9355 9356 9372 9371
f 9356 9357 9373 9372
f 9357 9358 9374 9373
f 9358 9359 9375 9374
f 9359 9360 9376 9375
f 9360 9345 9361 9376
f 9361 9362 9378 9377
f 9362 9363 9379 9378
f 9363 9364 9380 9379
f 9364 9365 9381 9380
f 9365 9366 9382 9381
f 9366 9367 9383 9382
f 9367 9368 9384 9383
f 9368 9369 9385 9384
f 9369 9370 9386 9385
f 9370 9371 9387 9386
f 9371 9372 9388 9387
f 9372 9373 9389 9388
f 9373 9374 9390 9389
f 9374 9375 9391 9390
f 9375 9376 9392 9391
f 9376 9361 9377 9392
f 9377 9378 9394 9393
f 9378 9379 9395 9394
f 9379 9380 9396 9395
f 9380 9381 9397 9396
f 9381 9382 9398 9397
f 9382 9383 9399 9398
f 9383 9384 9400 9399
f 9384 9385 9401 9400
f 9385 9386 9402 9401
f 9386 9387 9403 9402
f 9387 9388 9404 9403
f 9388 9389 9405 9404
f 9389 9390 9406 9405
f 9390 9391 9407 9406
f 9391 9392 9408 9407
f 9392 9377 9393 9408
f 9393 9394 9410 9409
f 9394 9395 9411 9410
f 9395 9396 9412 9411
f 9396 9397 9413 9412
f 9397 9398 9414 9413
f 9398 9399 9415 9414
f 9399 9400 9416 9415
f 9400 9401 9417 9416
f 9401 9402 9418 9417
f 9402 9403 9419 9418
f 9403 9404 9420 9419
f 9404 9405 9421 9420
f 9405 9406 9422 9421
f 9406 9407 9423 9422
f 9407 9408 9424 9423
f 9408 9393 9409 9424
f 9409 9410 9426 9425
f 9410 9411 9427 9426
f 9411 9412 9428 9427
f 9412 9413 9429 9428
f 9413 9414 9430 9429
f 9414 9415 9431 9430
f 9415 9416 9432 9431
f 9416 9417 9433 9432
f 9417 9418 9434 9433
f 9418 9419 9435 9434
f 9419 9420 9436 9435
f 9420 9421 9437 9436
f 9421 9422 9438 9437
f 9422 9423 9439 9438
f 9423 9424 9440 9439
f 9424 9409 9425 9440
f 9425 9426 9442 9441
f 9426 9427 9443 9442
f 9427 9428 9444 9443
f 9428 9429 9445 9444
f 9429 9430 9446 9445
f 9430 9431 9447 9446
f 9431 9432 9448 9447
f 9432 9433 9449 9448
f 9433 9434 9450 9449
f 9434 9435 9451 9450
f 9435 9436 9452 9451
f 9436 9437 9453 9452
f 9437 9438 9454 9453
f 9438 9439 9455 9454
f 9439 9440 9456 9455
f 9440 9425 9441 9456
f 9441 9442 9458 9457
f 9442 9443 9459 9458
f 9443 9444 9460 9459
f 9444 9445 9461 9460
f 9445 9446 9462 9461
f 9446 9447 9463 9462
f 9447 9448 9464 9463
f 9448 9449 9465 9464
f 9449 9450 9466 9465
f 9450 9451 9467 9466
f 9451 9452 9468 9467
f 9452 9453 9469 9468
f 9453 9454 9470 9469
f 9454 9455 9471 9470
f 9455 9456 9472 9471
f 9456 9441 9457 9472
f 9457 9458 9474 9473
f 9458 9459 9475 9474
f 9459 9460 9476 9475
f 9460 9461 9477 9476
f 9461 9462 9478 9477
f 9462 9463 9479 9478
f 9463 9464 9480 9479
f 9464 9465 9481 9480
f 9465 9466 9482 9481
f 9466 9467 9483 9482
f 9467 9468 9484 9483
f 9468 9469 9485 9484
f 9469 9470 9486 9485
f 9470 9471 9487 9486
f 9471 9472 9488 9487
f 9472 9457 9473 9488
f 9473 9474 9490 9489
f 9474 9475 9491 9490
f 9475 9476 9492 9491
f 9476 9477 9493 9492
f 9477 9478 9494 9493
f 9478 9479 9495 9494
f 9479 9480 9496 9495
f 9480 9481 9497 9496
f 9481 9482 9498 9497
f 9482 9483 9499 9498
f 9483 9484 9500 9499
f 9484 9485 9501 9500
f 9485 9486 9502 9501
f 9486 9487 9503 9502
f 9487 9488 9504 9503
f 9488 9473 9489 9504
